0.98208,0,0.71799,0.007011,0.0048932,0,0,0,0.0016912,0,0
0.98008,0,0.71799,0.0060025,0.0058718,0,0,0,0.0016912,0,0
0.98208,0.0012937,0.71799,0.0040049,0.0078291,0.001511,0,0,0.0016912,0,0
0.98008,0,0.71799,0.0019976,0.0098019,0,0,0,0.0016912,0,0
0.97808,0.0012937,0.71799,0.0040049,0.010781,0,0,0,0.0016912,0,0
0.98008,0.0012937,0.71799,0.0040049,0.010781,0,0,0,0.0016912,0,0
0.98008,0,0.71799,0.0030061,0.0088233,0,0,0,0.0016912,0,0
0.98008,0.0012937,0.71799,0.0030061,0.0078291,0,0,0,0.0016912,0,0
0.98008,0,0.71799,0.0030061,0.0058718,0,0,0,0.0016912,0,0
0.98208,0,0.71799,0.0050037,0.0048932,0.0090478,0,0,0.0016912,0,0
0.98008,0.0012937,0.71799,0.007011,0.0039146,0.58768,0,0,0.0016912,0,0
0.98208,0,0.71799,0.007011,0.00097864,0.49234,0,0,0.0016912,0,0
0.98208,0.0012937,0.71799,0.007011,0.00097864,0.10516,0,0,0.0016912,0,0
0.98208,0.0012937,0.71799,0.007011,0,0.10516,0,0,0.0016912,0,0
0.98407,0,0.71799,0.0080098,0.0029359,0.10516,0,0,0.0016912,0,0
0.98407,0.0012937,0.71799,0.0080098,0.0048932,0.10516,0,0,0.0016912,0,0
0.98208,0,0.72634,0.0050037,0.0058718,0.10516,0,0,0.0016912,0,0
0.98208,0.0012937,0.72216,0.0019976,0.0088233,0.10516,0,0,0.0016912,0,0
0.98008,0.0012937,0.72216,0,0.012738,0.10516,0,0,0.0016912,0,0
0.98407,0,0.71799,0.0030061,0.010781,0.10516,0,0,0.0016912,0,0
0.98208,0.0012937,0.71799,0.0030061,0.011759,0.10403,0,0,0.0017647,0,0
0.98208,0,0.71799,0.0030061,0.010781,0.10516,0,0,0.0016912,0,0
0.98208,0,0.71799,0.0030061,0.0088233,0.10403,0,0,0.0016912,0,0
0.98208,0.0012937,0.72216,0.0019976,0.0068505,0.10403,0,0,0.0016912,0,0
0.98008,0,0.71799,0.0040049,0.0058718,0.10403,0,0,0.0016912,0,0
0.98208,0.0012937,0.71799,0.0060025,0.0039146,0.10403,0,0,0.0016912,0,0
0.98208,0,0.71799,0.0080098,0.00097864,0.10403,0,0,0.0016912,0,0
0.98008,0,0.71799,0.007011,0.00097864,0.10403,0,0,0.0016912,0,0
0.97808,0.0012937,0.72216,0.0060025,0,0.10403,0,0,0.0016912,0,0
0.98208,0.0012937,0.71799,0.007011,0.00097864,0.10403,0,0,0.0016912,0,0
0.98008,0,0.71799,0.007011,0.0039146,0.10253,0,0,0.0016912,0,0
0.98008,0.0012937,0.72216,0.007011,0.0048932,0.10403,0,0,0.0016912,0,0
0.98008,0,0.71799,0.0060025,0.0058718,0.10253,0,0,0.0016912,0,0
0.98208,0,0.71799,0.0040049,0.0078291,0.10253,0,0,0.0016912,0,0
0.98208,0.0012937,0.71799,0.0019976,0.010781,0.10403,0,0,0.0016912,0,0
0.98208,0,0.71799,0.0040049,0.010781,0.10253,0,0,0.0016912,0,0
0.98008,0.0012937,0.72216,0.0040049,0.011759,0.10403,0,0,0.0016912,0,0
0.97808,0,0.72216,0.0030061,0.0098019,0.10403,0,0,0.0016912,0,0
0.98208,0,0.72216,0.0030061,0.0078291,0.10253,0,0,0.0016912,0,0
0.98008,0.0012937,0.71799,0.0040049,0.0058718,0.10253,0,0,0.0016912,0,0
0.98208,0,0.71799,0.0050037,0.0048932,0.10403,0,0,0.0016912,0,0
0.98008,0.0012937,0.72216,0.007011,0.0039146,0.10253,0,0,0.0016912,0,0
0.97808,0,0.71799,0.0080098,0.00097864,0.10253,0,0,0.0017647,0,0
0.98208,0.0012937,0.72216,0.007011,0.00097864,0.10403,0,0,0.0016912,0,0
0.98208,0.0012937,0.71799,0.007011,0.00097864,0.10253,0,0,0.0016912,0,0
0.98208,0,0.72216,0.0080098,0.0029359,0.10403,0,0,0.0016912,0,0
0.98407,0.0012937,0.71799,0.0080098,0.0039146,0.10403,0,0,0.0016912,0,0
0.98407,0,0.72216,0.007011,0.0048932,0.10403,0,0,0.0016912,0,0
0.98008,0,0.71799,0.0050037,0.0068505,0.10253,0,0,0.0016912,0,0
0.98208,0.0012937,0.71799,0.0030061,0.0098019,0.10403,0,0,0.0016912,0,0
0.98208,0,0.71799,0.0030061,0.010781,0.10403,0,0,0.0016912,0,0
0.98208,0.0012937,0.71799,0.0030061,0.011759,0.10403,0,0,0.0016912,0,0
0.98208,0,0.72216,0.0040049,0.010781,0.10403,0,0,0.0016912,0,0
0.98208,0,0.71799,0.0030061,0.0088233,0.10403,0,0,0.0016912,0,0
0.98008,0.0012937,0.71799,0.0030061,0.0068505,0.10403,0,0,0.0016912,0,0
0.98008,0,0.71799,0.0040049,0.0048932,0.10253,0,0,0.0016912,0,0
0.98008,0,0.71799,0.0060025,0.0039146,0.10253,0,0,0.0016912,0,0
0.98208,0.0012937,0.71799,0.0080098,0.00097864,0.10253,0,0,0.0016912,0,0
0.98208,0,0.71799,0.0080098,0.00097864,0.10253,0,0,0.0016912,0,0
0.98208,0.0012937,0.72216,0.007011,0,0.10403,0,0,0.0016912,0,0
0.98208,0.0012937,0.71799,0.007011,0,0.10403,0,0,0.0016912,0,0
0.98008,0.0012937,0.71799,0.0080098,0.0029359,0.10403,0,0,0.0016912,0,0
0.98208,0.0012937,0.71799,0.007011,0.0048932,0.10253,0,0,0.0016912,0,0
0.98008,0,0.71799,0.0060025,0.0058718,0.10403,0,0,0.0016912,0,0
0.98208,0.0012937,0.71799,0.0040049,0.0078291,0.10403,0,0,0.0017647,0,0
0.97808,0.0012937,0.71799,0.0019976,0.010781,0.10403,0,0,0.0017647,0,0
0.98208,0,0.71799,0.0040049,0.010781,0.10403,0,0,0.0017647,0,0
0.98208,0.0012937,0.71799,0.0040049,0.010781,0.10403,0,0,0.0016912,0,0
0.98008,0,0.71799,0.0030061,0.0098019,0.10403,0,0,0.0017647,0,0
0.98407,0.0012937,0.71799,0.0030061,0.0068505,0.10253,0,0,0.0017647,0,0
0.98407,0,0.71799,0.0030061,0.0058718,0.10403,0,0,0.0017647,0,0
0.97808,0.0012937,0.71799,0.0050037,0.0048932,0.10253,0,0,0.0016912,0,0
0.98208,0.0012937,0.71799,0.0080098,0.0039146,0.10253,0,0,0.0017647,0,0
0.98208,0,0.71799,0.0080098,0.00097864,0.10403,0,0,0.0017647,0,0
0.98008,0.0012937,0.71799,0.007011,0.00097864,0.10403,0,0,0.0016912,0,0
0.98008,0.0012937,0.71799,0.007011,0.00097864,0.10403,0,0,0.0016912,0,0
0.98208,0,0.71799,0.007011,0.0019573,0.10403,0,0,0.0016912,0,0
0.98008,0.0012937,0.71799,0.0080098,0.0039146,0.10253,0,0,0.0016912,0,0
0.98407,0,0.71799,0.0050037,0.0058718,0.10253,0,0,0.0017647,0,0
0.98008,0.0012937,0.71799,0.0050037,0.0058718,0.10403,0,0,0.0017647,0,0
0.98008,0.0012937,0.71799,0.0050037,0.0058718,0.10403,0,0,0.0017647,0,0
0.98008,0,0.71799,0.0050037,0.0058718,0.10403,0,0,0.0017647,0,0
0.98208,0,0.71799,0.0050037,0.0058718,0.10403,0,0,0.0017647,0,0
0.98008,0,0.71799,0.0050037,0.0058718,0.10403,0,0,0.0017647,0,0
0.97808,0,0.71799,0.0050037,0.0058718,0.10253,0,0,0.0017647,0,0
0.98208,0.0012937,0.71799,0.0060025,0.0058718,0.10253,0,0,0.0017647,0,0
0.98008,0.0012937,0.72634,0.0040049,0.0048932,0.10403,0,0,0.0016912,0,0
0.98008,0.0012937,0.72216,0.0040049,0.0048932,0.10253,0,0,0.0017647,0,0
0.98208,0,0.72216,0.0050037,0.0058718,0.10253,0,0,0.0016912,0,0
0.98208,0,0.72216,0.0040049,0.0048932,0.10253,0,0,0.0016912,0,0
0.98008,0,0.71799,0.0050037,0.0058718,0.10253,0,0,0.0016912,0,0
0.98208,0,0.71799,0.0050037,0.0058718,0.10253,0,0,0.0016912,0,0
0.98208,0,0.71799,0.0050037,0.0058718,0.10103,0,0,0.0017647,0,0
0.98008,0.0012937,0.71799,0.0050037,0.0058718,0.10253,0,0,0.0017647,0,0
0.98008,0,0.71799,0.0050037,0.0058718,0.10253,0,0,0.0016912,0,0
0.98208,0,0.71799,0.0050037,0.0039146,0.10253,0.031634,0,0.0017647,0,0
0.98208,0.0012937,0.71799,0.0050037,0.0058718,0.10253,0.046379,0,0.0017647,0,0
0.98208,0,0.71799,0.0040049,0.0019573,0.10253,0.05869,0,0.0017647,0,0
0.97808,0.0012937,0.71799,0.0050037,0.0058718,0.10253,0.070165,0,0.0016912,0,0
0.98208,0.0012937,0.71799,0.0060025,0.0019573,0.10253,0.080344,0,0.0016912,0,0
0.98208,0.0012937,0.71381,0.0050037,0.0048932,0.10253,0.088286,0,0.0017647,0,0
0.98407,0.0012937,0.71799,0.0040049,0.0029359,0.10253,0.09813,0,0.0017647,0,0
0.98208,0.0012937,0.71799,0.0040049,0.0078291,0.10253,0.10776,0,0.0017647,0,0
0.98008,0.0025873,0.71381,0.0050037,0.0088233,0.10253,0.11635,0,0.0016912,0,0
0.98008,0.0012937,0.71381,0.0050037,0.0058718,0.10253,0.12487,0,0.0017647,0,0
0.98208,0.0025873,0.71381,0.0050037,0.0088233,0.10403,0.13217,0,0.0016912,0,0
0.98008,0.0025873,0.71381,0.0040049,0.0048932,0.10403,0.13901,0,0.0016912,0,0
0.98208,0.027167,0.71381,0.0040049,0.0048932,0.10253,0.14947,0,0.0017647,0,0
0.98008,0.064683,0.71381,0.0040049,0.0058718,0.10403,0.16077,0,0.0016912,0,0
0.98208,0.10737,0.71381,0.0050037,0.0039146,0.10253,0.17319,0,0.0017647,0,0
0.98407,0.15136,0.70964,0.0040049,0.0029359,0.10253,0.18448,0,0.0016912,0,0
0.98008,0.19922,0.70547,0.0040049,0.0048932,0.10253,0.19714,0,0.0016912,0,0
0.98407,0.25097,0.70547,0.0040049,0.0029359,0.10253,0.2082,0,0.0016912,0,0
0.97808,0.29754,0.70547,0.0040049,0.0048932,0.10253,0.21936,0,0.0016912,0,0
0.97808,0.33894,0.70129,0.0040049,0.0068505,0.10403,0.23204,0.029616,0.0016912,0,0
0.98008,0.37128,0.70129,0.0040049,0.0068505,0.10403,0.24244,0.037245,0.0016912,0,0
0.98208,0.40103,0.69712,0.0050037,0.0058718,0.10253,0.25369,0.044339,0.0016912,0,0
0.98008,0.43208,0.69712,0.0040049,0.0068505,0.10253,0.26504,0.051277,0.0016912,0,0
0.98208,0.46054,0.69295,0.0040049,0.0039146,0.10403,0.27729,0.058854,0.0017647,0,0
0.98208,0.489,0.69295,0.0050037,0.0058718,0.10403,0.28875,0.065697,0.0016912,0,0
0.98008,0.51488,0.69295,0.0040049,0.0048932,0.10403,0.29918,0.072079,0.0016912,0,0
0.98407,0.54204,0.68877,0.0040049,0.0058718,0.10403,0.31251,0.079132,0.0016912,0,0
0.98008,0.56662,0.68877,0.0040049,0.0048932,0.10403,0.32409,0.086122,0.0016912,0,0
0.98008,0.5912,0.68877,0.0040049,0.0039146,0.10741,0.3363,0.092116,0.0016912,0,0
0.98008,0.61578,0.6846,0.0040049,0.0039146,0.10741,0.34974,0.098823,0.0016912,0,0
0.98407,0.63777,0.6846,0.0040049,0.0039146,0.10741,0.36133,0.10556,0.0016912,0,0
0.98407,0.65977,0.6846,0.0050037,0.0039146,0.10516,0.37456,0.1119,0.0016912,0,0
0.98605,0.68047,0.6846,0.0040049,0.0058718,0.10516,0.38728,0.11817,0.0016912,0,0
0.98407,0.69858,0.68877,0.0050037,0.014695,0.10516,0.39918,0.12571,0.0017647,0,0
0.98605,0.71539,0.68043,0.0050037,0.017647,0.10516,0.41326,0.13225,0.0016912,0,0
0.98407,0.72962,0.68877,0.0040049,0.023518,0.10516,0.4254,0.13933,0.0017647,0,0
0.98605,0.74256,0.68043,0.0050037,0.024497,0.10516,0.43738,0.14519,0.0016912,0,0
0.98407,0.7542,0.6846,0.0050037,0.02254,0.10516,0.4505,0.15194,0.0017647,0,0
0.98804,0.76455,0.6846,0.0040049,0.027449,0.10629,0.4629,0.1585,0.0016912,0,0
0.98208,0.77361,0.6846,0.0040049,0.03332,0.10629,0.47467,0.16498,0.0017647,0,0
0.98804,0.78266,0.68043,0.0050037,0.027449,0.10516,0.4872,0.17106,0.0016912,0,0
0.98804,0.79043,0.6846,0.0050037,0.028427,0.10516,0.4992,0.17723,0.0016912,0,0
0.98804,0.79819,0.6846,0.0040049,0.045095,0.10516,0.509,0.1836,0.0016912,0,0
0.98804,0.80724,0.6846,0.0050037,0.034299,0.10516,0.51724,0.1898,0.0016912,0,0
0.98407,0.81501,0.6846,0.0040049,0.039208,0.10629,0.5234,0.19462,0.0016912,0,0
0.98407,0.82147,0.68043,0.0040049,0.042144,0.10629,0.52947,0.19909,0.0016912,0,0
0.98605,0.82794,0.6846,0.0050037,0.038229,0.10629,0.53639,0.20312,0.0016912,0,0
0.98407,0.83312,0.6846,0.0060025,0.062742,0.10629,0.54335,0.20797,0.0016912,0,0
0.98804,0.83829,0.68877,0.0060025,0.05979,0.10629,0.55164,0.21345,0.0016912,0,0
0.98605,0.84217,0.6846,0.0060025,0.05979,0.10629,0.55859,0.21756,0.0016912,0,0
0.98804,0.84347,0.6846,0.0060025,0.077437,0.10629,0.56544,0.22149,0.0016912,0,0
0.98407,0.83829,0.6846,0.0060025,0.091169,0.10516,0.5715,0.22658,0.0016912,0,0
0.98407,0.83829,0.6846,0.0060025,0.10686,0.10516,0.57934,0.23368,0.0016912,0,0
0.98605,0.83959,0.6846,0.0050037,0.10686,0.10516,0.58753,0.2405,0.0016912,0,0
0.98605,0.83959,0.68043,0.007011,0.10686,0.10516,0.59667,0.24588,0.0016912,0,0
0.98605,0.83959,0.68043,0.007011,0.10979,0.10516,0.60623,0.25212,0.0016912,0,0
0.98407,0.83829,0.68043,0.007011,0.14607,0.10629,0.61704,0.26156,0.0017647,0,0
0.98605,0.83571,0.68043,0.007011,0.14607,0.10516,0.62853,0.27166,0.0016912,0,0
0.98605,0.83312,0.68043,0.007011,0.14607,0.10403,0.63924,0.27956,0.0016912,0,0
0.98804,0.82665,0.6846,0.0080098,0.17647,0.10403,0.64961,0.28976,0.0017647,0,0
0.98605,0.82018,0.68043,0.0080098,0.1696,0.10516,0.65978,0.29955,0.0017647,0,0
0.98407,0.81501,0.68043,0.0080098,0.17254,0.10516,0.6686,0.3055,0.0017647,0,0
0.98605,0.80595,0.67625,0.0080098,0.19116,0.10629,0.67709,0.31495,0.0017647,0,0
0.98407,0.80078,0.68043,0.0080098,0.18431,0.10516,0.68501,0.32182,0.0016912,0,0
0.98407,0.79172,0.68043,0.0080098,0.21695,0.10516,0.69195,0.32999,0.0016912,0,0
0.98605,0.78525,0.67625,0.0090086,0.21589,0.10516,0.69802,0.33696,0.0017647,0,0
0.98804,0.77749,0.67625,0.0090086,0.21483,0.10516,0.70319,0.34151,0.0016912,0,0
0.98407,0.77232,0.67625,0.0090086,0.23593,0.10516,0.70723,0.34487,0.0016912,0,0
0.98804,0.76326,0.67625,0.0090086,0.24544,0.10629,0.71028,0.35186,0.0016912,0,0
0.98804,0.7542,0.67625,0.0090086,0.24649,0.10629,0.71274,0.35576,0.0016912,0,0
0.98605,0.74903,0.67208,0.0090086,0.24649,0.10516,0.71418,0.3579,0.0016912,0,0
0.98605,0.74256,0.68043,0.0090086,0.24544,0.10629,0.71521,0.35876,0.0016912,0,0
0.98605,0.73739,0.67625,0.0090086,0.24649,0.10629,0.71605,0.35916,0.0016912,0,0
0.98605,0.73351,0.67208,0.0090086,0.24649,0.10629,0.71605,0.35911,0.0016912,0,0
0.98605,0.72962,0.67625,0.0090086,0.24544,0.10629,0.71646,0.35911,0.0016912,0,0
0.98804,0.72574,0.67208,0.010007,0.24649,0.10629,0.71646,0.35904,0.0016912,0,0
0.98804,0.72316,0.67625,0.0080098,0.24544,0.10629,0.71646,0.35899,0.0016912,0,0
0.98804,0.72186,0.67625,0.0090086,0.24544,0.10629,0.71646,0.35881,0.0016912,0,0
0.98407,0.71928,0.67208,0.0090086,0.24649,0.10629,0.71646,0.35881,0.0016912,0,0
0.98605,0.71798,0.67208,0.010007,0.24649,0.10629,0.71687,0.35888,0.0016912,0,0
0.98804,0.71539,0.67208,0.0090086,0.24649,0.10629,0.71687,0.35888,0.0016912,0,0
0.98605,0.7141,0.67208,0.010007,0.24544,0.10629,0.71687,0.35888,0.0016912,0,0
0.98605,0.71281,0.67625,0.0090086,0.24544,0.10629,0.71708,0.35888,0.0016912,0,0
0.98605,0.71281,0.67625,0.0090086,0.24544,0.10629,0.71667,0.35865,0.0016912,0,0
0.98605,0.71022,0.67208,0.010007,0.24544,0.10629,0.71708,0.35859,0.0016912,0,0
0.98605,0.70893,0.67625,0.010007,0.24649,0.10629,0.71729,0.35865,0.0016912,0,0
0.98407,0.70893,0.67625,0.010007,0.24544,0.10629,0.71708,0.35841,0.0016912,0,0
0.98605,0.70893,0.68043,0.0080098,0.24332,0.10629,0.71708,0.35848,0.0016912,0,0
0.98804,0.70893,0.68043,0.0080098,0.24438,0.10629,0.71708,0.35859,0.0016912,0,0
0.99004,0.70763,0.67625,0.010007,0.24649,0.10629,0.7175,0.3587,0.0016912,0,0
0.98605,0.70634,0.67208,0.010007,0.24649,0.10741,0.71771,0.35865,0.0016912,0,0
0.99004,0.70505,0.67208,0.010007,0.24649,0.10629,0.71771,0.3587,0.0016912,0,0
0.98804,0.70505,0.67208,0.010007,0.24649,0.10629,0.71771,0.35876,0.0016912,0,0
0.98804,0.70505,0.67208,0.010007,0.24649,0.10629,0.7175,0.35859,0.0016912,0,0
0.99004,0.70505,0.67208,0.010007,0.24649,0.10629,0.71771,0.35865,0.0016912,0,0
0.98804,0.70505,0.67625,0.0090086,0.24544,0.10629,0.71771,0.35876,0.0016912,0,0
0.98804,0.70505,0.67208,0.0090086,0.24649,0.10741,0.71771,0.35876,0.0016912,0,0
0.98605,0.70505,0.67208,0.010007,0.24649,0.10741,0.71792,0.35888,0.0016912,0,0
0.98605,0.70375,0.67208,0.010007,0.24544,0.10629,0.7175,0.3587,0.0016912,0,0
0.98804,0.70505,0.67625,0.0080098,0.24544,0.10741,0.71521,0.35853,0.0016912,0,0
0.98605,0.70634,0.67208,0.0090086,0.24649,0.10741,0.71542,0.35865,0.0016912,0,0
0.98605,0.70763,0.67625,0.0080098,0.24438,0.10629,0.71687,0.35899,0.0016912,0,0
0.98804,0.70634,0.67208,0.010007,0.24649,0.10629,0.71771,0.35911,0.0016912,0,0
0.98605,0.70505,0.67625,0.0080098,0.24544,0.10629,0.71771,0.35899,0.0016912,0,0
0.98804,0.70505,0.6679,0.010007,0.24649,0.10629,0.71729,0.35899,0.0016912,0,0
0.99004,0.70505,0.6679,0.010007,0.24649,0.10629,0.7175,0.35893,0.0016912,0,0
0.98605,0.70505,0.67208,0.0080098,0.24438,0.10629,0.71625,0.35893,0.0016912,0,0
0.98605,0.70634,0.6679,0.0090086,0.24649,0.10741,0.71625,0.35888,0.0016912,0,0
0.98605,0.70763,0.67208,0.010007,0.24544,0.10629,0.71542,0.35893,0.0016912,0,0
0.98605,0.71022,0.67208,0.010007,0.24649,0.10741,0.71563,0.35922,0.0016912,0,0
0.98407,0.70893,0.67208,0.0090086,0.24649,0.10741,0.71521,0.35916,0.0016912,0,0
0.98605,0.71151,0.67208,0.010007,0.24649,0.10741,0.71584,0.35927,0.0016912,0,0
0.98605,0.71151,0.67208,0.0090086,0.24649,0.10741,0.71729,0.35944,0.0016912,0,0
0.98605,0.71022,0.67625,0.0080098,0.24544,0.10741,0.71563,0.35922,0.0016912,0,0
0.98605,0.71151,0.67625,0.0080098,0.24544,0.10741,0.71521,0.35911,0.0016912,0,0
0.98605,0.71151,0.67208,0.0090086,0.24544,0.10741,0.71708,0.3595,0.0016912,0,0
0.98605,0.71022,0.67208,0.0090086,0.24544,0.10741,0.7175,0.3595,0.0016912,0,0
0.98804,0.70893,0.68043,0.007011,0.24332,0.10741,0.71729,0.35916,0.0016912,0,0
0.98804,0.70763,0.67208,0.0090086,0.24649,0.10629,0.7175,0.35904,0.0016912,0,0
0.98407,0.70763,0.67208,0.010007,0.24649,0.10629,0.71771,0.35881,0.0016912,0,0
0.98605,0.70634,0.67625,0.0090086,0.24544,0.10741,0.71792,0.35876,0.0016912,0,0
0.98804,0.70634,0.67208,0.010007,0.24544,0.10741,0.71792,0.35865,0.0016912,0,0
0.99004,0.70634,0.67208,0.010007,0.24544,0.10741,0.7175,0.3587,0.0016912,0,0
0.98804,0.70505,0.67208,0.010007,0.24649,0.10741,0.71667,0.3578,0.0016912,0,0
0.98804,0.70505,0.67208,0.0090086,0.24544,0.10741,0.71521,0.35683,0.0016912,0,0
0.98605,0.70634,0.67625,0.0080098,0.24438,0.10741,0.71625,0.35757,0.0016912,0,0
0.99204,0.70763,0.6679,0.010007,0.24649,0.10741,0.7175,0.35825,0.0016912,0,0
0.99004,0.70634,0.67208,0.0090086,0.24544,0.10741,0.71771,0.3587,0.0016912,0,0
0.99004,0.70634,0.67208,0.0090086,0.24649,0.10741,0.71771,0.35876,0.0016912,0,0
0.98804,0.70634,0.67208,0.010007,0.24544,0.10741,0.71771,0.35876,0.0016912,0,0
0.99004,0.70634,0.67208,0.0090086,0.24544,0.10741,0.71792,0.35888,0.0016912,0,0
0.98605,0.70634,0.67625,0.0090086,0.24544,0.10741,0.71792,0.35899,0.0016912,0,0
0.98804,0.70634,0.67208,0.0090086,0.24649,0.10741,0.71813,0.35881,0.0016912,0,0
0.98407,0.70634,0.67208,0.010007,0.24649,0.16256,0.71813,0.35911,0.0016912,0,0
0.98804,0.7141,0.67625,0.0090086,0.24438,0.22559,0.72486,0.36479,0.0016912,0,0
0.98804,0.71669,0.67625,0.0080098,0.27497,0.22671,0.73214,0.37471,0.0016912,0,0
0.98605,0.72057,0.67208,0.010007,0.28447,0.22671,0.74045,0.3856,0.0016912,0,0
0.98804,0.72057,0.67625,0.0090086,0.3024,0.22671,0.7494,0.40121,0.0016912,0,0
0.98605,0.72574,0.67208,0.010007,0.33195,0.26949,0.76296,0.42363,0.0016912,0,0
0.98605,0.73351,0.67208,0.011016,0.37942,0.31226,0.78261,0.46211,0.0016912,0,0
0.98605,0.74515,0.67625,0.011016,0.4228,0.33701,0.80634,0.50665,0.0016912,0,0
0.77193,0.7542,0.6679,0.013013,0.50877,0.33927,0.83592,0.58549,0.0016912,0,0
0.22253,0.76973,0.66373,0.015021,0.57047,0.34039,0.86821,0.67821,0.0016912,0,0
0.0084314,0.80336,0.65956,0.017018,0.64483,0.35278,0.89881,0.73362,0.0016912,0,0
0.010109,0.81759,0.65956,0.035045,0.69403,0.37528,0.91572,0.77185,0.0016912,0,0
0.011787,0.82277,0.65121,0.093131,0.68716,0.37866,0.91771,0.7823,0.0016912,0,0
0.010109,0.82018,0.65956,0.073106,0.68144,0.35502,0.9144,0.77491,0.0016912,0,0
0.010109,0.81759,0.65956,0.03906,0.65513,0.35278,0.90947,0.76694,0.0016912,0,0
0.010109,0.8163,0.65956,0.018027,0.65398,0.34489,0.90492,0.75801,0.0016912,0,0
0.0084314,0.8163,0.65538,0.018027,0.65628,0.34602,0.90234,0.75328,0.0016912,0,0
0.011787,0.82018,0.65538,0.018027,0.65741,0.34602,0.90266,0.75395,0.0016912,0,0
0.011787,0.82536,0.65538,0.019026,0.65741,0.34602,0.90363,0.7553,0.0016912,0,0
0.0084314,0.82665,0.65956,0.019026,0.65741,0.34602,0.9046,0.7562,0.0016912,0,0
0.011787,0.83053,0.6679,0.018027,0.65741,0.34602,0.90492,0.75642,0.0016912,0,0
0.011787,0.83053,0.66373,0.018027,0.65741,0.34602,0.9046,0.75552,0.0016912,0,0
0.0084314,0.83053,0.65538,0.019026,0.65856,0.34602,0.90427,0.75485,0.0016912,0,0
0.0084314,0.83312,0.65538,0.018027,0.65741,0.34152,0.90395,0.75418,0.0016912,0,0
0.010109,0.82924,0.65956,0.018027,0.65856,0.34376,0.90041,0.74771,0.0016912,0,0
0.010109,0.83053,0.65538,0.019026,0.64598,0.34376,0.89977,0.74617,0.0016912,0,0
0.010109,0.83182,0.65121,0.018027,0.65513,0.33927,0.89946,0.74485,0.0016912,0,0
0.0084314,0.83053,0.65538,0.018027,0.63683,0.33927,0.89881,0.7431,0.0017647,0,0
0.0067324,0.83312,0.65956,0.019026,0.65285,0.34039,0.89946,0.74442,0.0016912,0,0
0.010109,0.83441,0.65121,0.018027,0.64483,0.34039,0.89946,0.74376,0.0016912,0,0
0.0084314,0.83441,0.65538,0.019026,0.6437,0.34039,0.89913,0.74376,0.0016912,0,0
0.010109,0.83441,0.65956,0.017018,0.65056,0.34039,0.89977,0.74442,0.0016912,0,0
0.0067324,0.83571,0.65956,0.017018,0.63797,0.34039,0.89946,0.7442,0.0016912,0,0
0.0084314,0.83829,0.65538,0.018027,0.65741,0.34039,0.89977,0.74442,0.0016912,0,0
0.0084314,0.837,0.65538,0.018027,0.64026,0.34039,0.90009,0.74442,0.0016912,0,0
0.0067324,0.837,0.65956,0.017018,0.65513,0.34039,0.90009,0.74485,0.0016912,0,0
0.0067324,0.83829,0.65956,0.017018,0.6414,0.34039,0.90009,0.74376,0.0016912,0,0
0.0067324,0.83959,0.65538,0.018027,0.63911,0.34039,0.89977,0.7442,0.0016912,0,0
0.0067324,0.83829,0.65538,0.018027,0.65971,0.34039,0.89946,0.7431,0.0016912,0,0
0.0084314,0.83959,0.65121,0.018027,0.64255,0.34039,0.89946,0.74267,0.0016912,0,0
0.0084314,0.83829,0.65538,0.017018,0.64026,0.34039,0.89913,0.74267,0.0016912,0,0
0.0084314,0.83959,0.65538,0.018027,0.6414,0.34039,0.89977,0.74354,0.0016912,0,0
0.0050546,0.84217,0.65956,0.018027,0.662,0.34152,0.90041,0.7442,0.0016912,0,0
0.0067324,0.84605,0.65538,0.018027,0.65056,0.34039,0.90298,0.7486,0.0016912,0,0
0.0067324,0.85252,0.65538,0.017018,0.67115,0.34152,0.90947,0.76051,0.0016912,0,0
0.0084314,0.83053,0.65538,0.018027,0.62653,0.34039,0.89246,0.72959,0.0016912,0,0
0.0050546,0.83829,0.65538,0.018027,0.6414,0.34152,0.89468,0.73469,0.0016912,0,0
0.0050546,0.84217,0.65538,0.018027,0.65285,0.34152,0.89881,0.74223,0.0016912,0,0
0.0050546,0.84347,0.65956,0.017018,0.64598,0.34152,0.90073,0.7442,0.0016912,0,0
0.0050546,0.84347,0.65956,0.017018,0.63911,0.34152,0.90073,0.74354,0.0016912,0,0
0.0067324,0.84217,0.65538,0.018027,0.6437,0.34039,0.90009,0.74223,0.0016912,0,0
0.0050546,0.84217,0.65538,0.019026,0.64941,0.34152,0.89977,0.74158,0.0016912,0,0
0.0050546,0.84217,0.65538,0.019026,0.64026,0.34152,0.89946,0.74136,0.0016912,0,0
0.0016778,0.84217,0.65956,0.018027,0.64713,0.34039,0.89913,0.74245,0.0016912,0,0
0.0084314,0.84217,0.65538,0.018027,0.64483,0.34152,0.89977,0.74158,0.0016912,0,0
0.0050546,0.84217,0.65538,0.018027,0.64255,0.34152,0.89977,0.74201,0.0016912,0,0
0.0067324,0.84217,0.65538,0.017018,0.64941,0.34152,0.89946,0.74114,0.0016912,0,0
0.0050546,0.84088,0.65538,0.018027,0.6437,0.34152,0.89946,0.74201,0.0016912,0,0
0.0033768,0.84217,0.65121,0.018027,0.65741,0.34039,0.89946,0.74158,0.0016912,0,0
0.0050546,0.84217,0.65956,0.017018,0.65628,0.34152,0.89946,0.74114,0.0016912,0,0
0.0050546,0.84217,0.65538,0.018027,0.6437,0.34265,0.89946,0.74136,0.0016912,0,0
0.0050546,0.84217,0.65956,0.017018,0.65285,0.34152,0.89946,0.74136,0.0016912,0,0
0.0050546,0.84217,0.65121,0.018027,0.65513,0.34152,0.89946,0.74093,0.0016912,0,0
0.0033768,0.84088,0.65121,0.018027,0.6437,0.34152,0.89913,0.74006,0.0016912,0,0
0.0067324,0.84217,0.65538,0.018027,0.64826,0.34265,0.89913,0.74028,0.0016912,0,0
0.0033768,0.84088,0.65538,0.018027,0.65285,0.34152,0.89913,0.74006,0.0016912,0,0
0.0033768,0.84217,0.65538,0.018027,0.6437,0.34152,0.89849,0.73963,0.0016912,0,0
0.0050546,0.84088,0.65538,0.017018,0.6517,0.34152,0.89881,0.73984,0.0016912,0,0
0.0016778,0.84217,0.65956,0.018027,0.64483,0.34152,0.89946,0.74093,0.0016912,0,0
0.0033768,0.84347,0.65538,0.017018,0.64713,0.34152,0.90105,0.74398,0.0016912,0,0
0.0016778,0.83959,0.65538,0.018027,0.66085,0.34152,0.89946,0.74071,0.0016912,0,0
0.0033768,0.83959,0.65538,0.018027,0.64941,0.34152,0.89849,0.73854,0.0016912,0,0
0.0050546,0.84088,0.65538,0.018027,0.64713,0.34152,0.89913,0.74049,0.0016912,0,0
0.0033768,0.83571,0.65121,0.018027,0.64483,0.34152,0.89594,0.7349,0.0016912,0,0
0.0016778,0.83571,0.65538,0.018027,0.63225,0.34152,0.89436,0.73298,0.0016912,0,0
0.0016778,0.84217,0.65956,0.01602,0.64598,0.34152,0.89946,0.74158,0.0016912,0,0
0.0033768,0.84347,0.65538,0.018027,0.65513,0.34152,0.90169,0.74463,0.0016912,0,0
0.0050546,0.84217,0.65956,0.018027,0.65856,0.34152,0.90138,0.7442,0.0016912,0,0
0.0050546,0.84217,0.65956,0.018027,0.67573,0.34152,0.90073,0.74267,0.0016912,0,0
0.0033768,0.84217,0.66373,0.018027,0.65056,0.34265,0.89977,0.74114,0.0016912,0,0
0.0033768,0.83959,0.66373,0.018027,0.65628,0.34265,0.89977,0.74049,0.0016912,0,0
0.0016778,0.84217,0.65538,0.018027,0.6517,0.34152,0.90009,0.74136,0.0016912,0,0
0.0033768,0.84217,0.65538,0.018027,0.66085,0.34152,0.90009,0.74223,0.0016912,0,0
0.0033768,0.84217,0.65956,0.017018,0.64026,0.34152,0.89977,0.74071,0.0016912,0,0
0.0033768,0.83959,0.65538,0.018027,0.6437,0.34152,0.89913,0.73919,0.0016912,0,0
0.0033768,0.84088,0.65121,0.018027,0.6517,0.34152,0.89881,0.73941,0.0016912,0,0
0.0033768,0.84088,0.64703,0.018027,0.63797,0.34265,0.89977,0.74049,0.0016912,0,0
0.0016778,0.84217,0.64703,0.017018,0.6437,0.34265,0.90009,0.74158,0.0016912,0,0
0,0.84217,0.65121,0.018027,0.65628,0.34265,0.90009,0.7418,0.0016912,0,0
0.0050546,0.84088,0.65121,0.017018,0.64598,0.34265,0.89977,0.74049,0.0016912,0,0
0.0016778,0.84088,0.64703,0.018027,0.65285,0.34152,0.90041,0.7418,0.0016912,0,0
0,0.83959,0.64703,0.018027,0.6437,0.34152,0.90009,0.74093,0.0016912,0,0
0.0016778,0.84088,0.64703,0.019026,0.6517,0.34265,0.89977,0.74049,0.0016912,0,0
0.0033768,0.84088,0.65121,0.017018,0.64713,0.34152,0.90041,0.74158,0.0016912,0,0
0.0050546,0.84088,0.65121,0.017018,0.64483,0.34265,0.90073,0.74158,0.0016912,0,0
0.0033768,0.84864,0.64703,0.018027,0.65056,0.34265,0.90492,0.74948,0.0016912,0,0
0,0.84735,0.65121,0.018027,0.66658,0.34265,0.90719,0.75328,0.0016912,0,0
0.0016778,0.84347,0.64703,0.017018,0.67115,0.34265,0.90557,0.75059,0.0016912,0,0
0.0016778,0.84088,0.65121,0.018027,0.64713,0.34265,0.90234,0.74442,0.0016912,0,0
0.0050546,0.83959,0.65121,0.018027,0.65741,0.34152,0.90041,0.74093,0.0016912,0,0
0.0016778,0.83829,0.64703,0.018027,0.6437,0.34152,0.89913,0.73919,0.0016912,0,0
0.0016778,0.83829,0.65121,0.017018,0.64941,0.34152,0.89913,0.73898,0.0016912,0,0
0,0.83959,0.65121,0.018027,0.6414,0.34152,0.89946,0.73963,0.0016912,0,0
0.0033768,0.83959,0.64703,0.018027,0.65056,0.34265,0.89977,0.74006,0.0016912,0,0
0.0033768,0.83829,0.65121,0.017018,0.64713,0.34265,0.89946,0.74093,0.0016912,0,0
0.0033768,0.83829,0.65538,0.017018,0.64255,0.34152,0.89946,0.73963,0.0016912,0,0
0.0033768,0.83829,0.65121,0.018027,0.64941,0.34265,0.89946,0.73963,0.0016912,0,0
0.0050546,0.83829,0.65538,0.017018,0.64826,0.34265,0.89946,0.73984,0.0016912,0,0
0.0033768,0.83829,0.65121,0.018027,0.64255,0.34265,0.89946,0.73919,0.0016912,0,0
0.0033768,0.83829,0.65121,0.017018,0.64713,0.34265,0.89946,0.73941,0.0016912,0,0
0,0.83829,0.65538,0.018027,0.64941,0.34152,0.90009,0.73984,0.0016912,0,0
0.0016778,0.837,0.65121,0.018027,0.64941,0.34265,0.90009,0.74049,0.0016912,0,0
0.0016778,0.83829,0.65121,0.018027,0.64713,0.34265,0.89977,0.74006,0.0016912,0,0
0.0033768,0.83571,0.65538,0.017018,0.64483,0.34265,0.89946,0.73898,0.0016912,0,0
0.0033768,0.837,0.65538,0.018027,0.64483,0.34265,0.89946,0.73919,0.0016912,0,0
0.0016778,0.83571,0.65121,0.018027,0.64483,0.34265,0.89946,0.74093,0.0016912,0,0
0.0033768,0.83829,0.65538,0.017018,0.6437,0.34265,0.89977,0.73984,0.0016912,0,0
0.0033768,0.83571,0.65121,0.018027,0.64483,0.34265,0.89977,0.74028,0.0016912,0,0
0.0033768,0.837,0.65121,0.018027,0.64483,0.34265,0.89977,0.73984,0.0016912,0,0
0.0016778,0.83571,0.65121,0.018027,0.64483,0.34265,0.89946,0.74028,0.0016912,0,0
0.0033768,0.83571,0.65538,0.017018,0.64483,0.34152,0.89913,0.73876,0.0016912,0,0
0.0016778,0.83571,0.65121,0.018027,0.64483,0.34152,0.89946,0.73854,0.0016912,0,0
0.0033768,0.83441,0.65121,0.017018,0.64483,0.34152,0.89977,0.73941,0.0016912,0,0
0.0033768,0.83571,0.65121,0.017018,0.6437,0.34152,0.90041,0.74093,0.0016912,0,0
0,0.837,0.65121,0.017018,0.64483,0.34152,0.90073,0.74114,0.0016912,0,0
0.0033768,0.83441,0.65121,0.018027,0.64483,0.34152,0.90041,0.74114,0.0016912,0,0
0.0033768,0.83441,0.65121,0.019026,0.64598,0.34265,0.90009,0.74028,0.0016912,0,0
0.0016778,0.83441,0.65121,0.018027,0.64598,0.34265,0.89977,0.73941,0.0016912,0,0
0.0016778,0.83441,0.65121,0.017018,0.64483,0.34265,0.90009,0.74006,0.0016912,0,0
0.0016778,0.83571,0.65538,0.018027,0.6437,0.34265,0.90041,0.73963,0.0016912,0,0
0.0033768,0.83441,0.65121,0.017018,0.64483,0.34265,0.90009,0.74028,0.0016912,0,0
0.0033768,0.83441,0.64703,0.018027,0.64483,0.34265,0.89977,0.73984,0.0016912,0,0
0.0016778,0.83441,0.64703,0.018027,0.64483,0.34265,0.90009,0.74006,0.0016912,0,0
0.0016778,0.83441,0.65121,0.019026,0.64483,0.34265,0.90009,0.74006,0.0016912,0,0
0.0016778,0.83441,0.65121,0.017018,0.6437,0.34265,0.90009,0.73941,0.0016912,0,0
0.0016778,0.83441,0.65538,0.017018,0.6437,0.34265,0.90009,0.73941,0.0016912,0,0
0.0016778,0.83441,0.65538,0.018027,0.64483,0.34152,0.90041,0.74049,0.0016912,0,0
0.0050546,0.83441,0.65538,0.018027,0.64483,0.34152,0.90009,0.74006,0.0016912,0,0
0.0016778,0.83312,0.65538,0.018027,0.64483,0.34265,0.89977,0.73963,0.0016912,0,0
0.0033768,0.83441,0.65121,0.017018,0.64483,0.34152,0.90009,0.73898,0.0016912,0,0
0.0016778,0.83312,0.65538,0.017018,0.64483,0.34265,0.90009,0.73854,0.0016912,0,0
0.0016778,0.83441,0.65121,0.017018,0.64483,0.34152,0.90041,0.74049,0.0016912,0,0
0.0033768,0.83312,0.65538,0.017018,0.6437,0.34265,0.90041,0.74028,0.0016912,0,0
0.0016778,0.83441,0.65121,0.018027,0.64483,0.34265,0.90009,0.74028,0.0016912,0,0
0.0016778,0.83312,0.65121,0.017018,0.64483,0.34265,0.90009,0.73963,0.0016912,0,0
0.0016778,0.83182,0.65538,0.017018,0.64483,0.34265,0.89977,0.73919,0.0016912,0,0
0,0.83312,0.66373,0.017018,0.64598,0.34152,0.89977,0.73898,0.0016912,0,0
0.0016778,0.83312,0.66373,0.017018,0.64483,0.34265,0.90009,0.73919,0.0016176,0,0
0.0016778,0.83312,0.65956,0.017018,0.64483,0.34265,0.89977,0.73898,0.0016176,0,0
0.0016778,0.83312,0.66373,0.017018,0.64483,0.34265,0.90009,0.73898,0.0016176,0,0
0.0033768,0.83312,0.65956,0.017018,0.64483,0.34265,0.90009,0.73876,0.0016176,0,0
0,0.83312,0.65956,0.018027,0.64598,0.34265,0.89977,0.73854,0.0016176,0,0
0.0033768,0.83312,0.65538,0.018027,0.64598,0.34152,0.89977,0.73854,0.0016176,0,0
0.0016778,0.83312,0.66373,0.017018,0.64483,0.34265,0.90009,0.73876,0.0016176,0,0
0.0016778,0.83441,0.67208,0.017018,0.64483,0.34152,0.90073,0.73833,0.0016176,0,0
0.0033768,0.83312,0.67208,0.017018,0.64483,0.34265,0.90009,0.73747,0.0016176,0,0
0.0033768,0.83312,0.67625,0.017018,0.64598,0.34152,0.89977,0.73682,0.0016176,0,0
0.0033768,0.83312,0.66373,0.018027,0.64598,0.34152,0.89913,0.73704,0.0016176,0,0
0.0050546,0.83182,0.65956,0.018027,0.64483,0.34152,0.90009,0.73833,0.0016176,0,0
0.0050546,0.83312,0.66373,0.018027,0.64483,0.34152,0.89977,0.73833,0.0016176,0,0
0.0016778,0.83312,0.65956,0.018027,0.64483,0.34265,0.90009,0.73876,0.0016912,0,0
0.0016778,0.83182,0.65956,0.017018,0.64483,0.34265,0.89977,0.73725,0.0016912,0,0
0.0033768,0.83182,0.66373,0.018027,0.64483,0.34265,0.89977,0.73768,0.0016912,0,0
0.0033768,0.83053,0.65956,0.017018,0.6437,0.34152,0.89946,0.73682,0.0016912,0,0
0.0016778,0.83182,0.65538,0.017018,0.64483,0.34152,0.89977,0.73725,0.0016912,0,0
0.0016778,0.83053,0.65538,0.018027,0.64598,0.34265,0.89946,0.73768,0.0016176,0,0
0,0.83312,0.65538,0.017018,0.64483,0.34152,0.89946,0.73833,0.0016912,0,0
0.0033768,0.83312,0.65538,0.017018,0.6437,0.34265,0.90009,0.73898,0.0016912,0,0
0.0016778,0.83312,0.65538,0.01602,0.6437,0.34265,0.90041,0.73854,0.0016912,0,0
0.0033768,0.83053,0.65121,0.018027,0.64483,0.34152,0.90009,0.73854,0.0016912,0,0
0.0016778,0.83053,0.64703,0.018027,0.64598,0.34265,0.89977,0.73725,0.0016912,0,0
0.0016778,0.82924,0.64703,0.018027,0.64483,0.34265,0.90009,0.73919,0.0016912,0,0
0.0033768,0.83053,0.65121,0.017018,0.6437,0.34152,0.89977,0.73833,0.0016176,0,0
0.0016778,0.82924,0.64703,0.017018,0.64483,0.34152,0.89946,0.7379,0.0016176,0,0
0.0033768,0.82924,0.64703,0.018027,0.64598,0.34265,0.89946,0.73747,0.0016176,0,0
0.0050546,0.82924,0.64703,0.017018,0.64483,0.34152,0.89977,0.73811,0.0016176,0,0
0.0016778,0.83053,0.65121,0.017018,0.6437,0.34152,0.90009,0.73963,0.0016176,0,0
0.0033768,0.82924,0.65121,0.017018,0.6437,0.34152,0.90009,0.73876,0.0016176,0,0
0.0016778,0.82924,0.64703,0.018027,0.64483,0.34152,0.90009,0.73876,0.0016176,0,0
0.0033768,0.82794,0.64703,0.017018,0.6437,0.34152,0.90009,0.73725,0.0016176,0,0
0.0016778,0.82794,0.64703,0.018027,0.64483,0.34152,0.89977,0.73833,0.0016176,0,0
0.0016778,0.82665,0.64286,0.018027,0.64483,0.34152,0.89913,0.73682,0.0016176,0,0
0.0033768,0.82794,0.64703,0.017018,0.64255,0.34265,0.90009,0.73768,0.0016176,0,0
0.0016778,0.82794,0.65121,0.018027,0.64483,0.34152,0.90009,0.73898,0.0016176,0,0
0.0033768,0.82665,0.64703,0.018027,0.64483,0.34152,0.89977,0.73704,0.0016176,0,0
0.0016778,0.82665,0.65121,0.017018,0.6437,0.34152,0.89946,0.73682,0.0016176,0,0
0.0033768,0.82665,0.64703,0.018027,0.64483,0.34152,0.89881,0.73619,0.0016176,0,0
0.0016778,0.82665,0.64286,0.018027,0.64483,0.34152,0.89946,0.73704,0.0016176,0,0
0.0033768,0.82665,0.64703,0.017018,0.6437,0.34265,0.89946,0.73576,0.0016176,0,0
0.0033768,0.82665,0.64703,0.018027,0.64483,0.34265,0.89977,0.73833,0.0016176,0,0
0.0016778,0.82665,0.64703,0.018027,0.64483,0.34152,0.89977,0.73576,0.0016176,0,0
0.0033768,0.82536,0.65121,0.017018,0.6437,0.34265,0.89913,0.73661,0.0016176,0,0
0.0016778,0.82665,0.64286,0.018027,0.64483,0.34152,0.89946,0.73576,0.0016176,0,0
0.0016778,0.82536,0.64703,0.017018,0.6437,0.34152,0.89977,0.73747,0.0016176,0,0
0.0016778,0.82665,0.65538,0.018027,0.64483,0.34152,0.90009,0.73919,0.0016176,0,0
0.0033768,0.82536,0.65121,0.018027,0.64483,0.34152,0.90009,0.73833,0.0016176,0,0
0.0033768,0.82536,0.65121,0.017018,0.64483,0.34265,0.89977,0.73661,0.0016176,0,0
0.0016778,0.82536,0.64703,0.017018,0.6437,0.34152,0.89913,0.73511,0.0016176,0,0
0.0016778,0.78396,0.65538,0.01602,0.44674,0.22671,0.87151,0.67147,0.0016176,0,0
0.0033768,0.73092,0.66373,0.014022,0.33617,0.16706,0.81685,0.53801,0.0016176,0,0
0.048889,0.71022,0.6679,0.012015,0.22223,0.10854,0.76766,0.44427,0.0016176,0,0
0.51557,0.70893,0.6679,0.011016,0.19116,0.10741,0.73868,0.39496,0.0016176,0,0
0.96814,0.7141,0.6679,0.010007,0.25282,0.10741,0.72274,0.36822,0.0016176,0,0
0.97611,0.72445,0.6679,0.010007,0.24438,0.10629,0.71687,0.35997,0.0016176,0,0
0.97808,0.73609,0.67208,0.010007,0.24544,0.10516,0.71917,0.36025,0.0016176,0,0
0.97808,0.74127,0.67208,0.0090086,0.24649,0.10516,0.72064,0.36065,0.0016176,0,0
0.98208,0.74256,0.67208,0.0090086,0.24544,0.10516,0.72105,0.36163,0.0016176,0,0
0.97808,0.73997,0.67208,0.010007,0.24649,0.10516,0.72105,0.36158,0.0016176,0,0
0.98208,0.73868,0.67208,0.0090086,0.24544,0.10516,0.72064,0.3614,0.0016176,0,0
0.98008,0.73739,0.67208,0.010007,0.24861,0.10516,0.72022,0.36163,0.0016176,0,0
0.98008,0.7348,0.67208,0.010007,0.24755,0.10516,0.7198,0.36094,0.0016176,0,0
0.98208,0.73351,0.67208,0.010007,0.24649,0.10403,0.7198,0.36163,0.0016176,0,0
0.98208,0.73351,0.67208,0.010007,0.24755,0.10403,0.71959,0.36175,0.0016176,0,0
0.98208,0.73092,0.67625,0.0080098,0.24544,0.10403,0.7198,0.36193,0.0016176,0,0
0.98008,0.72833,0.67625,0.0090086,0.24544,0.10403,0.71938,0.36117,0.0016176,0,0
0.98208,0.72704,0.67208,0.010007,0.24755,0.12429,0.71938,0.36204,0.0016176,0,0
0.98208,0.73868,0.67208,0.0090086,0.26759,0.22671,0.72977,0.37245,0.0016176,0,0
0.98208,0.74515,0.67208,0.010007,0.29713,0.26611,0.74223,0.38651,0.0016176,0,0
0.98407,0.74903,0.67208,0.011016,0.32983,0.26723,0.75877,0.40815,0.0016176,0,0
0.98008,0.75679,0.67208,0.011016,0.37204,0.26723,0.7787,0.44486,0.0016176,0,0
0.98407,0.76843,0.67208,0.011016,0.43587,0.26836,0.81052,0.50409,0.0016176,0,0
0.59888,0.78008,0.6679,0.012015,0.51421,0.27287,0.8449,0.58773,0.0016176,0,0
0.094402,0.76326,0.65538,0.014022,0.56932,0.27174,0.86138,0.64894,0.0016176,0,0
0.0016778,0.74386,0.66373,0.013013,0.53488,0.26949,0.85062,0.61394,0.0016176,0,0
0,0.72057,0.65956,0.013013,0.49679,0.26949,0.83176,0.58092,0.0016176,0,0
0.0033768,0.72833,0.66373,0.013013,0.48374,0.26836,0.82874,0.57886,0.0016176,0,0
0.0016778,0.73997,0.66373,0.013013,0.51203,0.26723,0.83702,0.5907,0.0016176,0,0
0.0016778,0.73609,0.65956,0.014022,0.50659,0.26723,0.83592,0.58661,0.0016176,0,0
0.0016778,0.73221,0.66373,0.012015,0.4957,0.26723,0.83369,0.58493,0.0016176,0,0
0,0.73221,0.65956,0.013013,0.4979,0.26723,0.83314,0.58271,0.0016176,0,0
0.0033768,0.73351,0.6679,0.012015,0.4957,0.26836,0.83369,0.58369,0.0016176,0,0
0.0016778,0.73221,0.66373,0.013013,0.50007,0.26723,0.83397,0.58424,0.0016176,0,0
0,0.73351,0.66373,0.013013,0.49679,0.26723,0.83397,0.58355,0.0016176,0,0
0.0033768,0.73092,0.6679,0.013013,0.49898,0.26723,0.83397,0.58508,0.0016176,0,0
0.0016778,0.73092,0.66373,0.013013,0.4979,0.26723,0.83369,0.58285,0.0016176,0,0
0.0016778,0.73092,0.66373,0.014022,0.4979,0.26723,0.83369,0.58424,0.0016176,0,0
0,0.73092,0.65956,0.013013,0.4979,0.26723,0.83397,0.58271,0.0016176,0,0
0,0.73092,0.66373,0.014022,0.49898,0.26836,0.83369,0.58369,0.0016176,0,0
0.0033768,0.72962,0.66373,0.014022,0.50007,0.26723,0.83424,0.58424,0.0016176,0,0
0.0033768,0.73092,0.65956,0.014022,0.50333,0.26723,0.83452,0.58451,0.0016176,0,0
0.0016778,0.72962,0.65956,0.014022,0.4979,0.26836,0.83397,0.58451,0.0016176,0,0
0,0.72962,0.66373,0.014022,0.50442,0.25823,0.83397,0.58563,0.0016176,0,0
0.0016778,0.6947,0.66373,0.013013,0.30451,0.10253,0.80195,0.51149,0.0016176,0,0
0.13486,0.66624,0.6679,0.011016,0.21078,0.10253,0.75554,0.42618,0.0016176,0,0
0.63405,0.66235,0.6679,0.010007,0.23487,0.10253,0.72955,0.38218,0.0016176,0,0
0.96814,0.66624,0.6679,0.010007,0.24121,0.10403,0.71563,0.36431,0.0016912,0,0
0.97411,0.68176,0.67208,0.010007,0.24544,0.10403,0.71439,0.35962,0.0016912,0,0
0.97411,0.6934,0.67208,0.010007,0.23804,0.10516,0.71792,0.36163,0.0016912,0,0
0.97611,0.69728,0.6679,0.010007,0.24965,0.10516,0.71959,0.36337,0.0016176,0,0
0.97611,0.69728,0.67625,0.010007,0.25176,0.14906,0.71959,0.3632,0.0016176,0,0
0.97611,0.7141,0.67625,0.010007,0.27708,0.26836,0.73192,0.37577,0.0016176,0,0
0.97611,0.72057,0.67208,0.010007,0.30768,0.27174,0.74669,0.39374,0.0016176,0,0
0.97611,0.72704,0.67208,0.010007,0.34249,0.27174,0.76366,0.42171,0.0016176,0,0
0.98008,0.73997,0.66373,0.011016,0.38908,0.27174,0.79029,0.46822,0.0016176,0,0
0.97012,0.75291,0.66373,0.012015,0.47068,0.27174,0.82141,0.53564,0.0016176,0,0
0.3812,0.76197,0.65956,0.014022,0.55674,0.27174,0.85874,0.6334,0.0016176,0,0
0.0050546,0.73092,0.65538,0.014022,0.55904,0.27174,0.85496,0.63503,0.0016176,0,0
0.0050546,0.71539,0.66373,0.013013,0.52399,0.24697,0.83898,0.6002,0.0016176,0,0
0.0033768,0.69987,0.66373,0.014022,0.47285,0.25823,0.819,0.56668,0.0016176,0,0
0.0033768,0.71928,0.66373,0.013013,0.48701,0.25936,0.82682,0.57723,0.0016176,0,0
0.0033768,0.72057,0.65956,0.014022,0.49462,0.26048,0.83066,0.58105,0.0016176,0,0
0.0033768,0.71539,0.65956,0.014022,0.48592,0.26048,0.82791,0.57479,0.0016176,0,0
0.0033768,0.7141,0.66373,0.013013,0.48048,0.26161,0.82547,0.57224,0.0016176,0,0
0.0033768,0.71539,0.66373,0.013013,0.48266,0.25936,0.82574,0.57264,0.0016176,0,0
0.0033768,0.71539,0.66373,0.013013,0.48048,0.26048,0.82574,0.57345,0.0016176,0,0
0.0050546,0.71669,0.66373,0.013013,0.48809,0.25936,0.82628,0.57398,0.0016176,0,0
0.0033768,0.71539,0.66373,0.013013,0.48374,0.26048,0.82628,0.57453,0.0016176,0,0
0.0033768,0.71669,0.65956,0.014022,0.48157,0.26048,0.82628,0.57398,0.0016176,0,0
0.0050546,0.71539,0.6679,0.013013,0.48483,0.26048,0.82655,0.57372,0.0016176,0,0
0.0016778,0.70375,0.66373,0.013013,0.35515,0.10516,0.81819,0.55445,0.0016176,0,0
0.0033768,0.66882,0.6679,0.011016,0.23066,0.10403,0.77555,0.46211,0.0016176,0,0
0.40919,0.65459,0.6679,0.010007,0.1892,0.10403,0.73935,0.39823,0.0016176,0,0
0.94623,0.65459,0.6679,0.010007,0.24861,0.10516,0.72043,0.37111,0.0016176,0,0
0.97411,0.66753,0.67208,0.010007,0.2391,0.10403,0.71356,0.36059,0.0016176,0,0
0.97611,0.68176,0.6679,0.010007,0.24332,0.10516,0.71646,0.36146,0.0016176,0,0
0.98008,0.68823,0.6679,0.0090086,0.24227,0.10516,0.71855,0.36232,0.0016176,0,0
0.98008,0.68952,0.67208,0.010007,0.2507,0.10516,0.71895,0.36273,0.0016176,0,0
0.97808,0.68952,0.6679,0.010007,0.24544,0.10516,0.71813,0.36262,0.0016176,0,0
0.98008,0.68952,0.6679,0.010007,0.24438,0.10516,0.71792,0.36216,0.0016176,0,0
0.98008,0.68952,0.67208,0.010007,0.24438,0.10516,0.7175,0.36193,0.0016176,0,0
0.98208,0.69082,0.67208,0.010007,0.24332,0.10516,0.71708,0.36204,0.0016176,0,0
0.97808,0.69082,0.6679,0.010007,0.24227,0.10516,0.71708,0.36181,0.0016176,0,0
0.97808,0.68952,0.6679,0.010007,0.24332,0.10516,0.71708,0.36216,0.0016176,0,0
0.98008,0.68952,0.67208,0.010007,0.24332,0.10516,0.71729,0.36216,0.0016176,0,0
0.97611,0.68952,0.6679,0.010007,0.24227,0.10516,0.71687,0.36186,0.0016176,0,0
0.98008,0.68952,0.6679,0.010007,0.24227,0.10516,0.71729,0.36216,0.0016176,0,0
0.98008,0.68952,0.6679,0.010007,0.24227,0.10516,0.71646,0.36227,0.0016176,0,0
0.98008,0.69599,0.67208,0.010007,0.25915,0.16144,0.7238,0.36756,0.0016176,0,0
0.98208,0.70375,0.67208,0.010007,0.28025,0.16256,0.73323,0.37883,0.0016176,0,0
0.97808,0.70116,0.6679,0.010007,0.29185,0.16144,0.73957,0.3871,0.0016176,0,0
0.98008,0.6947,0.6679,0.010007,0.29185,0.16144,0.74067,0.38953,0.0016176,0,0
0.98208,0.68823,0.6679,0.010007,0.28236,0.16144,0.73979,0.3894,0.0016176,0,0
0.98208,0.68564,0.67208,0.010007,0.28025,0.16144,0.7389,0.38854,0.0016176,0,0
0.98208,0.68305,0.67208,0.010007,0.27814,0.16144,0.73803,0.38821,0.0016176,0,0
0.98008,0.68176,0.6679,0.010007,0.27814,0.16256,0.73803,0.38788,0.0016176,0,0
0.98208,0.68176,0.67208,0.010007,0.28025,0.16144,0.73825,0.38815,0.0016176,0,0
0.98208,0.68047,0.6679,0.010007,0.27919,0.16368,0.73825,0.38834,0.0016176,0,0
0.98208,0.67917,0.6679,0.010007,0.27919,0.16368,0.73825,0.38808,0.0016176,0,0
0.98008,0.67917,0.6679,0.010007,0.27919,0.16481,0.73803,0.38808,0.0015441,0,0
0.98208,0.67658,0.67208,0.010007,0.28025,0.16481,0.73825,0.38802,0.0015441,0,0
0.98208,0.67658,0.67625,0.0090086,0.27814,0.16481,0.73803,0.38795,0.0016176,0,0
0.98008,0.67658,0.6679,0.010007,0.27814,0.16481,0.73803,0.38756,0.0015441,0,0
0.98008,0.67658,0.6679,0.010007,0.27814,0.16481,0.73803,0.38795,0.0015441,0,0
0.98208,0.67529,0.6679,0.010007,0.27814,0.16481,0.73781,0.38762,0.0015441,0,0
0.98208,0.68305,0.6679,0.010007,0.3024,0.17381,0.74355,0.39421,0.0015441,0,0
0.98208,0.69211,0.6679,0.010007,0.32878,0.17381,0.75808,0.4131,0.0015441,0,0
0.98208,0.6934,0.6679,0.010007,0.352,0.17381,0.7698,0.43457,0.0015441,0,0
0.98407,0.68564,0.6679,0.011016,0.3636,0.16706,0.7741,0.44394,0.0015441,0,0
0.98407,0.65459,0.6679,0.010007,0.20098,0.10516,0.7494,0.40779,0.0015441,0,0
0.98407,0.64295,0.6679,0.0090086,0.26548,0.10516,0.72274,0.37337,0.0015441,0,0
0.98407,0.65071,0.6679,0.010007,0.24016,0.10403,0.71377,0.36262,0.0015441,0,0
0.98008,0.66365,0.6679,0.010007,0.24121,0.10403,0.71646,0.36268,0.0015441,0,0
0.98407,0.67012,0.67208,0.010007,0.24649,0.10516,0.71855,0.36461,0.0015441,0,0
0.98407,0.67141,0.67208,0.010007,0.24649,0.10403,0.71917,0.3649,0.0015441,0,0
0.98407,0.6727,0.67208,0.0090086,0.24649,0.10403,0.71876,0.36431,0.0014706,0,0
0.98208,0.6727,0.67625,0.010007,0.24649,0.10403,0.71813,0.36366,0.0014706,0,0
0.98208,0.674,0.67208,0.010007,0.24227,0.10403,0.71792,0.36326,0.0015441,0,0
0.98208,0.674,0.67625,0.0090086,0.24438,0.10403,0.71792,0.36337,0.0015441,0,0
0.98208,0.674,0.67208,0.0090086,0.24755,0.10403,0.71813,0.3635,0.0014706,0,0
0.98208,0.67529,0.6679,0.010007,0.24438,0.10403,0.71813,0.36326,0.0014706,0,0
0.98407,0.67529,0.67208,0.010007,0.24332,0.10516,0.71813,0.36337,0.0014706,0,0
0.98208,0.674,0.67208,0.0090086,0.24332,0.10516,0.71771,0.36326,0.0014706,0,0
0.98208,0.674,0.67208,0.010007,0.24227,0.10403,0.71771,0.36303,0.0014706,0,0
0.98407,0.67529,0.67625,0.0090086,0.24227,0.10403,0.7175,0.36291,0.0014706,0,0
0.98208,0.67529,0.67208,0.0090086,0.24332,0.10516,0.71813,0.36314,0.0014706,0,0
0.98407,0.67529,0.67208,0.0090086,0.24332,0.10403,0.71813,0.36337,0.0014706,0,0
0.98208,0.67529,0.67208,0.010007,0.24332,0.10516,0.71792,0.36309,0.0014706,0,0
0.98407,0.67529,0.67208,0.010007,0.24438,0.10516,0.71792,0.36291,0.0013971,0,0
0.98407,0.67529,0.67208,0.0090086,0.24438,0.10516,0.7175,0.3632,0.0013971,0,0
0.98208,0.67529,0.67208,0.010007,0.24227,0.10516,0.7175,0.36285,0.0013971,0,0
0.98804,0.67529,0.67208,0.0090086,0.24227,0.10516,0.7175,0.3628,0.0013971,0,0
0.98407,0.67529,0.67208,0.010007,0.24438,0.10516,0.71771,0.36273,0.0013971,0,0
0.98208,0.67529,0.67208,0.010007,0.24332,0.10516,0.71771,0.3635,0.0013971,0,0
0.98407,0.67529,0.6679,0.010007,0.24332,0.10516,0.71771,0.36297,0.0013971,0,0
0.98208,0.67529,0.67208,0.010007,0.24332,0.10516,0.71792,0.36303,0.0013971,0,0
0.98407,0.674,0.6679,0.010007,0.24332,0.10516,0.71771,0.36268,0.0013971,0,0
0.98605,0.67529,0.67208,0.010007,0.24332,0.10516,0.71771,0.36332,0.0013971,0,0
0.98407,0.67529,0.67208,0.0090086,0.24332,0.10516,0.71771,0.36285,0.0013971,0,0
0.98605,0.67529,0.67625,0.010007,0.24121,0.10516,0.7175,0.36285,0.0013971,0,0
0.98605,0.67529,0.67208,0.010007,0.24227,0.10516,0.7175,0.36297,0.0013971,0,0
0.98605,0.67529,0.67208,0.0090086,0.24332,0.10516,0.7175,0.36297,0.0013971,0,0
0.98407,0.674,0.6679,0.010007,0.24332,0.10516,0.7175,0.36309,0.0013971,0,0
0.98407,0.674,0.67208,0.0090086,0.24121,0.10403,0.7175,0.36221,0.0013971,0,0
0.98605,0.67529,0.67208,0.010007,0.24227,0.10403,0.7175,0.36273,0.0013235,0,0
0.98407,0.67529,0.67208,0.010007,0.24438,0.10403,0.71771,0.3628,0.0013971,0,0
0.98605,0.674,0.67208,0.010007,0.24544,0.10516,0.71771,0.36273,0.0013235,0,0
0.98605,0.674,0.67208,0.010007,0.24332,0.10403,0.71771,0.36332,0.0013971,0,0
0.98407,0.674,0.67208,0.0090086,0.24227,0.10516,0.7175,0.36268,0.0013235,0,0
0.98407,0.67529,0.67625,0.010007,0.24227,0.10403,0.71771,0.36285,0.0013235,0,0
0.98407,0.67529,0.67208,0.010007,0.24332,0.10403,0.71771,0.36297,0.0013971,0,0
0.98605,0.674,0.67625,0.0090086,0.24227,0.10403,0.7175,0.36285,0.0013235,0,0
0.98407,0.674,0.67208,0.010007,0.24227,0.10403,0.71729,0.36268,0.0013235,0,0
0.98605,0.674,0.67208,0.010007,0.24227,0.10403,0.7175,0.3628,0.0013235,0,0
0.98804,0.674,0.67208,0.010007,0.24121,0.10403,0.7175,0.36291,0.0013235,0,0
0.98605,0.674,0.67208,0.0090086,0.24121,0.10403,0.7175,0.36268,0.0013235,0,0
0.98804,0.674,0.67208,0.010007,0.24121,0.10516,0.71729,0.3625,0.0013235,0,0
0.98804,0.674,0.67208,0.0090086,0.24121,0.10516,0.71729,0.36268,0.0013235,0,0
0.98407,0.674,0.6679,0.010007,0.24121,0.10516,0.71729,0.36273,0.0013235,0,0
0.98407,0.674,0.6679,0.010007,0.24121,0.10403,0.7175,0.36268,0.0013235,0,0
0.98407,0.674,0.67208,0.010007,0.24121,0.10516,0.7175,0.36268,0.0013235,0,0
0.98407,0.674,0.6679,0.010007,0.24121,0.10516,0.71729,0.3625,0.0013235,0,0
0.98605,0.674,0.6679,0.010007,0.24016,0.10516,0.71708,0.36227,0.0013235,0,0
0.98605,0.674,0.67208,0.010007,0.24121,0.10516,0.71708,0.36227,0.0013235,0,0
0.98804,0.674,0.67208,0.0090086,0.24121,0.10516,0.71729,0.36227,0.0013235,0,0
0.98605,0.6727,0.67208,0.010007,0.24121,0.10516,0.71729,0.36227,0.0013235,0,0
0.98407,0.674,0.67208,0.010007,0.24016,0.10516,0.7175,0.36227,0.0013235,0,0
0.98407,0.674,0.6679,0.010007,0.24227,0.10516,0.7175,0.36232,0.0013235,0,0
0.98605,0.674,0.67208,0.010007,0.24438,0.10516,0.7175,0.36245,0.0013235,0,0
0.98804,0.674,0.67625,0.0090086,0.24227,0.10516,0.71771,0.36227,0.0013235,0,0
0.98804,0.674,0.67208,0.010007,0.24121,0.10516,0.7175,0.36232,0.0013235,0,0
0.98407,0.6727,0.6679,0.0090086,0.24016,0.10516,0.71771,0.3625,0.0013235,0,0
0.98804,0.674,0.6679,0.010007,0.24016,0.10516,0.71792,0.36256,0.0013235,0,0
0.98407,0.6727,0.67208,0.010007,0.24121,0.10403,0.71729,0.36221,0.0013235,0,0
0.98407,0.67141,0.6679,0.0090086,0.24016,0.10516,0.71708,0.36204,0.0013235,0,0
0.98208,0.6727,0.6679,0.0090086,0.24016,0.10516,0.71729,0.36193,0.0013235,0,0
0.98804,0.674,0.6679,0.010007,0.24121,0.10516,0.71708,0.36209,0.0013235,0,0
0.98804,0.674,0.6679,0.0090086,0.24121,0.10516,0.71708,0.36216,0.0013235,0,0
0.99004,0.6727,0.6679,0.0090086,0.24121,0.10516,0.7175,0.36227,0.0013235,0,0
0.98605,0.674,0.6679,0.010007,0.24227,0.10516,0.71729,0.36181,0.0013235,0,0
0.98804,0.674,0.6679,0.0090086,0.24227,0.10516,0.7175,0.36204,0.0013235,0,0
0.98804,0.67141,0.6679,0.0090086,0.24227,0.10516,0.7175,0.36186,0.0013235,0,0
0.98605,0.674,0.67208,0.0090086,0.24227,0.10516,0.7175,0.36204,0.0013235,0,0
0.98407,0.674,0.6679,0.0090086,0.24121,0.10516,0.71729,0.36198,0.0013235,0,0
0.98605,0.674,0.6679,0.010007,0.24227,0.10516,0.7175,0.36216,0.0013235,0,0
0.98804,0.6727,0.67208,0.010007,0.24227,0.10516,0.71771,0.36239,0.0013235,0,0
0.98407,0.674,0.67208,0.0090086,0.24227,0.10516,0.7175,0.36232,0.0013235,0,0
0.99204,0.6727,0.6679,0.0090086,0.2391,0.10516,0.7175,0.36221,0.0013235,0,0
0.98804,0.67141,0.6679,0.0090086,0.24121,0.10516,0.71708,0.36204,0.0013235,0,0
0.98605,0.6727,0.6679,0.0090086,0.24438,0.10516,0.71708,0.36186,0.0013235,0,0
0.98804,0.674,0.67208,0.010007,0.24332,0.10516,0.71708,0.36198,0.0013235,0,0
0.98804,0.6727,0.6679,0.0090086,0.2391,0.10516,0.71729,0.36198,0.0013235,0,0
0.98804,0.67141,0.67208,0.0090086,0.24121,0.10516,0.71708,0.36186,0.0013235,0,0
0.99004,0.67141,0.6679,0.010007,0.24121,0.10516,0.71708,0.36175,0.0013235,0,0
0.99004,0.6727,0.67208,0.0090086,0.24016,0.10516,0.71708,0.36169,0.0013235,0,0
0.98804,0.674,0.6679,0.010007,0.24016,0.10516,0.71687,0.36163,0.0013235,0,0
0.98605,0.6727,0.6679,0.0090086,0.24016,0.10516,0.71708,0.36169,0.0013235,0,0
0.98605,0.6727,0.67208,0.010007,0.24016,0.10516,0.71687,0.36181,0.0013235,0,0
0.98605,0.6727,0.6679,0.010007,0.2391,0.10516,0.71687,0.36169,0.0013235,0,0
0.99004,0.6727,0.6679,0.0090086,0.24121,0.10516,0.71708,0.36163,0.0013235,0,0
0.99004,0.67141,0.6679,0.0090086,0.24121,0.10516,0.71687,0.36163,0.0013235,0,0
0.98804,0.67141,0.67208,0.0080098,0.24016,0.10516,0.71708,0.36158,0.0013235,0,0
0.98804,0.67141,0.6679,0.010007,0.24016,0.10516,0.71708,0.36163,0.0013971,0,0
0.99004,0.67141,0.6679,0.010007,0.24121,0.10516,0.71687,0.36146,0.0013235,0,0
0.98804,0.67141,0.6679,0.010007,0.24016,0.10629,0.71687,0.36146,0.0013971,0,0
0.98605,0.6727,0.6679,0.010007,0.2391,0.10629,0.71687,0.36158,0.0013971,0,0
0.98605,0.67141,0.6679,0.0090086,0.2391,0.10629,0.71687,0.36129,0.0013971,0,0
0.98407,0.67141,0.6679,0.0090086,0.2391,0.10629,0.71687,0.36152,0.0013235,0,0
0.98605,0.67141,0.6679,0.0090086,0.2391,0.10516,0.71687,0.3614,0.0013235,0,0
0.98804,0.67141,0.6679,0.0090086,0.24016,0.10516,0.71687,0.3614,0.0013971,0,0
0.98804,0.67141,0.6679,0.0090086,0.24121,0.10629,0.71687,0.36152,0.0013971,0,0
0.98804,0.67141,0.6679,0.0090086,0.24016,0.10516,0.71708,0.36152,0.0013235,0,0
0.98804,0.67141,0.6679,0.010007,0.2391,0.10516,0.71729,0.36158,0.0013971,0,0
0.98804,0.67141,0.66373,0.010007,0.2391,0.10516,0.71687,0.3614,0.0013971,0,0
0.99004,0.67141,0.6679,0.0090086,0.2391,0.10516,0.71708,0.36123,0.0013971,0,0
0.98605,0.6727,0.6679,0.010007,0.24121,0.10516,0.71708,0.36186,0.0013971,0,0
0.98804,0.67141,0.6679,0.010007,0.24227,0.10516,0.71729,0.36152,0.0013971,0,0
0.98804,0.67012,0.6679,0.0090086,0.24016,0.10516,0.71708,0.36146,0.0013971,0,0
0.98804,0.67141,0.6679,0.0090086,0.2391,0.10516,0.71687,0.36163,0.0013971,0,0
0.99004,0.67141,0.6679,0.0090086,0.24016,0.10516,0.71687,0.36111,0.0013971,0,0
0.98605,0.67141,0.6679,0.0090086,0.24016,0.10516,0.71687,0.36123,0.0013971,0,0
0.98605,0.67141,0.6679,0.0090086,0.24227,0.10516,0.71687,0.36134,0.0013971,0,0
0.98605,0.67141,0.67208,0.010007,0.24121,0.10516,0.71687,0.36117,0.0013971,0,0
0.98804,0.67141,0.6679,0.0090086,0.2391,0.10516,0.71687,0.36111,0.0013971,0,0
0.98804,0.67141,0.6679,0.010007,0.2391,0.10516,0.71687,0.36106,0.0013971,0,0
0.99004,0.67141,0.6679,0.0090086,0.24016,0.10516,0.71687,0.36134,0.0013971,0,0
0.99004,0.67141,0.6679,0.010007,0.24121,0.10516,0.71687,0.36129,0.0013971,0,0
0.98605,0.67141,0.6679,0.010007,0.24016,0.10516,0.71667,0.36117,0.0013971,0,0
0.98804,0.67141,0.6679,0.0090086,0.24016,0.10516,0.71687,0.36123,0.0013971,0,0
0.98605,0.67141,0.6679,0.0090086,0.24016,0.10629,0.71667,0.36106,0.0013971,0,0
0.99004,0.67141,0.6679,0.0090086,0.23804,0.10516,0.71667,0.36082,0.0013971,0,0
0.98804,0.67141,0.67208,0.0090086,0.23804,0.10516,0.71667,0.36088,0.0013971,0,0
0.99004,0.6727,0.67208,0.0090086,0.2391,0.10516,0.71667,0.36088,0.0013971,0,0
0.98804,0.6727,0.67208,0.0090086,0.23804,0.10629,0.71646,0.36099,0.0013971,0,0
0.99004,0.67141,0.67208,0.010007,0.24016,0.10516,0.71687,0.36106,0.0013971,0,0
0.98407,0.67141,0.67208,0.0090086,0.24121,0.10629,0.71687,0.36099,0.0013971,0,0
0.98804,0.6727,0.67208,0.0090086,0.24016,0.10516,0.71708,0.36106,0.0013971,0,0
0.99004,0.67141,0.67208,0.010007,0.24016,0.10516,0.71687,0.36106,0.0013971,0,0
0.98804,0.67141,0.6679,0.0090086,0.24016,0.10629,0.71687,0.36106,0.0013971,0,0
0.99004,0.67141,0.67208,0.0090086,0.24121,0.10629,0.71708,0.36059,0.0013971,0,0
0.98605,0.6727,0.6679,0.0090086,0.24016,0.10629,0.71708,0.36111,0.0013971,0,0
0.99004,0.6727,0.67208,0.0090086,0.23699,0.10516,0.71708,0.36117,0.0013971,0,0
0.98605,0.67141,0.6679,0.010007,0.24332,0.10629,0.71708,0.36106,0.0013971,0,0
0.99004,0.6727,0.67208,0.0090086,0.24332,0.10516,0.71687,0.36123,0.0013971,0,0
0.98804,0.67141,0.67208,0.0090086,0.23804,0.10629,0.71708,0.36111,0.0013971,0,0
0.99004,0.67141,0.67208,0.0090086,0.2391,0.10516,0.71667,0.36094,0.0013971,0,0
0.99004,0.6727,0.67625,0.010007,0.2391,0.10629,0.71687,0.36099,0.0013971,0,0
0.99004,0.67141,0.67208,0.0090086,0.2391,0.10516,0.71729,0.36129,0.0013971,0,0
0.98804,0.6727,0.67208,0.0090086,0.24016,0.10629,0.71708,0.36082,0.0013971,0,0
0.98804,0.67529,0.67208,0.010007,0.24861,0.12654,0.71938,0.36343,0.0013971,0,0
0.99204,0.67788,0.67208,0.0090086,0.2581,0.12654,0.72358,0.36739,0.0013971,0,0
0.98804,0.67529,0.67208,0.0090086,0.25915,0.12654,0.72465,0.36864,0.0013971,0,0
0.99004,0.68047,0.67208,0.0090086,0.2581,0.16031,0.72827,0.37208,0.0013971,0,0
0.98804,0.68305,0.67208,0.0090086,0.2813,0.16481,0.73649,0.38161,0.0013971,0,0
0.98804,0.68176,0.67625,0.0090086,0.28868,0.16368,0.74045,0.3871,0.0013971,0,0
0.98605,0.67529,0.67625,0.010007,0.28974,0.16256,0.74112,0.38979,0.0013971,0,0
0.99004,0.6727,0.67625,0.010007,0.28025,0.16256,0.74067,0.39033,0.0013971,0,0
0.99004,0.67012,0.68043,0.010007,0.28236,0.16368,0.74023,0.38959,0.0013971,0,0
0.99204,0.66882,0.6846,0.010007,0.28025,0.16368,0.74023,0.3894,0.0013971,0,0
0.98605,0.66882,0.68877,0.010007,0.2813,0.16481,0.74023,0.3894,0.0013971,0,0
0.99204,0.66753,0.69712,0.010007,0.2813,0.16481,0.74045,0.38953,0.0013971,0,0
0.99004,0.66753,0.69712,0.010007,0.28236,0.16594,0.74067,0.38953,0.0013971,0,0
0.99004,0.67658,0.69295,0.010007,0.30874,0.22671,0.74894,0.39926,0.0014706,0,0
0.99204,0.68823,0.69295,0.010007,0.33828,0.26611,0.76413,0.42225,0.0013971,0,0
0.99004,0.70375,0.69712,0.010007,0.37942,0.26611,0.78754,0.46165,0.0014706,0,0
0.98804,0.71928,0.69295,0.012015,0.45546,0.26723,0.81873,0.52805,0.0013971,0,0
0.44047,0.72186,0.68877,0.013013,0.52944,0.26723,0.84661,0.60123,0.0013971,0,0
0.015164,0.6934,0.68043,0.013013,0.50659,0.26723,0.83926,0.59599,0.0013971,0,0
0.013486,0.68952,0.68043,0.013013,0.49353,0.26723,0.83203,0.57372,0.0013971,0,0
0.015164,0.66624,0.67625,0.013013,0.30663,0.10253,0.80868,0.51909,0.0014706,0,0
0.17702,0.63648,0.6846,0.011016,0.21176,0.16256,0.76016,0.43433,0.0015441,0,0
0.67479,0.65201,0.6846,0.010007,0.30451,0.22671,0.75188,0.41207,0.0014706,0,0
0.98208,0.68047,0.69295,0.011016,0.35094,0.27849,0.76957,0.43417,0.0014706,0,0
0.98605,0.70375,0.72216,0.011016,0.40976,0.29987,0.79608,0.47877,0.0014706,0,0
0.83989,0.72445,0.73468,0.012015,0.47939,0.301,0.82928,0.55306,0.0016912,0,0
0.24612,0.74386,0.73468,0.014022,0.56247,0.29987,0.86702,0.65047,0.0015441,0,0
0.015164,0.71281,0.75555,0.013013,0.41302,0.16819,0.85933,0.62779,0.0016176,0,0
0.015164,0.66106,0.78059,0.012015,0.27814,0.16819,0.80118,0.50717,0.0021324,0,0
0.25938,0.64424,0.78894,0.011016,0.32668,0.16819,0.75738,0.42805,0.0017647,0,0
0.80166,0.66494,0.90581,0.010007,0.28763,0.16932,0.7503,0.40995,0.0013971,0,0
0.98407,0.69211,0.8891,0.011016,0.32245,0.25261,0.76483,0.42294,0.0013971,0,0
0.98605,0.7141,0.79729,0.011016,0.36781,0.26611,0.79004,0.45825,0.0013971,0,0
0.98804,0.73092,0.74721,0.011016,0.44893,0.26498,0.82033,0.52009,0.0013235,0,0
0.51741,0.7141,0.70964,0.012015,0.3657,0.12767,0.83231,0.56379,0.0013971,0,0
0.95419,0.65718,0.69295,0.012015,0.24332,0.10403,0.79004,0.48441,0.0013971,0,0
0.98804,0.63907,0.68877,0.011016,0.19313,0.10403,0.75188,0.41458,0.0013235,0,0
0.98804,0.63389,0.6846,0.010007,0.26653,0.10403,0.7272,0.37589,0.0013971,0,0
0.98804,0.64424,0.6846,0.010007,0.24227,0.10516,0.71584,0.36198,0.0013971,0,0
0.98804,0.65977,0.68043,0.010007,0.2391,0.10403,0.71813,0.36169,0.0013235,0,0
0.98804,0.66882,0.68043,0.010007,0.24544,0.10516,0.7198,0.3625,0.0013235,0,0
0.99204,0.67012,0.68043,0.010007,0.24438,0.10516,0.71959,0.3625,0.0014706,0,0
0.99204,0.67141,0.68043,0.010007,0.24121,0.10516,0.71917,0.36158,0.0014706,0,0
0.98804,0.674,0.6846,0.010007,0.24332,0.10516,0.71917,0.36134,0.0013971,0,0
0.98605,0.67529,0.68043,0.010007,0.24332,0.10516,0.71895,0.36152,0.0013971,0,0
0.99204,0.67529,0.68043,0.010007,0.24121,0.10516,0.71895,0.36152,0.0013971,0,0
0.98804,0.67658,0.68043,0.010007,0.24227,0.10516,0.71876,0.36158,0.0013971,0,0
0.99004,0.67529,0.67625,0.010007,0.24438,0.10516,0.71876,0.36175,0.0013971,0,0
0.99204,0.67529,0.67625,0.0090086,0.24016,0.10516,0.71855,0.36117,0.0013971,0,0
0.99004,0.67529,0.67625,0.010007,0.24332,0.10516,0.71855,0.3614,0.0013971,0,0
0.98804,0.67529,0.68043,0.010007,0.24438,0.10516,0.71834,0.36123,0.0013971,0,0
0.99403,0.67529,0.67625,0.010007,0.24332,0.10516,0.7175,0.36094,0.0013971,0,0
0.99204,0.67529,0.68043,0.010007,0.24016,0.10516,0.71729,0.36076,0.0016912,0,0
0.98804,0.67529,0.68043,0.0090086,0.24016,0.10516,0.7175,0.36076,0.0016912,0,0
0.98804,0.67658,0.68043,0.010007,0.24121,0.10403,0.7175,0.36071,0.0016912,0,0
0.98804,0.67529,0.67625,0.0090086,0.24227,0.10516,0.7175,0.36076,0.0016912,0,0
0.98804,0.67529,0.67625,0.010007,0.24227,0.10516,0.71771,0.36106,0.0016912,0,0
0.98804,0.67529,0.67208,0.0090086,0.24016,0.10516,0.7175,0.36094,0.0016912,0,0
0.98804,0.67529,0.67625,0.0090086,0.24227,0.10516,0.71771,0.36111,0.0016912,0,0
0.99004,0.67529,0.67625,0.0090086,0.24227,0.10516,0.71771,0.36117,0.0016912,0,0
0.99204,0.67529,0.67625,0.010007,0.24332,0.10516,0.71771,0.36129,0.0016912,0,0
0.99004,0.674,0.67625,0.0090086,0.24332,0.10516,0.71792,0.36169,0.0016912,0,0
0.99204,0.67141,0.67625,0.010007,0.24121,0.10516,0.71687,0.36227,0.0016912,0,0
0.99004,0.674,0.67208,0.0090086,0.23804,0.10629,0.71563,0.3628,0.0016912,0,0
0.99004,0.67529,0.67625,0.0090086,0.24121,0.10629,0.71584,0.36355,0.0016912,0,0
0.99004,0.67658,0.67208,0.010007,0.24016,0.10629,0.71481,0.36366,0.0016912,0,0
0.99204,0.67788,0.67208,0.0090086,0.23699,0.10629,0.71563,0.36402,0.0016912,0,0
0.99204,0.67788,0.67208,0.0090086,0.24227,0.10629,0.71584,0.36407,0.0016912,0,0
0.99403,0.67917,0.67208,0.0090086,0.24121,0.10629,0.71563,0.36396,0.0016912,0,0
0.99004,0.67788,0.67208,0.010007,0.24121,0.10629,0.71646,0.36407,0.0016912,0,0
0.99004,0.67658,0.67208,0.0090086,0.24755,0.10629,0.71813,0.36384,0.0016912,0,0
0.99204,0.674,0.67208,0.0090086,0.24544,0.10516,0.71771,0.3632,0.0016912,0,0
0.99601,0.6727,0.67208,0.010007,0.24332,0.10516,0.71729,0.36256,0.0016912,0,0
0.99204,0.67141,0.67208,0.0090086,0.24332,0.10516,0.71687,0.36209,0.0016912,0,0
0.99601,0.67141,0.67208,0.0090086,0.24438,0.10629,0.71667,0.36181,0.0016912,0,0
0.99204,0.67012,0.67208,0.0090086,0.2391,0.10516,0.71687,0.36186,0.0016912,0,0
0.99403,0.67012,0.67625,0.0090086,0.24332,0.10629,0.71687,0.36181,0.0016912,0,0
0.99204,0.67012,0.67208,0.0090086,0.24227,0.10629,0.71687,0.36175,0.0016912,0,0
0.99204,0.67012,0.67208,0.0090086,0.24227,0.10629,0.71667,0.36175,0.0016912,0,0
0.99204,0.67012,0.67208,0.0090086,0.2391,0.10741,0.71667,0.36169,0.0016912,0,0
0.99403,0.67658,0.67625,0.0090086,0.2507,0.58125,0.72211,0.36691,0.0016912,0,0
0.99601,0.68693,0.67208,0.010007,0.28025,0.58238,0.73628,0.38225,0.0016912,0,0
0.99204,0.69211,0.67208,0.010007,0.31085,0.5835,0.75076,0.40184,0.0016912,0,0
0.99403,0.69858,0.67208,0.010007,0.34777,0.58462,0.76672,0.42782,0.0016912,0,0
0.99403,0.71151,0.6679,0.011016,0.38908,0.58462,0.7923,0.47137,0.0016912,0,0
0.99204,0.72574,0.66373,0.012015,0.46416,0.58462,0.82438,0.5427,0.0016912,0,0
0.99601,0.73997,0.65956,0.014022,0.54795,0.5835,0.85874,0.63731,0.0016912,0,0
1,0.76067,0.65956,0.019026,0.64713,0.58125,0.90073,0.78762,0.0016912,0,0
0.80378,0.78913,0.64703,0.67367,0.75097,0.58125,0.93739,0.90121,0.0016912,0,0
0.1905,0.83571,0.63451,0.90579,0.84744,0.58013,0.96589,0.95584,0.0016912,0,0
0.13824,0.88486,0.64703,0.97048,0.88722,0.58125,0.98266,0.97891,0.0016912,0,0
0.12981,0.90815,0.64703,0.99545,0.91508,0.58238,0.98418,0.99124,0.0016912,0,0
0.13318,0.92238,0.62199,0.99886,0.91907,0.58238,0.98342,0.99048,0.0016912,0,0
0.13148,0.93144,0.61364,1,0.92304,0.58238,0.98455,0.98822,0.0016912,0,0
0.12981,0.94308,0.60947,0.99772,0.91243,0.58238,0.98723,0.98898,0.0016912,0,0
0.12813,0.94955,0.60947,0.99659,0.90846,0.58238,0.98876,0.98748,0.0016912,0,0
0.12813,0.95602,0.60947,0.99545,0.93763,0.5835,0.98914,0.98973,0.0016912,0,0
0.12643,0.96248,0.6053,0.99659,0.92171,0.5835,0.98837,0.9856,0.0016912,0,0
0.12475,0.96507,0.60112,0.99659,0.91773,0.5835,0.98837,0.9856,0.0016912,0,0
0.12475,0.97025,0.59695,0.99772,0.91641,0.5835,0.98837,0.9841,0.0016912,0,0
0.118,0.96895,0.59278,0.99772,0.92304,0.3584,0.98647,0.98003,0.0016912,0,0
0.023595,0.86934,0.63451,0.15841,0.5659,0.30662,0.92172,0.75915,0.0016912,0,0
0.016863,0.80724,0.65121,0.015021,0.6025,0.30437,0.86672,0.63421,0.0016912,0,0
0.016863,0.85123,0.65538,0.014022,0.61508,0.3055,0.88589,0.66522,0.0016912,0,0
0.018541,0.82924,0.65121,0.015021,0.6231,0.30662,0.88341,0.6713,0.0016912,0,0
0.016863,0.81501,0.65121,0.014022,0.59335,0.31113,0.87453,0.66029,0.0016912,0,0
0.016863,0.82147,0.65121,0.015021,0.61623,0.31338,0.88248,0.67638,0.0016912,0,0
0.015164,0.81759,0.65538,0.014022,0.61508,0.3145,0.88341,0.67987,0.0016912,0,0
0.015164,0.81113,0.65121,0.015021,0.61052,0.31338,0.88248,0.67913,0.0016912,0,0
0.015164,0.80724,0.65121,0.015021,0.61395,0.31338,0.88248,0.67987,0.0016912,0,0
0.015164,0.83312,0.65121,0.014022,0.63797,0.34489,0.90073,0.71633,0.0016912,0,0
0.015164,0.83959,0.64703,0.017018,0.69746,0.3494,0.91738,0.75846,0.0016912,0,0
0.015164,0.82277,0.65121,0.01602,0.66428,0.3494,0.90557,0.7431,0.0016912,0,0
0.015164,0.82406,0.65121,0.01602,0.66315,0.3494,0.90557,0.74595,0.0016912,0,0
0.013486,0.82406,0.65121,0.014022,0.66428,0.3494,0.90654,0.74573,0.0016912,0,0
0.013486,0.82406,0.64703,0.01602,0.67001,0.3494,0.90719,0.74705,0.0016912,0,0
0.015164,0.84735,0.64703,0.017018,0.68831,0.47545,0.92071,0.77538,0.0016176,0,0
0.20567,0.89133,0.63034,0.62307,0.81827,0.58238,0.95969,0.8931,0.0016176,0,0
0.118,0.9185,0.60947,0.9353,0.89651,0.59509,0.97926,0.96294,0.0016176,0,0
0.11126,0.94308,0.61782,0.98524,0.9111,0.9668,0.98379,0.98077,0.0015441,0,0
0.12813,0.9599,0.61782,0.99432,0.91641,0.98548,0.98876,0.98598,0.0015441,0,0
0.23432,0.97283,0.60947,0.99545,0.91773,0.98755,0.98723,0.9856,0.0014706,0,0
0.71671,0.9806,0.60112,0.97843,0.9058,0.98755,0.98342,0.97014,0.0013971,0,0
0.89247,0.98448,0.6053,0.99318,0.92304,0.98652,0.98304,0.97597,0.0013971,0,0
0.93627,0.98965,0.60947,0.99318,0.91773,0.98652,0.98379,0.97708,0.0013235,0,0
0.93427,0.99224,0.60947,0.99205,0.90978,0.98548,0.98304,0.97597,0.00125,0,0
0.93627,0.99224,0.6053,0.99318,0.9111,0.98755,0.98266,0.9687,0.0011029,0,0
0.93826,0.99353,0.59695,0.99545,0.9111,0.98652,0.98152,0.96761,0.0010294,0,0
0.93826,0.99612,0.60112,0.97957,0.9111,0.98755,0.98077,0.9687,0.00088235,0,0
0.94423,0.99353,0.61782,0.96481,0.89519,0.98755,0.97926,0.96366,0.00073529,0.10939,0.12932
0.94423,0.99483,0.62616,0.95233,0.89783,0.98859,0.97813,0.96401,0.00066176,0.11884,0.139
0.94623,0.99353,0.62616,0.95233,0.89519,0.98755,0.97813,0.96366,0.00051471,0.12694,0.15043
0.94623,0.99483,0.63034,0.94551,0.89386,0.98755,0.97701,0.95761,0.00036765,0.13639,0.16106
0.94423,0.99353,0.63869,0.93644,0.88722,0.98755,0.97663,0.96115,0.00029412,0.1445,0.16931
0.94623,0.99483,0.65956,0.92735,0.88193,0.98444,0.97588,0.95938,0.00022059,0.15395,0.18042
0.95619,0.99483,0.6679,0.91941,0.87927,0.98444,0.97551,0.95867,0,0.1607,0.18946
0.95022,0.99353,0.66373,0.92622,0.87795,0.98444,0.97588,0.95974,7.35E-05,0.1688,0.19772
0.94623,0.99353,0.66373,0.92281,0.87927,0.9834,0.97588,0.95725,0.00036765,0.17421,0.20422
0.94225,0.99612,0.6679,0.916,0.87927,0.98236,0.97551,0.95761,0.00080882,0.18028,0.21168
0.95022,0.99483,0.68043,0.91147,0.87264,0.98236,0.97402,0.95409,0.0014706,0.18771,0.21977
0.94822,0.99612,0.68877,0.90806,0.86998,0.98236,0.97402,0.95514,0.0022794,0.19379,0.22707
0.95219,0.99483,0.70547,0.90011,0.87132,0.98236,0.97327,0.95093,0.0041176,0.20122,0.23786
0.95219,0.99612,0.70964,0.89444,0.87264,0.9834,0.97327,0.95164,0.0063235,0.21067,0.24627
0.95219,0.99612,0.71799,0.89103,0.87132,0.98444,0.97364,0.95093,0.0076471,0.21607,0.25294
0.95219,0.99612,0.76807,0.88309,0.86998,0.9834,0.97439,0.95479,0.0089706,0.22147,0.26008
0.95022,0.99612,0.73886,0.8899,0.86998,0.98236,0.97402,0.95443,0.010441,0.22822,0.26738
0.95022,0.99612,0.73468,0.88536,0.86734,0.9834,0.97402,0.95198,0.011912,0.23498,0.27499
0.94822,0.99612,0.74721,0.88196,0.86203,0.98236,0.97402,0.95303,0.013456,0.24105,0.28245
0.94423,0.99612,0.75138,0.85812,0.85407,0.98236,0.97439,0.95268,0.015074,0.24713,0.28959
0.94822,0.99612,0.75973,0.87741,0.86734,0.9834,0.97439,0.95164,0.016691,0.25321,0.29689
0.94623,0.99612,0.79312,0.87174,0.86335,0.9834,0.97514,0.95233,0.018529,0.26063,0.30435
0.94623,0.99612,0.75973,0.87969,0.86734,0.98444,0.97514,0.95059,0.020368,0.26604,0.31117
0.94225,0.99741,0.76807,0.87174,0.86468,0.98236,0.97514,0.94954,0.022279,0.27144,0.31768
0.94623,0.99612,0.79729,0.86947,0.86071,0.95746,0.97588,0.95514,0.024338,0.27684,0.32387
0.56741,0.99353,0.78477,0.90239,0.86203,0.79562,0.97663,0.96294,0.026324,0.28089,0.3291
0.11464,0.99612,0.78059,0.92168,0.86734,0.6898,0.97963,0.96617,0.028309,0.28359,0.33164
0.099456,0.99612,0.78477,0.87855,0.86468,0.58686,0.9785,0.95549,0.030294,0.28629,0.33434
0.09608,0.98836,0.78059,0.85358,0.85142,0.58238,0.97402,0.94573,0.032132,0.28764,0.33656
0.099456,0.9806,0.78059,0.83883,0.84346,0.58238,0.96993,0.94229,0.033897,0.28899,0.33831
0.10283,0.97413,0.79312,0.8252,0.82807,0.58238,0.96626,0.93683,0.035515,0.29102,0.34021
0.10451,0.97413,0.79729,0.82747,0.82684,0.58238,0.96626,0.93989,0.037206,0.29305,0.3418
0.10451,0.97671,0.79729,0.83769,0.83815,0.58238,0.96846,0.94434,0.038676,0.2944,0.34434
0.10116,0.97542,0.80564,0.83656,0.83815,0.58238,0.96919,0.94229,0.040441,0.29575,0.34513
0.10116,0.97671,0.80564,0.83542,0.83815,0.58238,0.96919,0.94297,0.041838,0.29845,0.34894
0.10283,0.97542,0.78894,0.83883,0.84213,0.58238,0.96957,0.94366,0.043235,0.2998,0.35084
0.10116,0.97671,0.79312,0.83996,0.83815,0.58238,0.97031,0.94401,0.044632,0.30182,0.35275
0.10116,0.97671,0.80564,0.83883,0.83815,0.58238,0.97031,0.94366,0.045882,0.30317,0.35417
0.10116,0.97671,0.78894,0.84563,0.84478,0.58238,0.97068,0.94573,0.047132,0.30385,0.35513
0.10116,0.97671,0.78894,0.84336,0.84346,0.58238,0.97142,0.94332,0.048235,0.30587,0.35719
0.10283,0.97671,0.80564,0.84109,0.84346,0.58238,0.97142,0.94642,0.049412,0.3079,0.36004
0.10283,0.97542,0.79729,0.84109,0.84876,0.58238,0.97104,0.94469,0.050515,0.3106,0.36258
0.10116,0.97671,0.79312,0.84677,0.84876,0.58238,0.97142,0.94297,0.051765,0.31195,0.36369
0.10283,0.97671,0.80146,0.83996,0.8461,0.58125,0.97178,0.94676,0.053015,0.31263,0.3648
0.10116,0.97542,0.80146,0.84223,0.84744,0.58125,0.97178,0.94573,0.054338,0.3133,0.36544
0.10116,0.97671,0.80146,0.8479,0.84876,0.58125,0.97178,0.94642,0.055662,0.31398,0.36639
0.10116,0.97671,0.80146,0.84336,0.84744,0.58125,0.97178,0.94503,0.056985,0.31465,0.36734
0.10116,0.97671,0.79729,0.8479,0.8501,0.58125,0.97178,0.94469,0.058235,0.316,0.36814
0.10283,0.97671,0.78894,0.84336,0.85142,0.58125,0.97216,0.94642,0.059632,0.31735,0.36988
0.10283,0.97671,0.80564,0.84677,0.8501,0.58125,0.97253,0.94607,0.060956,0.3187,0.37131
0.10116,0.97542,0.80146,0.84563,0.8501,0.58013,0.97178,0.94642,0.062279,0.32005,0.37306
0.10283,0.97671,0.79312,0.84904,0.85407,0.58125,0.97216,0.94815,0.063676,0.32208,0.37496
0.10283,0.97542,0.80146,0.84677,0.85142,0.58013,0.97216,0.94573,0.065,0.32343,0.37671
0.10283,0.97671,0.79729,0.84904,0.85274,0.58125,0.97253,0.94676,0.066397,0.32478,0.37813
0.10116,0.97671,0.79729,0.8479,0.85274,0.58125,0.97253,0.94503,0.067794,0.32613,0.37972
0.10451,0.97671,0.80981,0.84677,0.84876,0.58125,0.9729,0.9478,0.069338,0.32748,0.38131
0.10283,0.97671,0.80146,0.85017,0.85407,0.58125,0.97327,0.94885,0.070809,0.32951,0.38305
0.10283,0.97671,0.79312,0.85358,0.85539,0.58125,0.97327,0.94642,0.072279,0.33086,0.38432
0.10283,0.97671,0.80981,0.8479,0.8501,0.58125,0.97327,0.94746,0.073897,0.33086,0.38543
0.10283,0.97671,0.80146,0.85131,0.85407,0.58125,0.97364,0.9478,0.075441,0.33221,0.38607
0.10283,0.97671,0.79312,0.85017,0.85805,0.58125,0.97327,0.9478,0.077059,0.33221,0.3867
0.10116,0.97671,0.80981,0.84677,0.85407,0.58125,0.97327,0.94538,0.078676,0.33356,0.38797
0.10116,0.97542,0.80564,0.85245,0.85539,0.58013,0.97327,0.94711,0.080221,0.33491,0.38877
0.10116,0.97671,0.79729,0.85472,0.85673,0.58125,0.97364,0.94919,0.081765,0.33491,0.38956
0.10451,0.97542,0.80146,0.85131,0.85673,0.58125,0.97327,0.94815,0.083162,0.33693,0.3913
0.10116,0.97413,0.80146,0.85131,0.86071,0.58125,0.97327,0.94885,0.084706,0.33896,0.39384
0.10283,0.97671,0.80146,0.85358,0.86203,0.58125,0.97402,0.94885,0.086176,0.34031,0.39543
0.10283,0.97542,0.80981,0.8479,0.86071,0.58125,0.97439,0.94849,0.087721,0.34234,0.39765
0.10283,0.97671,0.80146,0.85472,0.86734,0.58125,0.97439,0.94815,0.089191,0.34436,0.3994
0.10116,0.97671,0.79729,0.85585,0.87397,0.58125,0.97476,0.94919,0.090662,0.34571,0.40162
0.10116,0.97671,0.81399,0.85131,0.86734,0.58125,0.97476,0.94989,0.092059,0.34841,0.40416
0.10451,0.97671,0.81816,0.85472,0.866,0.58125,0.97514,0.94954,0.093529,0.34976,0.40622
0.10283,0.97671,0.80564,0.85472,0.87132,0.58125,0.97476,0.94919,0.094926,0.35111,0.40781
0.10283,0.97801,0.80981,0.85585,0.87132,0.58125,0.97514,0.94954,0.096471,0.35246,0.40908
0.10116,0.97671,0.81399,0.85472,0.86866,0.58125,0.97476,0.95128,0.098088,0.35381,0.41003
0.10116,0.97671,0.81399,0.85131,0.86468,0.58238,0.97439,0.94919,0.099632,0.35381,0.41082
0.10451,0.97671,0.81816,0.85812,0.86335,0.58238,0.97514,0.95128,0.10132,0.35584,0.41241
0.10116,0.97671,0.81816,0.85472,0.86468,0.58125,0.97476,0.94815,0.10316,0.35652,0.41336
0.10116,0.97801,0.80564,0.85812,0.86866,0.58125,0.97551,0.95059,0.10507,0.35652,0.41336
0.10283,0.97801,0.80981,0.85699,0.86468,0.58125,0.97551,0.95093,0.10684,0.35652,0.4132
0.10283,0.97671,0.82233,0.85472,0.86468,0.58125,0.97514,0.94989,0.1089,0.35652,0.41304
0.10283,0.97671,0.80564,0.85812,0.86998,0.58125,0.97514,0.95059,0.11103,0.35652,0.41304
0.10116,0.97671,0.80564,0.85699,0.866,0.58125,0.97514,0.94954,0.11324,0.35652,0.41336
0.10283,0.97671,0.81816,0.85245,0.85805,0.58125,0.97476,0.95059,0.11574,0.35652,0.41352
0.10116,0.97542,0.80981,0.85926,0.86071,0.58125,0.97514,0.94885,0.11809,0.35787,0.41415
0.10283,0.97671,0.80146,0.85926,0.85673,0.58125,0.97514,0.95023,0.12051,0.35787,0.41479
0.10116,0.97542,0.80146,0.86153,0.86071,0.58238,0.97514,0.94989,0.12301,0.35787,0.41447
0.10621,0.97671,0.79312,0.86153,0.86468,0.58125,0.97551,0.95128,0.12551,0.35787,0.41415
0.10116,0.97671,0.78477,0.86493,0.866,0.58125,0.97588,0.95198,0.12801,0.35854,0.41431
0.10283,0.97413,0.79729,0.86153,0.86071,0.58125,0.97551,0.95023,0.13051,0.35989,0.4159
0.10283,0.97671,0.78894,0.86833,0.86468,0.58238,0.97588,0.95303,0.13301,0.36057,0.41638
0.099456,0.97542,0.78894,0.8672,0.86335,0.58125,0.97588,0.95128,0.13551,0.36057,0.41669
0.10116,0.97542,0.79312,0.86606,0.86203,0.58238,0.97626,0.95339,0.13801,0.36057,0.41638
0.10116,0.97671,0.78059,0.87401,0.86998,0.58125,0.97663,0.95268,0.14059,0.36192,0.41701
0.10283,0.97542,0.77642,0.87514,0.866,0.58125,0.97626,0.95198,0.14316,0.36192,0.41701
0.10283,0.97542,0.77642,0.87401,0.86734,0.58125,0.97663,0.95443,0.14566,0.36124,0.41669
0.099456,0.97671,0.7639,0.88309,0.87132,0.58125,0.97701,0.95233,0.14794,0.36192,0.41717
0.10283,0.97671,0.7639,0.88196,0.86866,0.58238,0.97663,0.95443,0.15029,0.36192,0.41733
0.099456,0.97542,0.76807,0.87628,0.86734,0.58125,0.97739,0.95339,0.15257,0.36327,0.41876
0.10116,0.97671,0.7639,0.87969,0.866,0.58125,0.97701,0.95339,0.15456,0.36462,0.41939
0.10451,0.97671,0.77225,0.87969,0.86203,0.58125,0.97701,0.95373,0.15618,0.36597,0.42114
0.10116,0.97671,0.77225,0.88196,0.86203,0.58013,0.97739,0.95373,0.15765,0.36732,0.42336
0.030349,0.94049,0.78477,0.42941,0.67801,0.38204,0.94965,0.87816,0.15882,0.37002,0.42542
0.016863,0.88875,0.79729,0.03906,0.67916,0.37416,0.92138,0.76256,0.15963,0.37002,0.42494
0.015164,0.87969,0.79312,0.017018,0.65741,0.37528,0.91078,0.7486,0.16022,0.36867,0.42431
0.015164,0.89263,0.79729,0.017018,0.69631,0.37528,0.92541,0.77585,0.16074,0.37002,0.42526
0.015164,0.88098,0.80146,0.01602,0.69288,0.37528,0.9234,0.77561,0.16088,0.37002,0.42621
0.013486,0.87193,0.80146,0.018027,0.68831,0.37641,0.92071,0.77113,0.16103,0.37137,0.42717
0.079238,0.89909,0.80146,0.11691,0.71548,0.58125,0.93808,0.81041,0.16132,0.37272,0.42812
0.12307,0.92238,0.78894,0.76165,0.82928,0.58013,0.97216,0.93076,0.16184,0.37272,0.42891
0.02865,0.89651,0.78477,0.52533,0.65285,0.3539,0.95393,0.88602,0.16279,0.37272,0.42828
0.015164,0.82794,0.79312,0.018027,0.61167,0.33814,0.90202,0.72749,0.16412,0.36935,0.42415
0.013486,0.83441,0.78477,0.017018,0.62425,0.34039,0.89373,0.71227,0.16618,0.36327,0.41733
0.013486,0.84735,0.78059,0.017018,0.66658,0.34265,0.90589,0.73362,0.16897,0.35652,0.40987
0.011787,0.83441,0.77225,0.01602,0.64713,0.34265,0.90234,0.72812,0.17221,0.34976,0.40098
0.013486,0.83053,0.75555,0.015021,0.64026,0.34265,0.90041,0.72644,0.1761,0.34099,0.3913
0.013486,0.82794,0.73886,0.01602,0.64826,0.34265,0.90041,0.72791,0.18037,0.33288,0.38178
0.011787,0.82406,0.71799,0.015021,0.6517,0.34265,0.90009,0.72937,0.18493,0.32411,0.3721
0.013486,0.82147,0.69295,0.01602,0.65285,0.34039,0.90105,0.73149,0.18904,0.31533,0.36147
0.015164,0.81759,0.68043,0.01602,0.65628,0.34265,0.90169,0.73341,0.19301,0.30655,0.35179
0.013486,0.8163,0.66373,0.01602,0.65628,0.34376,0.90234,0.7349,0.19706,0.30047,0.34465
0.010109,0.81242,0.65121,0.01602,0.65971,0.34376,0.90266,0.73576,0.20074,0.29575,0.33926
0.013486,0.81113,0.63869,0.01602,0.66085,0.34376,0.90266,0.73639,0.20404,0.29169,0.33418
0.013486,0.80724,0.63451,0.015021,0.65971,0.34489,0.90298,0.73725,0.20662,0.28764,0.32974
0.011787,0.80595,0.62199,0.015021,0.65971,0.34489,0.90298,0.73747,0.20875,0.28494,0.32609
0.015164,0.80336,0.61782,0.014022,0.65856,0.34489,0.90234,0.73747,0.21044,0.28292,0.32339
0.013486,0.80207,0.60947,0.01602,0.65856,0.34489,0.90266,0.73833,0.21162,0.28157,0.32228
0.013486,0.79948,0.60947,0.014022,0.66085,0.34489,0.90266,0.73811,0.2125,0.28157,0.32212
0.013486,0.79819,0.6053,0.015021,0.66085,0.34489,0.90202,0.73833,0.21301,0.28224,0.3226
0.013486,0.7969,0.60112,0.01602,0.66085,0.34489,0.90234,0.73854,0.21331,0.28292,0.32323
0.015164,0.7956,0.6053,0.014022,0.66085,0.34489,0.90298,0.74006,0.21338,0.28359,0.32339
0.013486,0.79431,0.6053,0.015021,0.662,0.34489,0.9033,0.74071,0.21346,0.28292,0.32323
0.013486,0.79301,0.60112,0.015021,0.66315,0.31113,0.90395,0.74201,0.21353,0.28292,0.32291
0.013486,0.73997,0.6053,0.014022,0.44565,0.099517,0.86434,0.65235,0.2136,0.28224,0.3218
0.011787,0.6947,0.60947,0.012015,0.32034,0.10103,0.81209,0.53813,0.21375,0.28022,0.3199
0.025294,0.68435,0.61364,0.011016,0.23487,0.10103,0.77555,0.45906,0.21397,0.27819,0.31768
0.47299,0.68305,0.61364,0.010007,0.21483,0.10253,0.75854,0.42072,0.21412,0.27549,0.31498
0.96415,0.68435,0.61364,0.010007,0.20294,0.10103,0.74602,0.39714,0.21426,0.27346,0.31244
0.96615,0.68435,0.61364,0.0090086,0.19705,0.10253,0.73759,0.38135,0.21434,0.27144,0.3099
0.97012,0.68564,0.60947,0.010007,0.18136,0.10103,0.72977,0.36953,0.21441,0.26941,0.308
0.97211,0.68305,0.60947,0.0090086,0.27076,0.10253,0.72296,0.36455,0.21434,0.26739,0.30578
0.97012,0.68047,0.6053,0.0090086,0.25176,0.10253,0.71792,0.36384,0.21426,0.26604,0.30371
0.97211,0.67917,0.6053,0.0090086,0.24755,0.10253,0.71418,0.36232,0.21419,0.26401,0.30181
0.97211,0.67788,0.60112,0.0090086,0.24438,0.10253,0.71171,0.36146,0.21404,0.26199,0.29943
0.97211,0.67917,0.60112,0.0090086,0.24649,0.10253,0.71233,0.36285,0.21397,0.25996,0.29705
0.97211,0.68047,0.60112,0.0090086,0.24861,0.10253,0.71398,0.36479,0.2139,0.25793,0.29403
0.97211,0.67917,0.59695,0.0090086,0.24649,0.10253,0.71439,0.36567,0.2139,0.25523,0.29197
0.97411,0.67658,0.59695,0.0090086,0.24438,0.10253,0.71439,0.36578,0.21382,0.25388,0.28991
0.97411,0.674,0.59278,0.0090086,0.24544,0.10253,0.71398,0.36567,0.21368,0.25253,0.28816
0.97411,0.67141,0.5886,0.0090086,0.24755,0.10253,0.71377,0.36578,0.21353,0.25051,0.2861
0.97808,0.66882,0.5886,0.0090086,0.24755,0.10253,0.71356,0.3656,0.21331,0.24848,0.28404
0.97611,0.66753,0.5886,0.0080098,0.24755,0.10253,0.71356,0.36573,0.21316,0.24713,0.28182
0.97808,0.66494,0.58443,0.0090086,0.24861,0.10253,0.71315,0.36567,0.21301,0.24443,0.27959
0.97611,0.66365,0.5804,0.0080098,0.24861,0.10253,0.71295,0.36555,0.21279,0.2424,0.27721
0.97808,0.65977,0.57638,0.0090086,0.24755,0.10253,0.71274,0.36543,0.21272,0.24038,0.27515
0.98208,0.65718,0.57638,0.0090086,0.24965,0.10253,0.71233,0.36513,0.21265,0.23903,0.27309
0.98208,0.65589,0.57237,0.0090086,0.2507,0.10253,0.71233,0.36479,0.2125,0.23768,0.27103
0.98008,0.65459,0.57237,0.0090086,0.2507,0.10253,0.71171,0.36455,0.21235,0.23565,0.26912
0.97808,0.6533,0.56835,0.0090086,0.24861,0.10253,0.71192,0.36472,0.21213,0.23363,0.26722
0.98208,0.65071,0.56835,0.0090086,0.24861,0.10253,0.71171,0.36484,0.21184,0.23228,0.26515
0.98407,0.64942,0.56835,0.0090086,0.24861,0.10253,0.71171,0.36472,0.21162,0.23093,0.26357
0.98407,0.64683,0.56433,0.0090086,0.24755,0.10253,0.71151,0.36443,0.21132,0.22957,0.26182
0.98208,0.64554,0.56433,0.0090086,0.24544,0.10253,0.7113,0.36431,0.21096,0.22755,0.26008
0.98407,0.64424,0.56433,0.0090086,0.24544,0.10253,0.7111,0.36443,0.21066,0.2262,0.25865
0.98605,0.64295,0.56433,0.0080098,0.24544,0.10253,0.7109,0.36479,0.21022,0.22417,0.25643
0.98407,0.64166,0.56433,0.0090086,0.24544,0.10253,0.7111,0.36431,0.20993,0.22282,0.25421
0.98407,0.64036,0.56032,0.0090086,0.24438,0.10253,0.7111,0.36414,0.20963,0.22012,0.25151
0.98407,0.63907,0.56032,0.0090086,0.24649,0.10253,0.71069,0.36391,0.20949,0.21742,0.24865
0.98208,0.63777,0.56032,0.0080098,0.24755,0.10253,0.71049,0.36414,0.20934,0.21472,0.24579
0.98407,0.63648,0.5563,0.0090086,0.24755,0.10253,0.71049,0.36379,0.20926,0.21202,0.24278
0.98605,0.63648,0.5563,0.0090086,0.24755,0.10253,0.71049,0.36326,0.20919,0.20999,0.24008
0.98208,0.63519,0.5563,0.0080098,0.24755,0.10253,0.71028,0.36326,0.20912,0.20797,0.23738
0.98407,0.63519,0.55228,0.0090086,0.24755,0.10253,0.71008,0.3628,0.20904,0.20527,0.23516
0.98605,0.64812,0.55228,0.0080098,0.26125,0.32463,0.71959,0.37214,0.20897,0.20392,0.23262
0.98407,0.66882,0.55228,0.0080098,0.31717,0.46195,0.74178,0.40359,0.20882,0.20122,0.23056
0.98407,0.67658,0.55228,0.0090086,0.36993,0.58238,0.7646,0.44394,0.20868,0.19986,0.22882
0.98605,0.67917,0.54426,0.010007,0.42389,0.58238,0.78853,0.49556,0.20838,0.19919,0.22771
0.98407,0.68952,0.54426,0.010007,0.46089,0.58125,0.81793,0.56224,0.20801,0.19851,0.22755
0.98804,0.70375,0.54023,0.012015,0.54903,0.58125,0.85698,0.65995,0.2075,0.19919,0.22802
0.99403,0.72704,0.52418,0.10899,0.63568,0.58013,0.8969,0.7955,0.20676,0.19986,0.22961
0.44869,0.76714,0.50812,0.76278,0.75587,0.58013,0.94226,0.90659,0.20588,0.20324,0.2331
0.10957,0.81889,0.49205,0.96141,0.88193,0.58013,0.97402,0.95761,0.20485,0.20864,0.23961
0.094402,0.86675,0.48804,0.99432,0.96019,0.58013,0.98953,0.99048,0.20375,0.21607,0.24833
0.09608,0.8784,0.50009,0.99091,0.93631,0.58013,0.98494,0.98784,0.20257,0.22282,0.25547
0.097779,0.89521,0.50812,0.99091,0.92968,0.58013,0.98569,0.98822,0.2014,0.2289,0.26246
0.10116,0.90686,0.50812,0.99205,0.92968,0.58013,0.98723,0.98822,0.20029,0.23498,0.26912
0.099456,0.91591,0.50812,0.99318,0.93232,0.58125,0.98876,0.98784,0.19926,0.24038,0.27531
0.10116,0.92367,0.52016,0.99205,0.93895,0.58125,0.99068,0.98748,0.19831,0.24578,0.28134
0.099456,0.93014,0.53221,0.99091,0.94824,0.58125,0.99145,0.9871,0.19735,0.25118,0.28737
0.10116,0.93661,0.53221,0.99205,0.9509,0.58125,0.99221,0.98898,0.19654,0.25658,0.29356
0.09608,0.94179,0.53221,0.99318,0.95222,0.58125,0.99338,0.98748,0.19596,0.26199,0.29959
0.099456,0.94825,0.53623,0.99318,0.95222,0.58238,0.99416,0.9886,0.19551,0.26739,0.30562
0.099456,0.95213,0.54828,0.99205,0.9509,0.58238,0.99493,0.98973,0.19515,0.27211,0.31149
0.099456,0.95602,0.5563,0.99205,0.95222,0.58238,0.9957,0.98635,0.19471,0.27684,0.31704
0.10116,0.9599,0.56433,0.99205,0.95487,0.5835,0.99609,0.98898,0.19426,0.28224,0.3226
0.10116,0.96378,0.56433,0.99318,0.96946,0.5835,0.99532,0.98973,0.19397,0.28629,0.32799
0.097779,0.96636,0.56835,0.99432,0.95355,0.58462,0.99338,0.98822,0.1936,0.29102,0.33323
0.099456,0.97025,0.5804,0.99205,0.94558,0.58462,0.99338,0.98598,0.19331,0.29575,0.33831
0.099456,0.97283,0.58443,0.99205,0.94426,0.58462,0.99261,0.98486,0.19309,0.2998,0.34354
0.097779,0.97283,0.58443,0.99432,0.94558,0.5835,0.99184,0.98299,0.19279,0.30452,0.34862
0.099456,0.97283,0.59278,0.99205,0.94294,0.5835,0.99068,0.9815,0.19243,0.30925,0.3537
0.097779,0.97542,0.6053,0.98978,0.94029,0.5835,0.98914,0.97891,0.19199,0.3133,0.35893
0.097779,0.97542,0.6053,0.99318,0.92702,0.58462,0.98799,0.97451,0.19169,0.31803,0.36401
0.099456,0.97413,0.6053,0.99318,0.92304,0.5835,0.98761,0.97341,0.19132,0.32275,0.36909
0.097779,0.97283,0.63034,0.99091,0.92702,0.5835,0.98647,0.97269,0.19103,0.32748,0.37464
0.09608,0.97413,0.63034,0.99205,0.931,0.5835,0.98569,0.97159,0.19066,0.33221,0.37972
0.10116,0.97542,0.63451,0.99318,0.92968,0.5835,0.98494,0.97014,0.19029,0.33626,0.38448
0.097779,0.97542,0.63869,0.99432,0.92039,0.5835,0.98418,0.96688,0.18993,0.34031,0.38972
0.099456,0.97413,0.65538,0.99318,0.91907,0.58238,0.98342,0.96688,0.18963,0.34504,0.39495
0.097779,0.97413,0.65538,0.97957,0.91641,0.5835,0.98304,0.96725,0.18934,0.34976,0.40035
0.099456,0.97542,0.6679,0.96141,0.90447,0.5835,0.98228,0.96797,0.18897,0.35381,0.40543
0.10116,0.97283,0.68043,0.94438,0.90846,0.58462,0.98115,0.96833,0.1886,0.35854,0.41019
0.099456,0.97413,0.6846,0.94438,0.90315,0.58462,0.98077,0.96474,0.18846,0.36327,0.41558
0.099456,0.97413,0.6846,0.94778,0.90315,0.58462,0.98038,0.96509,0.18846,0.36732,0.42003
0.099456,0.97413,0.69295,0.93757,0.89651,0.58575,0.98001,0.96401,0.18838,0.37002,0.42399
0.097779,0.97542,0.71381,0.93303,0.88856,0.58575,0.97963,0.96545,0.18831,0.37407,0.42796
0.099456,0.97542,0.71381,0.9353,0.88722,0.58462,0.97926,0.96474,0.18846,0.37745,0.43177
0.10116,0.97413,0.71799,0.92735,0.88722,0.58462,0.97813,0.96366,0.1886,0.38082,0.43589
0.099456,0.97413,0.72216,0.92054,0.88722,0.58575,0.97775,0.96259,0.18882,0.38488,0.43986
0.10116,0.97542,0.73468,0.91941,0.88458,0.58462,0.97739,0.96294,0.18904,0.38825,0.44399
0.10116,0.97413,0.73886,0.91487,0.88059,0.58462,0.97663,0.96259,0.18926,0.39163,0.44779
0.10116,0.97413,0.74721,0.91373,0.87795,0.58462,0.97701,0.96151,0.18956,0.395,0.45192
0.097779,0.97413,0.75555,0.91147,0.87529,0.58462,0.97663,0.96151,0.18978,0.39838,0.45573
0.10116,0.97413,0.75973,0.9092,0.87927,0.58462,0.97663,0.96151,0.18985,0.40176,0.45954
0.099456,0.97413,0.75973,0.90466,0.87661,0.58575,0.97701,0.96186,0.19007,0.40513,0.46334
0.10116,0.97542,0.77642,0.89671,0.87397,0.58462,0.97663,0.9608,0.19081,0.40918,0.46763
0.10116,0.97542,0.78059,0.89784,0.87661,0.58575,0.97626,0.95974,0.19176,0.41188,0.47128
0.099456,0.97542,0.77642,0.89784,0.87795,0.58686,0.97588,0.9608,0.19213,0.41458,0.47382
0.099456,0.97413,0.78477,0.89217,0.87132,0.58768,0.97551,0.95938,0.19228,0.41594,0.47604
0.10116,0.97413,0.79312,0.89217,0.87264,0.58686,0.97551,0.95938,0.19235,0.41729,0.47763
0.099456,0.97413,0.78477,0.8933,0.87529,0.58686,0.97551,0.96045,0.19228,0.41864,0.47874
0.099456,0.97542,0.78477,0.88876,0.87397,0.58686,0.97476,0.95797,0.19235,0.41931,0.47921
0.10116,0.97542,0.79729,0.8865,0.87132,0.58768,0.97514,0.95867,0.1925,0.41864,0.4789
0.10116,0.97413,0.78894,0.8899,0.87264,0.58575,0.97439,0.95761,0.19279,0.41864,0.47842
0.099456,0.97542,0.78059,0.89217,0.87264,0.58686,0.97476,0.95938,0.19316,0.41796,0.47794
0.10116,0.97413,0.79729,0.88763,0.86866,0.58686,0.97439,0.95797,0.19353,0.41796,0.47778
0.10116,0.97542,0.78894,0.8865,0.87264,0.58686,0.97439,0.95725,0.19375,0.41796,0.47794
0.10116,0.97413,0.78059,0.88763,0.87264,0.58575,0.97476,0.95902,0.19397,0.41864,0.47826
0.097779,0.97542,0.79729,0.88536,0.86866,0.58575,0.97476,0.95902,0.19419,0.41864,0.47842
0.099456,0.97542,0.79729,0.8865,0.86866,0.58575,0.97514,0.95902,0.19441,0.41864,0.47874
0.097779,0.97542,0.78059,0.88763,0.87264,0.58575,0.97439,0.95974,0.19471,0.41864,0.47842
0.099456,0.97413,0.78059,0.8899,0.86866,0.58462,0.97476,0.96045,0.19522,0.41796,0.47778
0.10116,0.97542,0.79312,0.88876,0.86866,0.58462,0.97514,0.95902,0.19574,0.41729,0.47747
0.099456,0.97413,0.78059,0.89217,0.87264,0.58575,0.97476,0.95974,0.19625,0.41729,0.47715
0.10116,0.97542,0.77225,0.89444,0.87264,0.58462,0.97551,0.95938,0.19669,0.41729,0.47667
0.099456,0.97413,0.78894,0.88763,0.86734,0.58462,0.97514,0.95867,0.19713,0.41661,0.47636
0.099456,0.97542,0.78059,0.89103,0.86866,0.58462,0.97476,0.95867,0.19765,0.41729,0.47699
0.099456,0.97542,0.77225,0.8933,0.86734,0.58462,0.97439,0.95867,0.19779,0.41864,0.47842
0.10116,0.97413,0.78894,0.89103,0.86468,0.5835,0.97551,0.95974,0.19824,0.41999,0.48017
0.099456,0.97413,0.79729,0.8899,0.86734,0.5835,0.97514,0.95974,0.19897,0.42269,0.48223
0.10283,0.97542,0.79312,0.89671,0.86734,0.5835,0.97551,0.9608,0.19934,0.42404,0.48413
0.099456,0.97542,0.78894,0.89103,0.86468,0.5835,0.97514,0.95938,0.20007,0.42674,0.48746
0.099456,0.97542,0.79729,0.8899,0.86734,0.58462,0.97588,0.95902,0.20088,0.43011,0.49127
0.10116,0.97413,0.79729,0.88763,0.86734,0.5835,0.97588,0.9608,0.2011,0.43349,0.49476
0.10116,0.97542,0.80564,0.88763,0.87132,0.58238,0.97588,0.96009,0.20147,0.43754,0.49905
0.099456,0.97542,0.82233,0.88196,0.86468,0.58238,0.97588,0.95938,0.20162,0.44092,0.50317
0.099456,0.97671,0.81816,0.88196,0.86866,0.5835,0.97551,0.96045,0.20191,0.44497,0.50746
0.099456,0.97542,0.81399,0.88423,0.86866,0.5835,0.97626,0.95974,0.20191,0.44835,0.51158
0.10116,0.97671,0.83903,0.87287,0.86335,0.58462,0.97588,0.95974,0.20184,0.45172,0.51523
0.10116,0.97671,0.84738,0.87741,0.86203,0.5835,0.97626,0.96009,0.20184,0.4551,0.51904
0.10116,0.97542,0.85155,0.86947,0.86335,0.58462,0.97588,0.95902,0.20191,0.45847,0.52285
0.099456,0.97671,0.85571,0.8706,0.86203,0.58575,0.97588,0.95867,0.20199,0.46185,0.5265
0.099456,0.97671,0.86407,0.86833,0.86071,0.58575,0.97588,0.95938,0.20199,0.46455,0.53015
0.099456,0.97801,0.86407,0.8672,0.86203,0.58238,0.97626,0.95797,0.20206,0.4686,0.53459
0.099456,0.9793,0.88077,0.86493,0.85673,0.5835,0.97739,0.95974,0.20206,0.47198,0.53824
0.099456,0.97801,0.89329,0.85926,0.85673,0.58462,0.97701,0.95902,0.20235,0.47535,0.54268
0.097779,0.9793,0.8891,0.85812,0.86734,0.58238,0.97701,0.95974,0.20265,0.47941,0.54665
0.10116,0.9793,0.89329,0.8638,0.86071,0.58462,0.97739,0.96009,0.20272,0.48211,0.54998
0.10116,0.9793,0.91427,0.85131,0.85673,0.58238,0.97701,0.95831,0.20316,0.48481,0.55316
0.097779,0.9793,0.91427,0.84904,0.85539,0.5835,0.97701,0.95867,0.20346,0.48751,0.55633
0.10116,0.9806,0.91427,0.85017,0.85937,0.5835,0.97739,0.95831,0.20368,0.49021,0.5595
0.10116,0.9806,0.92285,0.84904,0.85673,0.5835,0.97775,0.96009,0.20397,0.49291,0.56268
0.099456,0.9806,0.93571,0.83996,0.85539,0.5835,0.97739,0.95797,0.20441,0.49629,0.56633
0.10116,0.9806,0.93999,0.8445,0.85142,0.58238,0.97775,0.95938,0.20478,0.49831,0.56918
0.10116,0.98189,0.94856,0.84223,0.85407,0.5835,0.97775,0.96009,0.205,0.50101,0.57204
0.10116,0.9806,0.95285,0.83429,0.85142,0.5835,0.97775,0.96009,0.20537,0.50371,0.57553
0.099456,0.98318,0.95714,0.83656,0.85142,0.5835,0.97775,0.95797,0.20566,0.50641,0.57807
0.10116,0.98189,0.96142,0.83088,0.85274,0.5835,0.97739,0.95831,0.20588,0.50912,0.58093
0.099456,0.98318,0.97428,0.82861,0.85539,0.58462,0.97775,0.95725,0.20632,0.51182,0.5841
0.099456,0.98318,0.97,0.83315,0.85673,0.58575,0.97813,0.95655,0.20787,0.51519,0.58838
0.10116,0.98318,0.97856,0.82861,0.85539,0.58462,0.97775,0.95761,0.20846,0.51722,0.59061
0.10116,0.98318,0.99142,0.82861,0.85142,0.58686,0.97775,0.9562,0.2089,0.51857,0.59251
0.10116,0.98448,0.97856,0.83088,0.85142,0.58686,0.97813,0.95725,0.20949,0.51992,0.59346
0.10116,0.98318,0.98286,0.8218,0.85142,0.58575,0.97775,0.9562,0.20993,0.51992,0.5941
0.10283,0.98448,0.99142,0.82293,0.8501,0.58686,0.97813,0.95761,0.21074,0.52127,0.59473
0.10283,0.98318,0.98286,0.82634,0.85407,0.4597,0.97775,0.95584,0.21176,0.52127,0.59521
0.030349,0.91591,1,0.1594,0.57047,0.34827,0.93947,0.80025,0.21279,0.51992,0.59315
0.020218,0.84347,0.99142,0.017018,0.47177,0.28074,0.88932,0.68639,0.21338,0.51452,0.58759
0.013486,0.80078,0.98714,0.014022,0.51421,0.28074,0.84775,0.57696,0.21426,0.50912,0.58109
0.013486,0.81889,0.97856,0.013013,0.48266,0.27736,0.84975,0.57914,0.21588,0.50304,0.57458
0.013486,0.84605,0.96572,0.014022,0.57505,0.28074,0.87727,0.62843,0.21809,0.49899,0.56998
0.013486,0.80983,0.95714,0.014022,0.54249,0.28074,0.86257,0.61439,0.21963,0.49426,0.56458
0.011787,0.79301,0.94428,0.015021,0.51856,0.28299,0.85206,0.60196,0.22176,0.48886,0.55839
0.011787,0.79819,0.93571,0.015021,0.53814,0.28299,0.85728,0.61302,0.22287,0.48211,0.55062
0.013486,0.79819,0.91427,0.015021,0.54795,0.28411,0.86345,0.62259,0.22397,0.47535,0.54237
0.013486,0.78784,0.90581,0.014022,0.54576,0.28524,0.86286,0.62165,0.22551,0.46995,0.53586
0.010109,0.78137,0.89329,0.014022,0.53923,0.28524,0.86138,0.61993,0.22721,0.4632,0.5284
0.011787,0.7762,0.88077,0.013013,0.54576,0.27624,0.8608,0.62041,0.2289,0.45645,0.52079
0.011787,0.76326,0.86823,0.013013,0.52944,0.26949,0.85437,0.6109,0.22985,0.4497,0.51285
0.013486,0.7555,0.85155,0.013013,0.5229,0.26949,0.84975,0.60521,0.2314,0.44294,0.50555
0.013486,0.75291,0.8432,0.013013,0.52073,0.26836,0.85033,0.60744,0.23382,0.43889,0.50079
0.013486,0.75291,0.83068,0.013013,0.5229,0.27174,0.85149,0.6082,0.23684,0.43619,0.49699
0.011787,0.74903,0.81816,0.013013,0.53379,0.27962,0.85206,0.6112,0.2386,0.43079,0.49064
0.010109,0.74644,0.80981,0.014022,0.53379,0.27962,0.85264,0.61181,0.23993,0.42539,0.48524
0.013486,0.74386,0.79729,0.014022,0.53379,0.27849,0.85293,0.61257,0.24154,0.42134,0.47985
0.013486,0.73868,0.78894,0.014022,0.53597,0.27398,0.8535,0.61287,0.24294,0.41594,0.47382
0.010109,0.73739,0.77642,0.014022,0.53814,0.26949,0.8538,0.61378,0.24412,0.41188,0.46842
0.011787,0.7348,0.77225,0.012015,0.53814,0.27398,0.85553,0.61577,0.24493,0.40648,0.46303
0.010109,0.73221,0.75973,0.012015,0.54141,0.27962,0.85582,0.61716,0.24574,0.40378,0.4589
0.011787,0.72962,0.75138,0.014022,0.54141,0.27962,0.85612,0.61716,0.24662,0.40041,0.45541
0.013486,0.72574,0.74303,0.013013,0.54032,0.27624,0.85612,0.61762,0.24728,0.39703,0.45176
0.011787,0.72574,0.73886,0.013013,0.54141,0.28074,0.8567,0.61901,0.24831,0.39433,0.44875
0.011787,0.72445,0.73468,0.014022,0.54686,0.28411,0.85845,0.62197,0.24926,0.3923,0.44605
0.010109,0.72057,0.72634,0.014022,0.51856,0.19745,0.85757,0.61979,0.24949,0.38758,0.44065
0.013486,0.67788,0.72216,0.013013,0.3214,0.16819,0.81953,0.53505,0.24949,0.38285,0.43526
0.018541,0.65718,0.71799,0.011016,0.23699,0.16932,0.78482,0.46428,0.24941,0.37812,0.4305
0.46373,0.65201,0.71381,0.011016,0.21695,0.16932,0.76719,0.42908,0.24904,0.37407,0.4259
0.96215,0.64554,0.70964,0.011016,0.31295,0.16932,0.75669,0.41905,0.2486,0.37137,0.42177
0.97211,0.63777,0.70547,0.011016,0.29185,0.16932,0.74872,0.41516,0.24882,0.36799,0.41876
0.97411,0.63389,0.70129,0.010007,0.28447,0.16932,0.74245,0.41207,0.24912,0.36462,0.41495
0.97611,0.63389,0.69295,0.010007,0.28657,0.22333,0.73912,0.41039,0.24919,0.36192,0.41146
0.98008,0.66882,0.6846,0.010007,0.34777,0.22671,0.76933,0.45465,0.24941,0.35922,0.4086
0.98008,0.68435,0.68043,0.011016,0.41302,0.22671,0.79913,0.51313,0.24949,0.35652,0.40543
0.82927,0.67529,0.67625,0.012015,0.4685,0.22671,0.81846,0.56497,0.24956,0.35381,0.40209
0.34991,0.64942,0.6679,0.012015,0.46742,0.22784,0.81447,0.56563,0.24956,0.35111,0.39908
0.082594,0.62613,0.66373,0.012015,0.41519,0.22671,0.79888,0.53445,0.24963,0.34841,0.39591
0.015164,0.63648,0.66373,0.011016,0.40867,0.22559,0.79734,0.5151,0.24978,0.34571,0.39321
0.013486,0.6533,0.65956,0.011016,0.44239,0.22671,0.80505,0.51931,0.24985,0.34301,0.39003
0.015164,0.65589,0.65538,0.011016,0.44022,0.22784,0.80947,0.52065,0.25007,0.34031,0.3867
0.013486,0.6533,0.65121,0.011016,0.43913,0.22671,0.80842,0.5162,0.25037,0.33761,0.38321
0.013486,0.64942,0.64703,0.010007,0.43913,0.22671,0.80582,0.5128,0.25088,0.33423,0.37988
0.015164,0.64812,0.64286,0.011016,0.43913,0.22671,0.80401,0.51052,0.2514,0.33086,0.37591
0.011787,0.64812,0.63869,0.011016,0.43913,0.22671,0.8035,0.5103,0.25228,0.32681,0.37115
0.013486,0.64942,0.63451,0.010007,0.43913,0.22671,0.80427,0.51139,0.25294,0.32208,0.36623
0.013486,0.67529,0.62616,0.011016,0.46307,0.49459,0.82061,0.53753,0.25375,0.3187,0.36211
0.013486,0.71539,0.61782,0.011016,0.55012,0.49571,0.85757,0.61196,0.25471,0.316,0.35957
0.013486,0.75291,0.6053,0.013013,0.64826,0.49234,0.89817,0.70687,0.25544,0.31465,0.35766
0.015164,0.79819,0.60112,0.30765,0.74731,0.48896,0.94436,0.83285,0.25596,0.31465,0.35782
0.023595,0.84735,0.57638,0.79683,0.88059,0.49234,0.97888,0.92214,0.25625,0.31735,0.36084
0.02865,0.89392,0.54828,0.98297,0.96548,0.49459,0.99922,0.97159,0.2564,0.32073,0.3648
0.02865,0.90427,0.54828,0.97275,0.94558,0.49459,0.99145,0.96653,0.25647,0.32546,0.36972
0.030349,0.91979,0.55228,0.96821,0.92304,0.49459,0.99029,0.96294,0.2564,0.32951,0.37464
0.030349,0.93144,0.56433,0.96141,0.92171,0.50247,0.99261,0.96294,0.25618,0.33356,0.3794
0.030349,0.93532,0.56433,0.96935,0.94161,0.50134,0.99029,0.95831,0.25596,0.33828,0.38448
0.030349,0.94049,0.57638,0.95573,0.94029,0.48558,0.98914,0.9562,0.25566,0.34301,0.3894
0.032027,0.94567,0.58443,0.93757,0.91641,0.47996,0.98837,0.95373,0.25522,0.34706,0.39384
0.02865,0.94825,0.59695,0.93076,0.91907,0.47996,0.98837,0.95303,0.25478,0.35111,0.39892
0.02865,0.95343,0.60112,0.93076,0.931,0.47996,0.98876,0.95303,0.25434,0.35584,0.404
0.030349,0.9586,0.60947,0.93076,0.93232,0.47996,0.98953,0.95339,0.2539,0.36057,0.40908
0.030349,0.96119,0.61364,0.93076,0.93365,0.47996,0.9899,0.95409,0.25353,0.36462,0.414
0.032027,0.96378,0.62199,0.92054,0.93365,0.47996,0.98876,0.95198,0.25309,0.36867,0.4186
0.030349,0.96507,0.62616,0.91487,0.931,0.47996,0.98799,0.95093,0.25272,0.37272,0.4232
0.030349,0.96895,0.63451,0.916,0.91243,0.47996,0.98953,0.95128,0.25243,0.37677,0.42844
0.032027,0.97025,0.64703,0.91033,0.93365,0.47996,0.98876,0.95128,0.25213,0.38082,0.43288
0.033704,0.96378,0.65956,0.84336,0.89386,0.39104,0.98304,0.93887,0.25184,0.38488,0.437
0.023595,0.87581,0.68877,0.18312,0.58305,0.34489,0.93394,0.78326,0.25162,0.38623,0.43859
0.016863,0.81501,0.69295,0.014022,0.64713,0.34265,0.89152,0.6915,0.25162,0.38623,0.43796
0.018541,0.84735,0.69295,0.01602,0.65856,0.34265,0.90686,0.73022,0.2514,0.38488,0.437
0.016863,0.83312,0.69712,0.01602,0.6803,0.34265,0.90882,0.74376,0.2511,0.3842,0.43637
0.015164,0.80983,0.69712,0.01602,0.63568,0.34265,0.89499,0.72311,0.25044,0.38352,0.43573
0.016863,0.81501,0.70129,0.015021,0.65628,0.34265,0.89977,0.73511,0.25022,0.38488,0.43685
0.016863,0.81242,0.70129,0.015021,0.66428,0.34265,0.90427,0.74332,0.24985,0.38623,0.43827
0.015164,0.80595,0.70547,0.015021,0.66315,0.34265,0.90363,0.74288,0.24919,0.3869,0.43954
0.015164,0.80078,0.70547,0.01602,0.65628,0.34265,0.90202,0.74071,0.2486,0.38758,0.4405
0.013486,0.7956,0.70964,0.01602,0.6517,0.34265,0.90138,0.73984,0.24794,0.38893,0.44129
0.015164,0.79301,0.70547,0.01602,0.65056,0.34265,0.90105,0.73984,0.24765,0.38893,0.44224
0.018541,0.79043,0.70964,0.01602,0.6517,0.34376,0.90138,0.74093,0.24735,0.38893,0.44192
0.016863,0.78784,0.70547,0.01602,0.65741,0.34489,0.90169,0.7418,0.24699,0.38825,0.44097
0.016863,0.78655,0.70547,0.01602,0.65741,0.35052,0.90266,0.74332,0.24706,0.38758,0.44018
0.016863,0.76585,0.70547,0.01602,0.62997,0.32013,0.89057,0.72145,0.24728,0.38623,0.43923
0.015164,0.75291,0.70964,0.014022,0.59335,0.33476,0.87483,0.69843,0.24787,0.38488,0.43732
0.015164,0.77878,0.70129,0.015021,0.63568,0.33701,0.89373,0.73001,0.2486,0.38217,0.43462
0.015164,0.77361,0.69712,0.01602,0.6437,0.33814,0.89499,0.73107,0.24904,0.37947,0.43129
0.016863,0.74386,0.69295,0.015021,0.6048,0.30437,0.87727,0.70018,0.24993,0.37677,0.42875
0.015164,0.72833,0.68877,0.014022,0.56017,0.2965,0.85903,0.66825,0.25074,0.37542,0.42621
0.015164,0.75032,0.68877,0.014022,0.58305,0.3055,0.87122,0.68545,0.2514,0.37272,0.42383
0.016863,0.74903,0.68043,0.015021,0.59793,0.30662,0.87606,0.69073,0.25206,0.37137,0.42177
0.016863,0.73868,0.68043,0.014022,0.58535,0.30662,0.87242,0.68358,0.25265,0.37002,0.42066
0.016863,0.7348,0.67625,0.014022,0.57962,0.30662,0.86971,0.68042,0.25316,0.36867,0.41923
0.016863,0.7348,0.67208,0.014022,0.58305,0.30325,0.87031,0.68191,0.25338,0.36732,0.41765
0.013486,0.7348,0.67208,0.014022,0.58763,0.30888,0.87212,0.68489,0.25375,0.36664,0.41638
0.016863,0.7348,0.67208,0.013013,0.59107,0.31113,0.87394,0.68789,0.25397,0.36529,0.41511
0.016863,0.73351,0.66373,0.014022,0.59563,0.31113,0.87515,0.68903,0.25404,0.36462,0.414
0.018541,0.73221,0.66373,0.015021,0.59222,0.30888,0.87483,0.68903,0.25412,0.36327,0.41304
0.015164,0.72833,0.66373,0.015021,0.58992,0.31,0.87423,0.68789,0.25412,0.36327,0.41241
0.015164,0.72704,0.66373,0.014022,0.58763,0.30888,0.87362,0.68733,0.25412,0.36327,0.41225
0.015164,0.72445,0.65956,0.015021,0.58878,0.30888,0.87362,0.68733,0.25397,0.36327,0.41193
0.016863,0.72445,0.66373,0.014022,0.59222,0.30888,0.87394,0.68789,0.25382,0.36327,0.41193
0.016863,0.72186,0.65956,0.014022,0.58992,0.2965,0.87272,0.68564,0.25368,0.36259,0.41177
0.013486,0.70763,0.65956,0.014022,0.56932,0.301,0.86257,0.66914,0.25346,0.36192,0.41082
0.016863,0.71022,0.65538,0.014022,0.5636,0.29987,0.86109,0.6686,0.25324,0.36192,0.41035
0.015164,0.71281,0.65538,0.014022,0.5739,0.29875,0.86375,0.67311,0.25301,0.36124,0.41003
0.016863,0.71281,0.65538,0.014022,0.57619,0.29762,0.86523,0.67601,0.25279,0.36057,0.40955
0.015164,0.71022,0.65538,0.014022,0.57505,0.29762,0.86553,0.6762,0.25257,0.36057,0.40892
0.016863,0.71022,0.65538,0.014022,0.57505,0.29762,0.86523,0.67583,0.25228,0.35989,0.40844
0.016863,0.70893,0.65538,0.014022,0.57505,0.2965,0.86553,0.67601,0.25199,0.35922,0.40797
0.015164,0.70763,0.65538,0.015021,0.5739,0.2965,0.86553,0.67601,0.25176,0.35922,0.40765
0.016863,0.70763,0.65538,0.014022,0.5739,0.2965,0.86523,0.67583,0.25147,0.35854,0.40717
0.015164,0.70634,0.65538,0.014022,0.57277,0.29762,0.86523,0.67564,0.25118,0.35787,0.4067
0.016863,0.70505,0.65956,0.013013,0.57277,0.2965,0.86523,0.67601,0.25088,0.35787,0.40606
0.018541,0.70505,0.65538,0.014022,0.57505,0.2965,0.86553,0.67638,0.25051,0.35719,0.40574
0.016863,0.70375,0.65538,0.013013,0.57505,0.29762,0.86553,0.67657,0.25022,0.35652,0.40495
0.015164,0.70375,0.65538,0.014022,0.57505,0.2965,0.86583,0.67674,0.24993,0.35652,0.40463
0.016863,0.70375,0.65538,0.014022,0.57734,0.29762,0.86672,0.67821,0.24971,0.35652,0.40447
0.016863,0.70505,0.65538,0.014022,0.57962,0.29762,0.86732,0.67969,0.24941,0.35517,0.404
0.016863,0.73997,0.65538,0.014022,0.61623,0.45519,0.88901,0.72083,0.24926,0.35517,0.40352
0.018541,0.80207,0.65956,0.21253,0.73384,0.47321,0.93982,0.81846,0.24912,0.35584,0.40432
0.026972,0.8564,0.64703,0.72683,0.86203,0.47321,0.97926,0.90915,0.24949,0.35787,0.40685
0.026972,0.8771,0.62199,0.86947,0.92702,0.47433,0.98455,0.94126,0.24985,0.36057,0.41019
0.030349,0.88357,0.62199,0.85017,0.87661,0.47433,0.9785,0.93244,0.24956,0.36192,0.41114
0.02865,0.89909,0.62616,0.8638,0.88193,0.47433,0.9819,0.93649,0.24897,0.36192,0.41114
0.094402,0.92885,0.61782,0.98978,0.96548,0.5835,1,0.98748,0.24824,0.36057,0.40971
0.094402,0.92238,0.6053,0.99205,0.94558,0.5835,0.99068,0.9815,0.24816,0.36057,0.40939
0.09608,0.93402,0.60947,0.99091,0.931,0.58238,0.99416,0.9886,0.24824,0.36124,0.41019
0.094402,0.94179,0.60112,0.99205,0.93232,0.58238,0.99609,0.98748,0.24853,0.36192,0.4105
0.094402,0.94696,0.6053,0.99091,0.95355,0.58238,0.99726,0.98822,0.24868,0.36192,0.41114
0.094402,0.95084,0.60947,0.98978,0.94956,0.58238,0.99726,0.9871,0.24882,0.36327,0.41288
0.092724,0.95602,0.61364,0.99091,0.94426,0.58238,0.99765,0.98822,0.24904,0.36597,0.41542
0.094402,0.9586,0.60947,0.99091,0.94558,0.58238,0.99765,0.98822,0.24882,0.36799,0.41796
0.091025,0.96248,0.61782,0.99091,0.94558,0.58238,0.99882,0.98784,0.24868,0.3707,0.42145
0.092724,0.96507,0.63034,0.98864,0.94824,0.58238,0.99922,0.98784,0.24882,0.37407,0.42463
0.092724,0.96766,0.63869,0.98864,0.95222,0.58238,0.99882,0.98598,0.24912,0.37745,0.42859
0.094402,0.97025,0.63034,0.99205,0.95619,0.58238,0.99882,0.98522,0.24949,0.38082,0.43256
0.092724,0.97025,0.63451,0.99318,0.95753,0.5835,0.99765,0.98598,0.24993,0.3842,0.43637
0.094402,0.97154,0.65121,0.98978,0.95222,0.5835,0.99726,0.98374,0.25044,0.3869,0.43954
0.091025,0.97283,0.65538,0.98978,0.95487,0.5835,0.99688,0.98448,0.25103,0.39028,0.44303
0.092724,0.97283,0.65121,0.99091,0.95753,0.58462,0.99609,0.98337,0.25169,0.39298,0.44589
0.094402,0.97283,0.65956,0.98978,0.95222,0.58238,0.99493,0.98077,0.25228,0.39433,0.44827
0.092724,0.97542,0.6679,0.98978,0.93895,0.58462,0.99454,0.98039,0.25316,0.3977,0.45144
0.094402,0.97413,0.6679,0.99091,0.93631,0.5835,0.99221,0.97745,0.25397,0.39973,0.45367
0.094402,0.97413,0.66373,0.99318,0.93497,0.58462,0.99221,0.97635,0.25485,0.40243,0.45652
0.094402,0.97413,0.67625,0.98978,0.93232,0.58462,0.99068,0.97524,0.25581,0.40446,0.45874
0.092724,0.97542,0.68043,0.99091,0.93365,0.58575,0.99029,0.97635,0.25676,0.40648,0.46144
0.092724,0.97413,0.67625,0.99205,0.93365,0.58462,0.98953,0.97341,0.25779,0.40918,0.46366
0.094402,0.97413,0.68043,0.99205,0.92171,0.5835,0.98953,0.97269,0.25904,0.41121,0.4662
0.094402,0.97413,0.6846,0.99205,0.92039,0.5835,0.98914,0.97269,0.26022,0.41323,0.46858
0.094402,0.97542,0.6846,0.98411,0.9257,0.58462,0.98876,0.97305,0.26147,0.41526,0.47049
0.092724,0.97413,0.68043,0.97389,0.92702,0.58575,0.98837,0.97305,0.26287,0.41594,0.47175
0.094402,0.97413,0.69712,0.95573,0.92171,0.58462,0.98723,0.97378,0.26426,0.41729,0.47287
0.094402,0.97283,0.68877,0.97389,0.90846,0.58462,0.98723,0.9705,0.26559,0.41864,0.47461
0.094402,0.97542,0.6846,0.97502,0.9257,0.58575,0.98723,0.97159,0.26706,0.41999,0.47604
0.092724,0.97413,0.69295,0.95687,0.92304,0.58686,0.98723,0.97123,0.26853,0.42269,0.47858
0.094402,0.97542,0.70129,0.94778,0.92437,0.58768,0.98761,0.97305,0.27007,0.42471,0.48064
0.092724,0.97283,0.68877,0.93644,0.8859,0.58768,0.98647,0.97159,0.27154,0.42674,0.4827
0.094402,0.97283,0.69712,0.95346,0.91376,0.5885,0.98684,0.97123,0.27309,0.42809,0.48477
0.092724,0.97542,0.70547,0.94551,0.90846,0.58768,0.98723,0.97232,0.27456,0.43079,0.48683
0.09608,0.97413,0.69295,0.95118,0.91376,0.58686,0.98761,0.9705,0.27603,0.43214,0.48905
0.094402,0.97283,0.70129,0.94551,0.91243,0.5835,0.98684,0.96978,0.2775,0.43417,0.4908
0.094402,0.97413,0.71381,0.94551,0.90712,0.5835,0.98647,0.96978,0.2789,0.43552,0.49254
0.094402,0.97413,0.70547,0.9546,0.9111,0.5835,0.98684,0.9687,0.28029,0.43822,0.4954
0.092724,0.97542,0.71381,0.95006,0.90712,0.58462,0.98608,0.96942,0.28169,0.44024,0.49778
0.092724,0.97413,0.71381,0.96027,0.90712,0.5835,0.98608,0.97014,0.28279,0.44227,0.49984
0.094402,0.97542,0.72216,0.96141,0.9058,0.58462,0.98608,0.96942,0.2839,0.44429,0.50206
0.09608,0.97542,0.71381,0.96367,0.90712,0.58462,0.98532,0.96905,0.28507,0.44632,0.50428
0.094402,0.97542,0.73051,0.95914,0.90315,0.5306,0.98569,0.9705,0.2861,0.44835,0.50666
0.094402,0.97542,0.71799,0.94778,0.93232,0.5306,0.98532,0.96942,0.28676,0.45105,0.50889
0.094402,0.97542,0.71799,0.94778,0.90447,0.53173,0.98532,0.96905,0.28809,0.45375,0.51238
0.094402,0.97542,0.73468,0.94551,0.89917,0.53173,0.98494,0.96905,0.28949,0.45645,0.51492
0.094402,0.97542,0.73468,0.94438,0.9058,0.53173,0.98494,0.9705,0.29059,0.45847,0.5173
0.094402,0.97542,0.72634,0.93984,0.90846,0.53173,0.98455,0.96978,0.29191,0.45915,0.51809
0.094402,0.97413,0.73468,0.93984,0.9058,0.58462,0.98455,0.96761,0.29331,0.4605,0.51968
0.094402,0.97413,0.73886,0.94097,0.89783,0.58575,0.98455,0.97014,0.29493,0.46185,0.52079
0.094402,0.97542,0.73468,0.9353,0.9058,0.58462,0.98455,0.97014,0.29662,0.46185,0.5211
0.094402,0.97413,0.74721,0.93644,0.89386,0.58462,0.98455,0.96942,0.29831,0.4632,0.52237
0.094402,0.97413,0.74303,0.93984,0.90712,0.58462,0.98455,0.96942,0.3,0.46455,0.52396
0.094402,0.97413,0.73468,0.94097,0.90183,0.58462,0.98418,0.96978,0.30176,0.4659,0.52539
0.094402,0.97283,0.73886,0.93644,0.90712,0.58462,0.98455,0.96905,0.30353,0.46793,0.52729
0.097779,0.97413,0.73886,0.93644,0.89917,0.5835,0.98455,0.96942,0.30529,0.46995,0.52904
0.094402,0.97542,0.73051,0.94438,0.92171,0.58462,0.98455,0.96978,0.30706,0.47063,0.52999
0.094402,0.97542,0.73886,0.93644,0.90183,0.58462,0.98455,0.9705,0.30875,0.4713,0.53094
0.094402,0.97542,0.74303,0.93644,0.91376,0.58462,0.98418,0.96942,0.31044,0.47265,0.53253
0.094402,0.97413,0.73886,0.93644,0.89917,0.58462,0.98379,0.96833,0.31221,0.47535,0.53427
0.092724,0.97283,0.74303,0.93644,0.90846,0.5835,0.98379,0.96942,0.31397,0.4767,0.5365
0.094402,0.97542,0.74721,0.93644,0.89651,0.58575,0.98418,0.96978,0.31566,0.47941,0.53872
0.094402,0.97542,0.74303,0.9387,0.91508,0.58462,0.98418,0.9705,0.31735,0.48211,0.54157
0.09608,0.97542,0.74303,0.9387,0.90049,0.58462,0.98418,0.96833,0.31912,0.48346,0.54395
0.09608,0.97413,0.75555,0.93076,0.9058,0.58462,0.98418,0.96942,0.32081,0.48481,0.54554
0.09608,0.97413,0.74721,0.93644,0.90049,0.5835,0.98418,0.96942,0.32257,0.48616,0.54681
0.094402,0.97413,0.75138,0.93303,0.90183,0.58462,0.98418,0.9687,0.32426,0.48751,0.54808
0.094402,0.97542,0.75973,0.9319,0.89917,0.58462,0.98455,0.97014,0.32588,0.48751,0.54745
0.09608,0.97413,0.75138,0.93644,0.89917,0.5835,0.98418,0.96942,0.32757,0.48818,0.54871
0.09608,0.97283,0.75138,0.93076,0.90183,0.58575,0.98379,0.97014,0.32926,0.49021,0.55094
0.09608,0.97413,0.75555,0.93644,0.90049,0.5835,0.98455,0.96942,0.33103,0.49156,0.55205
0.094402,0.97413,0.74721,0.9387,0.90183,0.5835,0.98455,0.97014,0.33265,0.49359,0.55395
0.09608,0.97542,0.74303,0.9353,0.90049,0.58462,0.98418,0.96905,0.33426,0.49426,0.55474
0.094402,0.97542,0.74721,0.93644,0.90049,0.5835,0.98455,0.96905,0.33588,0.49561,0.55601
0.09608,0.97542,0.74303,0.94097,0.92171,0.5835,0.98379,0.9705,0.3375,0.49561,0.55649
0.094402,0.97542,0.74303,0.9387,0.90712,0.58462,0.98455,0.97159,0.33904,0.49696,0.55712
0.097779,0.97542,0.74721,0.94211,0.90978,0.5835,0.98455,0.97087,0.34059,0.49831,0.55808
0.094402,0.97413,0.74721,0.93417,0.90315,0.5835,0.98379,0.96978,0.34228,0.49966,0.55966
0.094402,0.97542,0.75138,0.93417,0.90315,0.5835,0.98418,0.97087,0.34382,0.50101,0.56093
0.094402,0.97542,0.75555,0.9353,0.90049,0.5835,0.98455,0.97087,0.34537,0.50236,0.56236
0.094402,0.97542,0.74721,0.93757,0.90183,0.5835,0.98455,0.9705,0.34691,0.50371,0.56379
0.09608,0.97542,0.74721,0.93984,0.90049,0.5835,0.98418,0.96978,0.34853,0.50574,0.56569
0.094402,0.97542,0.75138,0.93644,0.90315,0.5835,0.98379,0.97123,0.35022,0.50709,0.56712
0.094402,0.97542,0.74303,0.93984,0.9058,0.58238,0.98455,0.9705,0.35176,0.50777,0.56807
0.094402,0.97542,0.73886,0.94211,0.90315,0.5835,0.98494,0.97087,0.35353,0.50912,0.5695
0.094402,0.97542,0.74721,0.93644,0.90049,0.5835,0.98455,0.97087,0.35522,0.51047,0.57077
0.094402,0.97542,0.75138,0.93757,0.90183,0.5835,0.98455,0.96942,0.35691,0.51182,0.57188
0.097779,0.97542,0.74303,0.94324,0.90183,0.58238,0.98418,0.97087,0.35868,0.51317,0.57299
0.09608,0.97413,0.75555,0.93417,0.89917,0.58462,0.98418,0.9705,0.36044,0.51317,0.57363
0.09608,0.97542,0.74721,0.9387,0.90183,0.5835,0.98455,0.97014,0.36243,0.51452,0.57474
0.09608,0.97413,0.73886,0.94211,0.90315,0.58238,0.98379,0.97087,0.36434,0.51452,0.57458
0.097779,0.97413,0.74721,0.9353,0.90049,0.5835,0.98494,0.9705,0.36625,0.51452,0.57458
0.09608,0.97542,0.74721,0.93644,0.90183,0.5835,0.98494,0.97159,0.36824,0.51519,0.57506
0.09608,0.97413,0.74303,0.94892,0.90183,0.58462,0.98455,0.97087,0.37066,0.51654,0.57617
0.09608,0.97413,0.74303,0.93417,0.90049,0.58462,0.98494,0.97159,0.37294,0.51587,0.57537
0.09608,0.97413,0.73886,0.93303,0.90315,0.5835,0.98455,0.97123,0.37515,0.51587,0.5749
0.09608,0.97413,0.73051,0.93417,0.9058,0.5835,0.98494,0.97196,0.37735,0.51587,0.57506
0.099456,0.97542,0.74303,0.93757,0.90049,0.58238,0.98494,0.97159,0.37971,0.51587,0.57458
0.09608,0.97413,0.72216,0.94778,0.90447,0.5835,0.98494,0.97159,0.38213,0.51519,0.57442
0.09608,0.97413,0.72634,0.94097,0.90447,0.58462,0.98494,0.9705,0.38456,0.51587,0.57537
0.097779,0.97542,0.73051,0.958,0.90183,0.58462,0.98532,0.97232,0.38699,0.51722,0.57648
0.097779,0.97413,0.72216,0.9387,0.90712,0.58462,0.98455,0.97087,0.38934,0.51857,0.5768
0.10116,0.97413,0.72634,0.95346,0.90183,0.5835,0.98455,0.97159,0.39169,0.51789,0.57648
0.099456,0.97413,0.72216,0.94665,0.90315,0.5835,0.98494,0.97159,0.39397,0.51857,0.5768
0.097779,0.97413,0.71381,0.9387,0.90447,0.5835,0.98532,0.97269,0.39625,0.51857,0.57648
0.09608,0.97413,0.71799,0.94778,0.90183,0.5835,0.98532,0.97269,0.39846,0.51722,0.57601
0.097779,0.97542,0.71381,0.94211,0.90315,0.5835,0.98532,0.97378,0.40051,0.51857,0.57664
0.09608,0.97283,0.70547,0.93757,0.90712,0.58238,0.98455,0.97232,0.40265,0.51992,0.57807
0.097779,0.97413,0.71381,0.94551,0.90315,0.5835,0.98532,0.97341,0.40471,0.52059,0.57855
0.09608,0.97413,0.70547,0.97389,0.90447,0.58462,0.98569,0.97305,0.40662,0.52127,0.57918
0.097779,0.97413,0.69712,0.95573,0.92039,0.5835,0.98569,0.97305,0.40846,0.52262,0.58013
0.09608,0.97542,0.69712,0.96254,0.91376,0.58462,0.98608,0.97196,0.41029,0.52397,0.58188
0.097779,0.97413,0.71381,0.96935,0.91641,0.5835,0.98532,0.97305,0.41191,0.526,0.58378
0.09608,0.97413,0.70547,0.96027,0.90712,0.5835,0.98569,0.97269,0.41353,0.52802,0.58537
0.097779,0.97413,0.69712,0.94438,0.90978,0.58238,0.98532,0.97341,0.415,0.52937,0.58632
0.097779,0.97413,0.70547,0.97389,0.91508,0.5835,0.98532,0.97378,0.41647,0.53072,0.58791
0.097779,0.97542,0.70129,0.96594,0.9111,0.5835,0.98569,0.97415,0.41779,0.53207,0.58918
0.09608,0.97413,0.70964,0.94665,0.90846,0.5835,0.98608,0.97378,0.41912,0.53342,0.59061
0.097779,0.97542,0.72216,0.94438,0.90978,0.5835,0.98647,0.97415,0.42029,0.53477,0.59251
0.09608,0.97413,0.70547,0.96821,0.91641,0.5835,0.98569,0.97232,0.42132,0.53612,0.59378
0.097779,0.97413,0.71381,0.95914,0.91243,0.5835,0.98569,0.97232,0.4225,0.53747,0.59537
0.09608,0.97413,0.72216,0.95118,0.89917,0.5835,0.98608,0.97305,0.4236,0.53883,0.59679
0.097779,0.97413,0.70964,0.96594,0.9111,0.5835,0.98532,0.97232,0.42382,0.5395,0.59727
0.097779,0.97413,0.70964,0.96708,0.91376,0.51709,0.98532,0.97196,0.42412,0.54018,0.59791
0.035403,0.91074,0.73468,0.38214,0.60823,0.3494,0.94576,0.8353,0.42478,0.54153,0.59886
0.023595,0.84605,0.73886,0.015021,0.58878,0.34376,0.90266,0.7194,0.425,0.54018,0.59806
0.020218,0.85511,0.74303,0.013013,0.62768,0.35052,0.89977,0.70886,0.42522,0.53883,0.59727
0.018541,0.89392,0.73886,0.045062,0.72405,0.39554,0.93291,0.78205,0.42529,0.53883,0.59664
0.020218,0.88228,0.74303,0.1515,0.73751,0.39892,0.93566,0.80176,0.42515,0.53883,0.59616
0.020218,0.87322,0.73468,0.1594,0.73628,0.4023,0.93394,0.80124,0.42537,0.53883,0.59616
0.020218,0.86805,0.73886,0.16039,0.73261,0.4023,0.93291,0.8015,0.425,0.53747,0.59489
0.016863,0.86417,0.74303,0.17126,0.73017,0.4023,0.93291,0.80251,0.42485,0.53612,0.59426
0.020218,0.86287,0.73468,0.1851,0.73628,0.40117,0.93497,0.80403,0.42485,0.53612,0.59394
0.020218,0.85899,0.73886,0.18213,0.73384,0.40117,0.93428,0.80377,0.42485,0.53747,0.59473
0.020218,0.85511,0.73886,0.18114,0.73139,0.40117,0.9336,0.80301,0.42463,0.5368,0.59426
0.016863,0.85123,0.73051,0.18016,0.73139,0.40117,0.93291,0.80276,0.42426,0.53612,0.59394
0.021917,0.84994,0.73468,0.18114,0.73017,0.40117,0.93222,0.80276,0.42412,0.5368,0.59426
0.020218,0.84735,0.73468,0.18708,0.73017,0.40004,0.93325,0.80377,0.4239,0.53612,0.59378
0.020218,0.84476,0.72634,0.18411,0.73139,0.40004,0.93291,0.80327,0.42353,0.53545,0.59299
0.018541,0.84217,0.73051,0.1851,0.72772,0.40117,0.93256,0.80327,0.42294,0.53477,0.59188
0.020218,0.84088,0.73468,0.1851,0.72772,0.4023,0.93222,0.80327,0.42272,0.53342,0.59124
0.020218,0.83959,0.72634,0.1851,0.72772,0.40117,0.93222,0.80327,0.42243,0.53342,0.59061
0.018541,0.83829,0.72216,0.18806,0.73017,0.4023,0.93256,0.80327,0.42213,0.53342,0.59029
0.020218,0.837,0.72634,0.18905,0.73017,0.4023,0.93256,0.80352,0.42184,0.53342,0.59013
0.020218,0.83571,0.73051,0.18806,0.72772,0.40117,0.93256,0.80377,0.42176,0.53275,0.58997
0.020218,0.83441,0.71799,0.19301,0.72895,0.40004,0.93291,0.80428,0.42176,0.53275,0.5895
0.016863,0.83312,0.72634,0.19601,0.73139,0.40004,0.93325,0.80453,0.42154,0.53207,0.58838
0.018541,0.83053,0.72634,0.19301,0.72772,0.40117,0.93256,0.80428,0.42132,0.53072,0.58743
0.020218,0.82924,0.71799,0.19704,0.73017,0.40117,0.93291,0.80479,0.42118,0.53005,0.58664
0.020218,0.82794,0.71381,0.19498,0.73017,0.40117,0.93291,0.80479,0.42103,0.52937,0.586
0.021917,0.82665,0.72634,0.194,0.72772,0.4023,0.93222,0.80453,0.4211,0.52937,0.58569
0.018541,0.82536,0.71799,0.19103,0.72772,0.40004,0.93222,0.80403,0.42103,0.5287,0.58505
0.018541,0.82406,0.71799,0.19601,0.72772,0.40117,0.93222,0.80403,0.42096,0.52802,0.58442
0.021917,0.82406,0.71381,0.19807,0.72895,0.40004,0.93256,0.80453,0.42081,0.52735,0.58378
0.016863,0.82277,0.71799,0.19704,0.72772,0.40004,0.93256,0.80505,0.42081,0.52667,0.58347
0.020218,0.82147,0.70964,0.19911,0.73017,0.40117,0.93256,0.80479,0.4214,0.52735,0.58378
0.018541,0.83441,0.70547,0.24868,0.73751,0.44957,0.94052,0.82083,0.42162,0.52667,0.58283
0.025294,0.89392,0.70547,0.68235,0.85937,0.45744,0.97813,0.90152,0.42184,0.52667,0.58267
0.026972,0.89392,0.69295,0.77867,0.89254,0.45857,0.97551,0.91527,0.42213,0.52667,0.58315
0.02865,0.89651,0.69295,0.74528,0.85142,0.4597,0.97031,0.91076,0.42257,0.52667,0.58299
0.030349,0.90168,0.69295,0.73986,0.8501,0.47095,0.96993,0.90819,0.42309,0.52667,0.58362
0.10789,0.93402,0.69712,0.93644,0.91907,0.58125,0.99338,0.97014,0.4239,0.5287,0.58537
0.09608,0.93273,0.6846,0.97616,0.92437,0.58238,0.99068,0.97855,0.42449,0.53072,0.58743
0.09608,0.94825,0.69295,0.9807,0.93763,0.58125,0.99843,0.98898,0.425,0.53275,0.5895
0.094402,0.94955,0.69712,0.98297,0.94161,0.58238,0.99648,0.98822,0.42559,0.53545,0.59235
0.09608,0.95472,0.70129,0.98411,0.93232,0.58238,0.99609,0.9871,0.42618,0.53883,0.59553
0.09608,0.9599,0.70547,0.98524,0.93232,0.58125,0.99765,0.98822,0.42669,0.54085,0.59822
0.094402,0.96378,0.71799,0.98297,0.92834,0.58125,0.99805,0.98822,0.42721,0.54288,0.6006
0.094402,0.96507,0.71799,0.98411,0.931,0.58238,0.99882,0.9886,0.42772,0.54558,0.60346
0.09608,0.96766,0.71381,0.98638,0.93232,0.58238,0.99922,0.98748,0.42824,0.54828,0.60584
0.09608,0.97025,0.72634,0.98411,0.93365,0.58238,0.9996,0.9886,0.42882,0.54963,0.6079
0.09608,0.97154,0.72634,0.98524,0.94956,0.58125,0.99922,0.98784,0.42926,0.55165,0.60965
0.094402,0.97283,0.72634,0.98524,0.95355,0.58013,0.99922,0.98748,0.42963,0.55368,0.61203
0.09608,0.97413,0.73886,0.98297,0.94692,0.58238,0.99805,0.98635,0.43022,0.55571,0.61441
0.097779,0.97542,0.73886,0.98524,0.94692,0.58125,0.99726,0.98486,0.43074,0.55773,0.61695
0.09608,0.97413,0.74303,0.98524,0.94558,0.58238,0.99688,0.98374,0.43118,0.56043,0.61901
0.09608,0.97413,0.74721,0.98524,0.94294,0.58238,0.99609,0.98337,0.43169,0.56178,0.62076
0.097779,0.97413,0.74721,0.98751,0.93763,0.58125,0.99532,0.9815,0.43213,0.56313,0.62282
0.097779,0.97413,0.74721,0.98751,0.93631,0.58125,0.99454,0.98114,0.43265,0.56516,0.62456
0.09608,0.97542,0.75138,0.98638,0.93232,0.58238,0.99454,0.97928,0.43316,0.56718,0.62647
0.097779,0.97542,0.75555,0.98751,0.93232,0.58238,0.99338,0.97855,0.43368,0.56853,0.62869
0.097779,0.97413,0.75555,0.98751,0.93232,0.58238,0.99299,0.97818,0.43426,0.57124,0.63059
0.097779,0.97542,0.7639,0.97502,0.92171,0.58125,0.99261,0.97781,0.43485,0.57259,0.6325
0.097779,0.97413,0.7639,0.96708,0.91641,0.58125,0.99221,0.97708,0.43544,0.57461,0.63424
0.099456,0.97671,0.7639,0.97389,0.91773,0.58125,0.99376,0.97891,0.43596,0.57596,0.63599
0.097779,0.97542,0.78059,0.97048,0.91376,0.58125,0.99261,0.97781,0.43706,0.57799,0.63837
0.099456,0.97671,0.78059,0.94665,0.91243,0.58125,0.99221,0.97891,0.43779,0.57934,0.63964
0.10116,0.97542,0.76807,0.94892,0.91773,0.58125,0.99221,0.97708,0.43853,0.58069,0.64091
0.10116,0.97542,0.78059,0.96027,0.91376,0.58125,0.99145,0.97745,0.43934,0.58136,0.64186
0.099456,0.97542,0.78894,0.9319,0.91243,0.58013,0.99184,0.97745,0.44029,0.58271,0.64329
0.10116,0.97542,0.77642,0.94438,0.91773,0.58125,0.99106,0.97597,0.44132,0.58406,0.64472
0.099456,0.97413,0.78894,0.95687,0.91243,0.58238,0.99068,0.97635,0.44294,0.58609,0.64646
0.10283,0.97542,0.78477,0.96594,0.91508,0.64531,0.99068,0.97561,0.44412,0.58609,0.64678
0.10621,0.97671,0.78477,0.94551,0.89519,0.81637,0.98876,0.97378,0.44529,0.58609,0.6471
0.12307,0.9793,0.79312,0.94211,0.91243,0.97821,0.99106,0.97781,0.44669,0.58744,0.64805
0.2742,0.98448,0.78894,0.97162,0.91243,0.98444,0.99184,0.97745,0.44779,0.59014,0.65138
0.81865,0.98965,0.78894,0.92963,0.91508,0.9834,0.99068,0.97232,0.44919,0.59689,0.65789
0.89247,0.98965,0.80981,0.93303,0.91243,0.9834,0.99221,0.97928,0.45007,0.6023,0.6636
0.90641,0.99353,0.82651,0.94665,0.91376,0.9834,0.99416,0.98261,0.45103,0.60905,0.67042
0.9084,0.99483,0.82651,0.95233,0.93365,0.98236,0.99493,0.98225,0.45191,0.6158,0.67725
0.91038,0.99612,0.84738,0.95573,0.92437,0.9834,0.99493,0.98225,0.45257,0.6212,0.68312
0.91237,0.99741,0.86407,0.92849,0.90712,0.98236,0.99532,0.98225,0.45301,0.6266,0.6893
0.91038,0.99741,0.86407,0.93303,0.92304,0.98236,0.99493,0.98225,0.45618,0.63403,0.69676
0.91237,0.99871,0.87659,0.92735,0.92437,0.9834,0.99493,0.98225,0.45868,0.63741,0.70041
0.91038,1,0.87242,0.92622,0.92171,0.9834,0.99454,0.9815,0.46125,0.63808,0.70168
0.91834,0.99741,0.87242,0.94551,0.9058,0.98444,0.99338,0.97891,0.46029,0.63606,0.6993
0.92034,0.99871,0.87242,0.93984,0.90978,0.9751,0.99376,0.97966,0.46169,0.63741,0.70041
0.70397,0.99871,0.87659,0.94665,0.90049,0.71262,0.99532,0.98635,0.46382,0.63943,0.70263
0.22758,0.98836,0.87242,0.95573,0.90049,0.68317,0.99338,0.99808,0.46676,0.63943,0.70232
0.12307,0.9806,0.86823,0.89898,0.87661,0.684,0.98647,0.97269,0.47015,0.63876,0.70136
0.1197,0.98965,0.85571,0.91941,0.89254,0.684,0.99029,0.9767,0.47353,0.63741,0.70041
0.11632,0.99224,0.84738,0.95118,0.90049,0.68564,0.99299,0.97855,0.47566,0.63808,0.70073
0.11632,0.99483,0.8599,0.91827,0.89783,0.68482,0.99493,0.98077,0.47706,0.63876,0.70105
0.11464,0.99741,0.85155,0.94665,0.91508,0.68482,0.99609,0.98114,0.47838,0.63876,0.70184
0.11294,0.99741,0.85571,0.92281,0.91243,0.684,0.99648,0.9815,0.47963,0.63943,0.70184
0.11294,0.99871,0.86407,0.93757,0.89917,0.68317,0.99648,0.9815,0.48051,0.63943,0.70216
0.11294,0.99871,0.84738,0.93076,0.91773,0.684,0.99648,0.98114,0.48199,0.64011,0.70263
0.11464,0.99741,0.85571,0.9319,0.91773,0.68564,0.9957,0.98114,0.48301,0.64011,0.70248
0.11294,0.99741,0.85155,0.95914,0.9058,0.68646,0.9957,0.9815,0.4836,0.64011,0.70232
0.11294,0.99871,0.85155,0.93076,0.90712,0.68564,0.99609,0.98188,0.48441,0.64011,0.70232
0.11294,0.99741,0.8432,0.93303,0.91641,0.68729,0.99532,0.98003,0.48507,0.64011,0.70216
0.11126,0.99871,0.84738,0.95914,0.91508,0.68646,0.9957,0.98003,0.48596,0.64011,0.70184
0.11126,0.99871,0.84738,0.93303,0.90712,0.68729,0.99493,0.98114,0.48684,0.64011,0.70184
0.11294,0.99871,0.83484,0.93076,0.90315,0.68729,0.99454,0.98003,0.48765,0.64011,0.70152
0.11294,0.99741,0.85155,0.93076,0.89917,0.68729,0.99532,0.98077,0.48897,0.64011,0.70184
0.11294,0.99741,0.84738,0.9546,0.90183,0.68811,0.99532,0.9815,0.48949,0.64078,0.702
0.11294,0.99741,0.83484,0.958,0.90183,0.68729,0.99532,0.98003,0.49007,0.64011,0.70152
0.11294,0.99871,0.85155,0.92281,0.89783,0.68811,0.99532,0.97928,0.49066,0.64011,0.70121
0.11294,0.99871,0.83903,0.92963,0.90183,0.68811,0.99493,0.9815,0.49257,0.64078,0.70216
0.11294,0.99871,0.83903,0.92963,0.90049,0.68646,0.99416,0.98114,0.49515,0.64146,0.70216
0.11632,0.99871,0.83484,0.93757,0.90049,0.68729,0.99454,0.98077,0.49743,0.63943,0.70025
0.11464,0.99741,0.82233,0.94892,0.90049,0.68893,0.99454,0.98114,0.49904,0.63741,0.6974
0.11632,0.99741,0.80981,0.94097,0.90315,0.68893,0.99416,0.97966,0.50066,0.63471,0.69518
0.11464,0.99741,0.81816,0.93644,0.89783,0.6898,0.99416,0.98039,0.50316,0.63403,0.69375
0.11632,0.99741,0.80146,0.93757,0.90183,0.68893,0.99454,0.98114,0.50581,0.63201,0.69153
0.11632,0.99612,0.78894,0.96594,0.90447,0.6898,0.99454,0.98114,0.50904,0.63065,0.6901
0.11632,0.99483,0.78894,0.96935,0.90183,0.68893,0.99416,0.97966,0.51169,0.63065,0.68915
0.11464,0.99741,0.78477,0.96254,0.91641,0.68893,0.99416,0.9815,0.51507,0.63065,0.68899
0.11632,0.99612,0.77225,0.958,0.92039,0.68893,0.99376,0.98188,0.51875,0.63065,0.68819
0.11464,0.99612,0.76807,0.96708,0.91773,0.6898,0.99416,0.98261,0.52199,0.62998,0.68692
0.11294,0.99612,0.74303,0.9773,0.92039,0.68893,0.99416,0.98188,0.52522,0.62795,0.68359
0.11464,0.99612,0.73051,0.98184,0.92304,0.6898,0.99454,0.98374,0.5289,0.62525,0.68089
0.11464,0.99612,0.72634,0.98638,0.92039,0.68811,0.99493,0.98337,0.53287,0.62323,0.67851
0.11464,0.99483,0.71799,0.98638,0.92039,0.77279,0.99454,0.98299,0.53691,0.61985,0.67502
0.23937,0.99483,0.70547,0.98184,0.92304,0.8589,0.99416,0.98261,0.53993,0.61445,0.6682
0.48594,0.99612,0.71381,0.96481,0.91508,0.86097,0.99299,0.97855,0.54199,0.61107,0.66582
0.56184,0.99483,0.71799,0.9773,0.91773,0.92323,0.99221,0.98114,0.54662,0.61445,0.66915
0.84838,0.99483,0.71381,0.98297,0.92039,0.98236,0.99145,0.98077,0.55015,0.6185,0.67248
0.87599,0.99483,0.71381,0.98638,0.92039,0.9834,0.99184,0.98225,0.55353,0.62188,0.67566
0.90042,0.99483,0.70964,0.98864,0.92304,0.98236,0.99145,0.98299,0.55676,0.62525,0.67851
0.90441,0.99612,0.71381,0.98751,0.92171,0.98236,0.99221,0.9841,0.56007,0.6266,0.67899
0.90241,0.99612,0.71799,0.98638,0.91907,0.98236,0.99184,0.98374,0.56338,0.62795,0.68058
0.90241,0.99612,0.71381,0.98751,0.92304,0.98236,0.99261,0.98448,0.56669,0.6293,0.68216
0.90042,0.99741,0.70964,0.98978,0.92437,0.9834,0.99184,0.98448,0.57037,0.62998,0.68312
0.90241,0.99612,0.72216,0.98411,0.91907,0.98236,0.99261,0.98522,0.57426,0.63065,0.68328
0.90241,0.99741,0.71799,0.98524,0.92171,0.98236,0.99221,0.98522,0.57831,0.63133,0.68407
0.90441,0.99483,0.71381,0.98638,0.92304,0.98236,0.99184,0.9841,0.58199,0.63336,0.68629
0.90441,0.99483,0.72216,0.98411,0.92171,0.98132,0.99184,0.98448,0.58551,0.63538,0.68851
0.9084,0.99483,0.72216,0.98411,0.92304,0.98236,0.99221,0.98522,0.58868,0.63876,0.69169
0.90042,0.99612,0.71799,0.98524,0.92171,0.98029,0.99184,0.98522,0.59199,0.64078,0.69295
0.90042,0.99483,0.71381,0.98638,0.92171,0.98029,0.99221,0.98635,0.59574,0.64213,0.69454
0.90441,0.99612,0.70547,0.98751,0.92437,0.98132,0.99261,0.9856,0.59912,0.64416,0.69613
0.90042,0.99612,0.70964,0.98524,0.92039,0.98029,0.99261,0.98635,0.60221,0.64551,0.6974
0.89644,0.99483,0.71381,0.98297,0.92039,0.98236,0.99221,0.98635,0.60529,0.64686,0.69851
0.89844,0.99612,0.70129,0.98524,0.92304,0.98236,0.99221,0.98672,0.60868,0.64686,0.69835
0.89644,0.99741,0.69295,0.98411,0.92039,0.98236,0.99261,0.98748,0.61213,0.64754,0.69819
0.89247,0.99612,0.69295,0.98184,0.92039,0.98236,0.99299,0.98784,0.61603,0.64754,0.69772
0.89247,0.99612,0.67625,0.98411,0.92304,0.98132,0.99261,0.98784,0.61963,0.64821,0.69835
0.88449,0.99612,0.67208,0.98297,0.92039,0.98132,0.99299,0.98822,0.6225,0.64956,0.69883
0.88236,0.99612,0.6679,0.98184,0.91907,0.98132,0.99261,0.9886,0.62596,0.64956,0.69787
0.88236,0.99741,0.65121,0.98297,0.92171,0.98236,0.99299,0.98935,0.62941,0.64956,0.69772
0.88449,0.99353,0.65121,0.98411,0.92968,0.98236,0.99299,0.98935,0.63265,0.64956,0.69772
0.88024,0.99483,0.65121,0.98184,0.93365,0.98236,0.99261,0.98898,0.63566,0.65091,0.69787
0.87812,0.99353,0.63451,0.98297,0.93497,0.98029,0.99184,0.9886,0.63809,0.65159,0.69835
0.87812,0.99353,0.63034,0.98411,0.93365,0.98132,0.99145,0.98935,0.64066,0.65159,0.69787
0.87387,0.99353,0.63034,0.98297,0.92968,0.98236,0.99184,0.98973,0.6436,0.65159,0.6974
0.87599,0.99353,0.61782,0.98411,0.931,0.98236,0.99106,0.98973,0.64647,0.65226,0.69708
0.8675,0.99353,0.6053,0.98524,0.92968,0.9834,0.99106,0.98898,0.64934,0.65159,0.6966
0.86962,0.99224,0.61364,0.98184,0.92702,0.98236,0.99106,0.98935,0.65176,0.65226,0.69645
0.8675,0.99094,0.6053,0.98297,0.92702,0.9834,0.99068,0.99011,0.65434,0.65226,0.69629
0.8675,0.99094,0.59278,0.98524,0.92834,0.98236,0.99068,0.98973,0.65691,0.65294,0.69645
0.86537,0.99094,0.59278,0.98297,0.92702,0.98236,0.99068,0.98898,0.65904,0.65361,0.69581
0.86113,0.98965,0.5886,0.98184,0.9257,0.98236,0.99029,0.98973,0.66103,0.65361,0.69565
0.86113,0.98965,0.57638,0.98411,0.92834,0.98236,0.99029,0.98935,0.66324,0.65361,0.69549
0.86325,0.98836,0.56835,0.98411,0.92702,0.98236,0.9899,0.98973,0.66515,0.65361,0.69518
0.86113,0.98836,0.57638,0.98297,0.9257,0.98236,0.9899,0.98973,0.66699,0.65429,0.69533
0.86113,0.98965,0.57237,0.98297,0.9257,0.98236,0.98953,0.98898,0.66875,0.65496,0.69533
0.859,0.98836,0.56835,0.98411,0.92834,0.98236,0.9899,0.98973,0.67022,0.65564,0.69645
0.86325,0.98836,0.57237,0.98297,0.9257,0.9834,0.98953,0.9886,0.67118,0.65631,0.69676
0.86325,0.98836,0.57237,0.98411,0.9257,0.98444,0.9899,0.98973,0.67272,0.65766,0.6974
0.859,0.98706,0.57237,0.98411,0.92702,0.98236,0.98914,0.98935,0.67449,0.65766,0.69819
0.86113,0.98706,0.56433,0.98638,0.92968,0.98236,0.9899,0.98973,0.67618,0.66036,0.69994
0.86113,0.98706,0.57638,0.98297,0.9257,0.9834,0.98953,0.98898,0.67824,0.66036,0.69978
0.86325,0.98706,0.57237,0.98297,0.92702,0.9834,0.98953,0.98935,0.68,0.66104,0.70105
0.859,0.98706,0.56433,0.98524,0.92834,0.9834,0.98953,0.98935,0.68228,0.66104,0.70073
0.86113,0.98577,0.56433,0.98524,0.92702,0.98132,0.98953,0.98935,0.68426,0.66307,0.70263
0.859,0.98577,0.56835,0.98411,0.9257,0.98236,0.98953,0.98935,0.68625,0.66442,0.70359
0.85688,0.98577,0.56835,0.98297,0.92702,0.98132,0.98953,0.98973,0.68838,0.66577,0.70454
0.85688,0.98577,0.5563,0.98638,0.92834,0.9834,0.98876,0.98935,0.69044,0.66712,0.70581
0.85476,0.98577,0.5563,0.98524,0.9257,0.98236,0.98914,0.98935,0.69272,0.66847,0.7066
0.85688,0.98577,0.56032,0.98411,0.9257,0.9834,0.98914,0.98935,0.69449,0.66982,0.70755
0.859,0.98577,0.56032,0.98411,0.92834,0.9834,0.98914,0.98935,0.69706,0.66982,0.70882
0.85688,0.98448,0.5563,0.98638,0.92834,0.9834,0.98876,0.98935,0.71794,0.69345,0.72913
0.85688,0.98448,0.54828,0.98751,0.92702,0.9834,0.98914,0.99011,0.72537,0.69953,0.73421
0.859,0.98318,0.54828,0.98638,0.92702,0.9834,0.98876,0.98935,0.73338,0.70628,0.73945
0.85263,0.98448,0.54426,0.98297,0.92968,0.9834,0.98837,0.98973,0.73772,0.71033,0.7423
0.85051,0.98318,0.54023,0.98411,0.93763,0.98132,0.98837,0.98973,0.7411,0.71168,0.74246
0.85263,0.98318,0.52819,0.98638,0.94426,0.9834,0.98799,0.98973,0.74426,0.71303,0.7431
0.85263,0.98189,0.53221,0.98411,0.94426,0.98132,0.98684,0.98935,0.74728,0.71371,0.74389
0.85051,0.98189,0.52418,0.98411,0.94426,0.98236,0.98647,0.98935,0.75029,0.71438,0.74421
0.84838,0.98189,0.52016,0.98411,0.94558,0.98236,0.98647,0.98935,0.75331,0.71438,0.74405
0.84838,0.9806,0.51214,0.98411,0.94294,0.98236,0.98569,0.98935,0.7561,0.71573,0.74468
0.84414,0.98189,0.50812,0.98411,0.93631,0.9834,0.98608,0.98973,0.7589,0.71708,0.745
0.84626,0.9806,0.51214,0.98184,0.93497,0.98236,0.98608,0.98935,0.76162,0.71843,0.74579
0.83776,0.9793,0.50409,0.98297,0.93631,0.9834,0.98532,0.98935,0.76426,0.71978,0.74643
0.83776,0.9793,0.49607,0.98411,0.93763,0.98236,0.98608,0.99011,0.76669,0.72046,0.74691
0.83564,0.97801,0.49205,0.98524,0.93763,0.98236,0.98532,0.98935,0.76926,0.72248,0.74802
0.83352,0.97801,0.49607,0.98297,0.93497,0.98236,0.98532,0.98973,0.77162,0.72316,0.74849
0.83564,0.97801,0.48804,0.98297,0.93497,0.98236,0.98494,0.98935,0.77382,0.72384,0.74913
0.83564,0.97801,0.48402,0.98411,0.93763,0.98236,0.98532,0.98973,0.77588,0.72519,0.7496
0.83989,0.97801,0.476,0.98411,0.93763,0.98236,0.98494,0.98935,0.77779,0.72654,0.75087
0.83352,0.97671,0.48402,0.98184,0.93497,0.98236,0.98494,0.98935,0.77956,0.72789,0.75167
0.83139,0.97671,0.48,0.98297,0.93631,0.98236,0.98455,0.98935,0.78125,0.72924,0.75278
0.82927,0.97671,0.476,0.98297,0.93763,0.98236,0.98532,0.98935,0.78272,0.73126,0.75405
0.83564,0.97542,0.46795,0.98638,0.94029,0.98132,0.98494,0.98898,0.78412,0.73329,0.75547
0.83139,0.97671,0.48402,0.98297,0.93763,0.98236,0.98494,0.98973,0.78537,0.73464,0.75722
0.83139,0.97671,0.48804,0.98184,0.94426,0.98236,0.98494,0.98973,0.78647,0.73734,0.75928
0.83352,0.97542,0.48,0.98524,0.9509,0.9834,0.98455,0.98973,0.78757,0.73937,0.76071
0.83352,0.97542,0.48402,0.98411,0.95222,0.98236,0.98418,0.98935,0.78853,0.74139,0.76277
0.83139,0.97542,0.49607,0.98297,0.9509,0.98236,0.98379,0.98935,0.78941,0.74409,0.765
0.83352,0.97671,0.50009,0.98184,0.94692,0.98132,0.98342,0.98935,0.79022,0.74679,0.76738
0.83352,0.97671,0.49205,0.98411,0.94558,0.98132,0.98342,0.98935,0.79096,0.74882,0.77007
0.83776,0.97801,0.49607,0.98524,0.94558,0.9834,0.98342,0.98935,0.79147,0.75084,0.77166
0.83564,0.97801,0.50812,0.98297,0.94161,0.93152,0.98418,0.98935,0.79206,0.75219,0.77309
0.59147,0.97154,0.50409,0.98524,0.94426,0.79458,0.9819,0.99199,0.79243,0.75422,0.77452
0.24445,0.9599,0.50409,0.98411,0.93232,0.71158,0.97813,1,0.79294,0.75219,0.77309
0.14161,0.95602,0.49607,0.98524,0.90978,0.67988,0.97364,0.97781,0.79324,0.75017,0.77134
0.11632,0.97283,0.49205,0.98524,0.91773,0.58575,0.98379,0.99199,0.79346,0.74814,0.76864
0.10789,0.96895,0.48804,0.98524,0.94558,0.50809,0.98379,0.98822,0.79368,0.74544,0.7669
0.10789,0.96895,0.48402,0.98411,0.93497,0.50809,0.98532,0.98973,0.79382,0.74274,0.76388
0.10621,0.96766,0.47197,0.98638,0.93497,0.50809,0.98569,0.98973,0.79397,0.74004,0.76103
0.10789,0.96636,0.46395,0.98638,0.93497,0.50809,0.98608,0.98973,0.79404,0.73734,0.75881
0.042136,0.93661,0.46395,0.75613,0.69974,0.44844,0.96772,0.92082,0.79404,0.73464,0.75563
0.035403,0.90039,0.46395,0.52745,0.63797,0.37304,0.94753,0.83476,0.79397,0.72924,0.75103
0.02865,0.86417,0.45591,0.23009,0.58077,0.27849,0.92306,0.77325,0.7939,0.72384,0.74579
0.025294,0.837,0.44788,0.014022,0.53162,0.22671,0.90266,0.72895,0.79404,0.71843,0.74008
0.023595,0.80336,0.43583,0.012015,0.46742,0.22671,0.87333,0.66646,0.79404,0.71168,0.73374
0.018541,0.78525,0.42781,0.011016,0.40976,0.22784,0.8509,0.61501,0.77338,0.6813,0.70581
0.018541,0.7762,0.41576,0.011016,0.38799,0.23684,0.83814,0.5848,0.76934,0.66779,0.69422
0.016863,0.77102,0.40772,0.0090086,0.3657,0.23797,0.82928,0.56406,0.77022,0.66172,0.68819
0.016863,0.77361,0.39567,0.010007,0.53379,0.30888,0.82655,0.56746,0.77272,0.65766,0.68343
0.015164,0.80466,0.38363,0.010007,0.5739,0.33589,0.84689,0.61746,0.77603,0.65496,0.68026
0.015164,0.82665,0.36757,0.011016,0.62538,0.33927,0.87122,0.67601,0.77956,0.65361,0.6782
0.013486,0.83182,0.35553,0.011016,0.68488,0.34039,0.88901,0.7277,0.78279,0.65226,0.67613
0.015164,0.80595,0.34348,0.010007,0.66085,0.33927,0.88341,0.73404,0.78529,0.65091,0.67407
0.015164,0.79043,0.32741,0.012015,0.6437,0.33701,0.87697,0.7277,0.78787,0.64889,0.6709
0.016863,0.78396,0.31939,0.011016,0.64713,0.34152,0.87423,0.72686,0.79088,0.64686,0.66836
0.015164,0.78525,0.30734,0.010007,0.64826,0.34265,0.87606,0.73149,0.79404,0.64551,0.66614
0.015164,0.78525,0.29529,0.011016,0.65628,0.34265,0.87911,0.73811,0.79735,0.64483,0.66534
0.015164,0.78266,0.28325,0.045062,0.65856,0.34265,0.88003,0.73919,0.79904,0.64416,0.66281
0.016863,0.7762,0.27923,0.048068,0.65856,0.34376,0.88003,0.73811,0.79882,0.63876,0.65836
0.016863,0.77361,0.2712,0.04707,0.65971,0.34376,0.87881,0.73661,0.80022,0.63741,0.65614
0.016863,0.76843,0.25915,0.046061,0.662,0.34265,0.87789,0.7349,0.80132,0.63606,0.65408
0.016863,0.76455,0.25915,0.042056,0.66085,0.34265,0.87666,0.73362,0.80235,0.63471,0.65265
0.015164,0.76067,0.24735,0.042056,0.65971,0.34376,0.87544,0.73362,0.80338,0.63268,0.65059
0.015164,0.76714,0.24735,0.0701,0.66085,0.40792,0.87849,0.73941,0.80426,0.63201,0.64916
0.015164,0.80466,0.23166,0.32533,0.74852,0.40117,0.90427,0.78885,0.80515,0.6293,0.64662
0.016863,0.81371,0.23166,0.50208,0.7779,0.40117,0.91904,0.81977,0.80588,0.62795,0.64519
0.015164,0.7969,0.21595,0.49679,0.80359,0.40117,0.91242,0.81689,0.8064,0.6266,0.64345
0.016863,0.79172,0.21595,0.47141,0.74975,0.4023,0.90719,0.81325,0.80713,0.6266,0.64249
0.015164,0.79172,0.2081,0.4767,0.77055,0.40342,0.90589,0.81325,0.80765,0.62525,0.64154
0.015164,0.79431,0.20416,0.49045,0.7779,0.40454,0.90719,0.81507,0.80824,0.6239,0.6398
0.016863,0.7956,0.20024,0.50102,0.77912,0.40454,0.90784,0.81637,0.80875,0.62255,0.63869
0.016863,0.78396,0.19239,0.45776,0.77912,0.37416,0.90169,0.80759,0.80934,0.62255,0.63805
0.015164,0.77102,0.19631,0.36511,0.72895,0.37416,0.89089,0.78982,0.80978,0.6212,0.63599
0.016863,0.77749,0.19239,0.37374,0.72405,0.37641,0.89152,0.79252,0.81037,0.61985,0.63488
0.015164,0.79301,0.19239,0.4609,0.73628,0.38541,0.90169,0.80964,0.81074,0.61985,0.6344
0.015164,0.79948,0.18453,0.53062,0.79135,0.38541,0.91111,0.82057,0.8111,0.6185,0.63361
0.015164,0.79043,0.18453,0.49996,0.79014,0.38541,0.90686,0.81454,0.81147,0.6185,0.63266
0.015164,0.78525,0.17276,0.47353,0.7522,0.38654,0.90363,0.80939,0.81184,0.61715,0.63186
0.013486,0.78396,0.1806,0.46405,0.76443,0.38541,0.90266,0.80785,0.81228,0.61648,0.63091
0.015164,0.78396,0.16883,0.47247,0.7779,0.38654,0.90298,0.80861,0.81265,0.6158,0.63028
0.016863,0.78525,0.17276,0.47775,0.77912,0.38654,0.90363,0.80964,0.81301,0.61377,0.62837
0.015164,0.78396,0.16097,0.47881,0.773,0.38766,0.90363,0.80939,0.81338,0.61377,0.62774
0.018541,0.78396,0.16489,0.47987,0.75097,0.38541,0.90363,0.80887,0.81375,0.61242,0.62647
0.015164,0.78137,0.15705,0.47564,0.77177,0.38541,0.90298,0.80759,0.81404,0.61175,0.62615
0.015164,0.78137,0.16097,0.47353,0.78402,0.38541,0.90234,0.80733,0.81441,0.61175,0.6252
0.015164,0.78008,0.15312,0.47775,0.77544,0.38541,0.90234,0.80733,0.81463,0.6104,0.6244
0.015164,0.78008,0.15705,0.48198,0.7522,0.38654,0.90266,0.80861,0.81493,0.60972,0.62361
0.015164,0.78008,0.15312,0.48304,0.77912,0.38654,0.9033,0.80861,0.81537,0.60905,0.62298
0.016863,0.77878,0.15312,0.48198,0.78279,0.38654,0.90266,0.80836,0.81574,0.60905,0.62218
0.015164,0.77749,0.14134,0.48198,0.78156,0.38541,0.90234,0.80785,0.81603,0.6077,0.62044
0.015164,0.77749,0.14526,0.48304,0.76443,0.38654,0.90266,0.8081,0.81654,0.605,0.61901
0.015164,0.77749,0.13742,0.48516,0.75831,0.38766,0.90266,0.8081,0.81706,0.605,0.61838
0.015164,0.7762,0.13742,0.48833,0.7779,0.38654,0.90298,0.80836,0.8175,0.605,0.61806
0.015164,0.7749,0.13349,0.48939,0.78033,0.38541,0.90202,0.8081,0.81794,0.60297,0.61599
0.016863,0.77361,0.12957,0.49151,0.78402,0.38654,0.90202,0.80785,0.81846,0.60162,0.61457
0.015164,0.77361,0.12957,0.49151,0.78156,0.38541,0.90169,0.80733,0.81897,0.60095,0.61409
0.016863,0.77361,0.11778,0.49468,0.78402,0.38654,0.90169,0.80759,0.81971,0.59959,0.61282
0.016863,0.77361,0.12171,0.49679,0.78156,0.38541,0.90169,0.80785,0.82,0.59824,0.61108
0.016863,0.77232,0.11386,0.49468,0.78402,0.38541,0.90105,0.80708,0.82029,0.59824,0.6106
0.016863,0.77102,0.11778,0.49362,0.78279,0.38541,0.90105,0.80708,0.82096,0.59757,0.60965
0.016863,0.76973,0.10601,0.49785,0.78402,0.38541,0.90073,0.80708,0.8214,0.59689,0.60933
0.016863,0.76973,0.10601,0.49785,0.78402,0.38654,0.90073,0.80657,0.82199,0.59689,0.60901
0.015164,0.76973,0.10994,0.49679,0.78156,0.38541,0.90105,0.80708,0.82272,0.59554,0.60774
0.016863,0.76973,0.098149,0.50525,0.78402,0.38541,0.90105,0.80759,0.82309,0.59487,0.60695
0.016863,0.76843,0.10209,0.50208,0.78279,0.38541,0.90073,0.80708,0.82346,0.59554,0.60695
0.016863,0.76843,0.090302,0.50313,0.78402,0.38541,0.90009,0.80683,0.82404,0.59149,0.60378
0.015164,0.76843,0.094226,0.5063,0.78279,0.38541,0.90073,0.80683,0.82463,0.59082,0.60235
0.015164,0.76585,0.086379,0.50525,0.78156,0.38541,0.90009,0.80632,0.82515,0.58744,0.59965
0.016863,0.76585,0.078516,0.5063,0.78402,0.38541,0.89977,0.80605,0.82559,0.58744,0.59902
0.015164,0.76455,0.082456,0.50736,0.78156,0.38541,0.89977,0.80605,0.82618,0.58947,0.60092
0.016863,0.76455,0.078516,0.50842,0.78402,0.38541,0.89946,0.80605,0.82669,0.58812,0.59933
0.015164,0.76326,0.082456,0.50736,0.78156,0.38428,0.89946,0.80605,0.82713,0.58744,0.59838
0.016863,0.76326,0.066746,0.51053,0.78402,0.38428,0.89946,0.80605,0.82757,0.58744,0.59775
0.015164,0.76326,0.070669,0.50842,0.78402,0.38541,0.89946,0.80555,0.82801,0.58609,0.59727
0.016863,0.76326,0.070669,0.50842,0.78279,0.38541,0.89913,0.80555,0.82838,0.58609,0.59695
0.015164,0.76326,0.066746,0.51159,0.78524,0.38541,0.89913,0.8058,0.82875,0.58609,0.59632
0.015164,0.76197,0.070669,0.51053,0.78279,0.38428,0.89913,0.80555,0.82904,0.58609,0.59616
0.015164,0.76067,0.058883,0.51476,0.78402,0.38428,0.89913,0.80605,0.82941,0.58474,0.59505
0.015164,0.76067,0.062823,0.51476,0.78524,0.38541,0.89913,0.8058,0.82963,0.58339,0.59441
0.015164,0.76067,0.062823,0.51687,0.78279,0.38428,0.89946,0.80632,0.82993,0.58339,0.59362
0.016863,0.75938,0.058883,0.51793,0.78279,0.38541,0.89881,0.8058,0.83022,0.58339,0.59346
0.016863,0.75809,0.05496,0.51582,0.78402,0.38428,0.89849,0.80555,0.83044,0.58339,0.59315
0.018541,0.75809,0.058883,0.51687,0.78279,0.38428,0.89881,0.8058,0.83059,0.58204,0.59251
0.016863,0.75809,0.051036,0.51793,0.78402,0.38541,0.89849,0.8058,0.83081,0.58204,0.59203
0.016863,0.75679,0.051036,0.52004,0.78402,0.38428,0.89817,0.80555,0.83103,0.58069,0.59108
0.016863,0.75679,0.051036,0.51687,0.78279,0.38428,0.89786,0.8053,0.8314,0.58136,0.59108
0.015164,0.75679,0.043189,0.52428,0.78524,0.38428,0.89817,0.8058,0.83213,0.58069,0.59061
0.018541,0.7555,0.047113,0.52321,0.78402,0.38428,0.89817,0.8058,0.83265,0.57934,0.58965
0.015164,0.75679,0.043189,0.53062,0.78279,0.40342,0.89849,0.80683,0.83309,0.57799,0.58759
0.016863,0.75679,0.03925,0.54119,0.78402,0.40567,0.89977,0.80759,0.83368,0.57596,0.58585
0.018541,0.75809,0.035326,0.54542,0.78402,0.40567,0.90041,0.80861,0.83441,0.57394,0.5841
0.013486,0.7555,0.031403,0.54331,0.78279,0.40454,0.90009,0.80861,0.83522,0.57259,0.58283
0.016863,0.7555,0.019633,0.54436,0.78524,0.40454,0.89913,0.80708,0.83603,0.57191,0.58124
0.016863,0.7762,0.019633,0.65241,0.79014,0.57112,0.91013,0.8288,0.83684,0.56989,0.57982
0.1197,0.80336,0.01177,0.95687,0.90315,0.58238,0.93325,0.91236,0.83757,0.56989,0.57918
0.11126,0.82665,0.0039234,0.9773,0.9668,0.58125,0.95073,0.9633,0.83816,0.56989,0.5795
0.10621,0.82277,0.0039234,0.9773,0.97875,0.58125,0.94788,0.97341,0.83875,0.57124,0.57982
0.10621,0.82018,0,0.9773,0.96946,0.58238,0.94191,0.96509,0.83904,0.57124,0.58045
0.11126,0.82665,0.0039234,0.97616,0.96283,0.58238,0.94401,0.96905,0.83912,0.57394,0.58188
0.10957,0.82924,0.0039234,0.97843,0.97212,0.58125,0.94401,0.96833,0.83934,0.57529,0.58394
0.11126,0.83441,0,0.9807,0.9668,0.58125,0.94436,0.9687,0.83926,0.57799,0.586
0.11126,0.837,0.01177,0.97957,0.96283,0.58238,0.94542,0.96942,0.83912,0.58069,0.58823
0.11126,0.84088,0.02748,0.9773,0.95885,0.65848,0.94647,0.97014,0.83882,0.58204,0.58918
0.11126,0.84347,0.015693,0.98411,0.96548,0.72714,0.94506,0.96688,0.83846,0.58339,0.59124
0.13318,0.84994,0.02748,0.98184,0.95885,0.82259,0.94647,0.97159,0.83779,0.58474,0.59235
0.32194,0.8577,0.035326,0.98297,0.96283,0.88899,0.94753,0.96725,0.83706,0.58879,0.596
0.53222,0.86675,0.035326,0.98411,1,0.98132,0.95144,0.97855,0.83632,0.59284,0.59997
0.67107,0.86287,0.047113,0.98638,0.97344,0.9834,0.94647,0.97232,0.83559,0.59689,0.60425
0.69972,0.86417,0.051036,0.98978,0.97609,0.98236,0.94542,0.97341,0.83493,0.60095,0.60838
0.70609,0.86934,0.062823,0.98524,0.97344,0.9834,0.94647,0.97635,0.83412,0.60432,0.61187
0.71034,0.86934,0.074593,0.98638,0.97344,0.9834,0.94612,0.97488,0.83301,0.60837,0.61599
0.72308,0.87451,0.074593,0.98751,0.97609,0.98444,0.94788,0.97781,0.83235,0.6131,0.6206
0.7252,0.8784,0.090302,0.98524,0.97344,0.98444,0.94895,0.97855,0.83154,0.61715,0.62504
0.7337,0.87969,0.098149,0.98751,0.97609,0.9834,0.95,0.97928,0.83051,0.6212,0.62869
0.7422,0.88357,0.10209,0.98638,0.97609,0.9834,0.95108,0.98077,0.82949,0.62525,0.63281
0.75494,0.88616,0.12171,0.98411,0.97344,0.9834,0.95215,0.9815,0.82831,0.6293,0.63694
0.75919,0.88875,0.12565,0.98524,0.97609,0.9834,0.95357,0.98337,0.82691,0.63268,0.64091
0.76556,0.89263,0.13742,0.98411,0.97344,0.9834,0.95464,0.98448,0.82544,0.63606,0.6444
0.77193,0.89392,0.15312,0.98411,0.97344,0.98444,0.95572,0.98522,0.82382,0.63943,0.64821
0.77193,0.89651,0.15705,0.98638,0.97743,0.98444,0.95681,0.98672,0.82221,0.64281,0.65154
0.77405,0.90039,0.17276,0.98524,0.97344,0.98444,0.95788,0.98822,0.82059,0.64551,0.65487
0.77618,0.90298,0.1806,0.98638,0.98141,0.98444,0.95897,0.98898,0.8186,0.64821,0.65836
0.78467,0.90427,0.18847,0.98751,0.98405,0.9834,0.95969,0.98973,0.81654,0.65024,0.66074
0.78679,0.90556,0.20416,0.98524,0.98405,0.9834,0.95933,0.9886,0.81426,0.65226,0.66344
0.79104,0.90686,0.2081,0.98751,0.9867,0.9834,0.96006,0.98898,0.81176,0.65429,0.66566
0.79317,0.91074,0.21987,0.98638,0.97477,0.98444,0.96078,0.98935,0.80934,0.65564,0.66788
0.79741,0.91074,0.23166,0.98638,0.97212,0.9834,0.96151,0.98898,0.80713,0.65699,0.66963
0.79529,0.91332,0.23166,0.98751,0.98273,0.9834,0.96187,0.98935,0.80515,0.65766,0.6709
0.80378,0.91462,0.24735,0.98524,0.98273,0.9834,0.96187,0.98898,0.80324,0.65766,0.67185
0.80166,0.91591,0.25521,0.98638,0.98141,0.98444,0.96223,0.98935,0.80191,0.65834,0.67264
0.80378,0.91721,0.25127,0.98864,0.97609,0.98444,0.9626,0.98898,0.80081,0.65766,0.67328
0.79954,0.9185,0.25915,0.98524,0.9668,0.9834,0.9626,0.98898,0.79978,0.65766,0.67344
0.80166,0.91979,0.26316,0.98638,0.97743,0.98444,0.96333,0.98935,0.79919,0.65834,0.67423
0.80378,0.92109,0.25521,0.98864,0.97477,0.9834,0.96369,0.98935,0.7986,0.65766,0.67439
0.80378,0.92109,0.26718,0.98638,0.96416,0.98444,0.96333,0.98898,0.79816,0.65766,0.67439
0.80591,0.92238,0.26316,0.98638,0.96814,0.98444,0.96406,0.98898,0.79772,0.65834,0.67471
0.80591,0.92367,0.25915,0.98638,0.97477,0.9834,0.96406,0.98935,0.79735,0.65901,0.67518
0.80591,0.92497,0.2712,0.98411,0.96814,0.98236,0.96406,0.98898,0.79743,0.65901,0.67582
0.80803,0.92497,0.26718,0.98524,0.9668,0.98548,0.96443,0.98935,0.79743,0.65901,0.67645
0.80803,0.92497,0.26718,0.98751,0.96946,0.9834,0.96443,0.98898,0.79743,0.66036,0.67756
0.80803,0.92755,0.2752,0.98411,0.96548,0.98444,0.96406,0.98935,0.79757,0.66104,0.6782
0.80591,0.92755,0.2752,0.98638,0.96151,0.98444,0.96479,0.98935,0.79765,0.66172,0.67947
0.81016,0.92885,0.2752,0.98638,0.96814,0.98444,0.96479,0.98973,0.79765,0.66307,0.68042
0.80591,0.92755,0.28325,0.98411,0.96416,0.9834,0.96479,0.98935,0.79765,0.66442,0.68153
0.80803,0.93014,0.28325,0.98524,0.96283,0.98444,0.96479,0.98898,0.79757,0.66577,0.6828
0.81016,0.93144,0.27923,0.98638,0.96283,0.98444,0.96516,0.98935,0.79772,0.66644,0.68359
0.80803,0.93144,0.29127,0.98524,0.96151,0.98444,0.96479,0.98898,0.79787,0.66779,0.68502
0.81016,0.93273,0.29127,0.98524,0.96416,0.98444,0.96479,0.98898,0.79794,0.66914,0.68661
0.80803,0.93273,0.28725,0.98751,0.96151,0.9834,0.96552,0.98973,0.79801,0.67049,0.68788
0.80803,0.93402,0.2993,0.98524,0.96416,0.98444,0.96552,0.98973,0.79794,0.67117,0.68883
0.81016,0.93402,0.30332,0.98524,0.96019,0.98444,0.96552,0.98898,0.80176,0.67792,0.69502
0.81016,0.93532,0.2993,0.98751,0.96151,0.98444,0.96589,0.98935,0.8186,0.69818,0.71311
0.81016,0.93532,0.2993,0.98751,0.96151,0.98444,0.96589,0.98973,0.82544,0.70628,0.71977
0.81228,0.93661,0.30734,0.98524,0.96151,0.98548,0.96552,0.98898,0.82787,0.71033,0.72279
0.81016,0.93532,0.30332,0.98751,0.96019,0.98444,0.96589,0.98898,0.82875,0.71236,0.72421
0.80803,0.9379,0.30332,0.98864,0.96416,0.98444,0.96662,0.98973,0.82963,0.71438,0.72596
0.81016,0.93661,0.31135,0.98524,0.96283,0.98444,0.96626,0.98935,0.83051,0.71573,0.72739
0.81016,0.9379,0.31135,0.98638,0.95753,0.98444,0.96589,0.98898,0.8314,0.71708,0.72834
0.81016,0.9379,0.30734,0.98638,0.96548,0.98444,0.96626,0.98973,0.83221,0.71843,0.72977
0.81016,0.9379,0.31537,0.98524,0.95619,0.9834,0.96589,0.98935,0.83294,0.71978,0.73104
0.8144,0.9392,0.31537,0.98524,0.96416,0.98444,0.96662,0.98973,0.83375,0.72113,0.73215
0.81016,0.9392,0.31135,0.98638,0.95885,0.98444,0.96589,0.98898,0.83463,0.72248,0.73342
0.8144,0.94049,0.31537,0.98524,0.95355,0.98444,0.96589,0.98935,0.83529,0.72384,0.73437
0.81228,0.94179,0.31939,0.98524,0.95619,0.98444,0.96662,0.98935,0.83596,0.72519,0.73596
0.81228,0.94179,0.31135,0.98751,0.95619,0.98444,0.96626,0.98898,0.83669,0.72654,0.73707
0.81228,0.94179,0.31537,0.98864,0.95753,0.98548,0.96662,0.98973,0.83743,0.72721,0.7377
0.81228,0.94308,0.32339,0.98638,0.95885,0.98444,0.96662,0.98898,0.83824,0.72924,0.73897
0.81228,0.94308,0.31939,0.98751,0.96151,0.98444,0.96662,0.98973,0.83912,0.72924,0.73945
0.80803,0.94308,0.31537,0.98864,0.96151,0.9834,0.96662,0.98935,0.84,0.72991,0.74008
0.81228,0.94308,0.32339,0.98751,0.95355,0.98444,0.96662,0.98935,0.84088,0.73059,0.74072
0.81228,0.94308,0.32339,0.98638,0.96019,0.98444,0.96662,0.98973,0.84176,0.73194,0.74135
0.81016,0.94437,0.31537,0.98751,0.96416,0.98444,0.96626,0.98935,0.84265,0.73261,0.74199
0.81016,0.94437,0.31135,0.98864,0.96283,0.98444,0.96699,0.98935,0.84353,0.73329,0.74278
0.81228,0.94437,0.31939,0.98638,0.95753,0.98444,0.96662,0.98935,0.84441,0.73396,0.74326
0.81016,0.94437,0.31939,0.98638,0.9668,0.98444,0.96662,0.98935,0.84522,0.73464,0.74373
0.81016,0.94567,0.31135,0.98864,0.96283,0.98444,0.96662,0.98935,0.8461,0.73599,0.74453
0.81228,0.94567,0.31537,0.98751,0.96151,0.98444,0.96662,0.98973,0.84699,0.73599,0.74516
0.8144,0.94696,0.31939,0.98638,0.96151,0.98444,0.96662,0.98935,0.84779,0.73734,0.74532
0.80803,0.94567,0.31537,0.98864,0.96548,0.98444,0.96662,0.98935,0.8486,0.73801,0.74627
0.81016,0.94567,0.31135,0.98864,0.95885,0.98444,0.96662,0.98935,0.84941,0.73937,0.74722
0.80803,0.94696,0.31939,0.98751,0.96283,0.98444,0.96662,0.98935,0.85029,0.74004,0.74786
0.80803,0.94696,0.31939,0.98638,0.95753,0.98444,0.96662,0.98935,0.85118,0.74072,0.74849
0.80591,0.94825,0.31537,0.98751,0.95753,0.98444,0.96699,0.98973,0.85191,0.74139,0.74929
0.81016,0.94696,0.31537,0.98864,0.96416,0.98444,0.96699,0.98935,0.85272,0.74274,0.75008
0.80803,0.94955,0.32339,0.98638,0.96151,0.98444,0.96735,0.98935,0.85346,0.74409,0.75151
0.80591,0.94825,0.32339,0.98638,0.95753,0.98444,0.96735,0.98973,0.85419,0.74544,0.75246
0.81016,0.94955,0.31939,0.98751,0.9668,0.9834,0.96735,0.98935,0.85485,0.74612,0.75294
0.80591,0.94955,0.31537,0.98864,0.96151,0.9834,0.96735,0.98973,0.85559,0.74679,0.75357
0.81016,0.95084,0.32339,0.98751,0.95753,0.98444,0.96699,0.98973,0.8564,0.74679,0.75405
0.80591,0.94955,0.32339,0.98751,0.95487,0.98132,0.96699,0.98898,0.85713,0.74814,0.755
0.81016,0.94955,0.31939,0.98864,0.9668,0.98236,0.96699,0.98898,0.85794,0.74949,0.75595
0.80803,0.95084,0.31537,0.98864,0.96283,0.98444,0.96735,0.98973,0.85882,0.75084,0.7569
0.80591,0.94955,0.32339,0.98751,0.95487,0.9834,0.96735,0.98935,0.85985,0.75219,0.75785
0.80378,0.95084,0.31939,0.98751,0.9668,0.9834,0.96662,0.98973,0.86081,0.75219,0.75849
0.80803,0.95084,0.31537,0.98978,0.96151,0.9834,0.96699,0.98973,0.86191,0.75354,0.75912
0.80803,0.95084,0.32339,0.98638,0.95619,0.9834,0.96735,0.98935,0.86316,0.75354,0.75944
0.80591,0.95084,0.32339,0.98638,0.96019,0.9834,0.96699,0.98935,0.86449,0.7549,0.76039
0.80378,0.95084,0.31537,0.98864,0.96548,0.9834,0.96772,0.98973,0.86581,0.7549,0.76023
0.80378,0.95084,0.31135,0.98978,0.9668,0.9834,0.96735,0.98935,0.86728,0.75625,0.76071
0.80591,0.95084,0.31537,0.98638,0.96416,0.9834,0.96699,0.98973,0.8689,0.75625,0.76103
0.80378,0.95213,0.31537,0.98638,0.96283,0.9834,0.96662,0.98935,0.87044,0.75692,0.76103
0.80166,0.95213,0.30332,0.98864,0.96283,0.98132,0.96699,0.98973,0.87199,0.75692,0.76119
0.79954,0.95213,0.2993,0.98864,0.96283,0.9834,0.96699,0.98973,0.87368,0.75625,0.76039
0.79954,0.95084,0.30332,0.98638,0.96151,0.9834,0.96699,0.98935,0.87529,0.75625,0.76023
0.79954,0.95213,0.30332,0.98638,0.96283,0.9834,0.96662,0.98935,0.87706,0.75625,0.75944
0.79317,0.95213,0.29127,0.98864,0.96548,0.98132,0.96662,0.98973,0.87875,0.75557,0.75944
0.79741,0.95084,0.28325,0.98864,0.9668,0.98132,0.96662,0.98935,0.88051,0.75557,0.75865
0.79317,0.95084,0.28725,0.98638,0.96416,0.98444,0.96662,0.98935,0.88235,0.75557,0.75801
0.79317,0.95084,0.28325,0.98751,0.96416,0.98444,0.96626,0.98973,0.88412,0.7549,0.7577
0.79317,0.95213,0.27923,0.98751,0.96548,0.98444,0.96626,0.98935,0.88603,0.7549,0.75722
0.79104,0.95213,0.2712,0.98864,0.9668,0.9834,0.96626,0.98973,0.88787,0.75625,0.7577
0.79104,0.95084,0.2752,0.98638,0.96416,0.9834,0.96589,0.98973,0.88978,0.75625,0.75801
0.78892,0.95084,0.2712,0.98638,0.96416,0.9834,0.96626,0.98973,0.89169,0.7576,0.75785
0.78679,0.95084,0.26316,0.98751,0.9668,0.9834,0.96589,0.98935,0.89368,0.75692,0.75754
0.78679,0.95084,0.25521,0.98751,0.96814,0.9834,0.96552,0.98935,0.89603,0.75895,0.75881
0.78467,0.95084,0.25915,0.98524,0.96814,0.98236,0.96589,0.98973,0.89853,0.7603,0.75976
0.78255,0.95084,0.25915,0.98524,0.97875,0.9834,0.96516,0.98973,0.90037,0.76232,0.76103
0.78255,0.95084,0.25521,0.98751,0.97875,0.9834,0.96516,0.98973,0.90169,0.763,0.7615
0.78467,0.95084,0.25127,0.98751,0.96416,0.98236,0.96516,0.98973,0.9036,0.76435,0.76277
0.77618,0.95084,0.25915,0.98524,0.9668,0.98236,0.96516,0.98935,0.90493,0.76502,0.76277
0.77618,0.95084,0.25521,0.98638,0.9668,0.98132,0.96552,0.98973,0.90625,0.7657,0.76293
0.77618,0.95084,0.24735,0.98751,0.96946,0.98029,0.96516,0.98935,0.90787,0.7657,0.76325
0.78042,0.94955,0.24343,0.98864,0.9708,0.98132,0.96516,0.98973,0.90934,0.76705,0.76404
0.77405,0.95084,0.25127,0.98524,0.96814,0.9834,0.96516,0.98935,0.91051,0.7684,0.76484
0.7783,0.95084,0.25127,0.98524,0.96814,0.9834,0.96552,0.98973,0.91154,0.7684,0.76484
0.77618,0.95084,0.24343,0.98864,0.9708,0.9834,0.96479,0.98973,0.91257,0.7684,0.76468
0.77193,0.95084,0.24343,0.98751,0.96946,0.98236,0.96479,0.98935,0.91368,0.76975,0.76563
0.77618,0.95084,0.24735,0.98638,0.96814,0.98132,0.96516,0.98935,0.91493,0.77043,0.76611
0.77193,0.95084,0.24735,0.98638,0.96946,0.98444,0.96516,0.98973,0.91603,0.7711,0.76626
0.77193,0.95084,0.2395,0.98864,0.9708,0.98444,0.96479,0.98935,0.91721,0.7711,0.76626
0.76768,0.95084,0.24343,0.98638,0.96814,0.98132,0.96516,0.98935,0.91838,0.7711,0.76626
0.7698,0.95084,0.2395,0.98751,0.96814,0.9834,0.96479,0.98935,0.91956,0.7711,0.76595
0.77193,0.95213,0.23166,0.98751,0.96946,0.98444,0.96443,0.99011,0.92074,0.77043,0.76547
0.76556,0.95084,0.22772,0.98864,0.9708,0.9834,0.96443,0.98898,0.92206,0.7711,0.76547
0.7698,0.95084,0.23166,0.98638,0.96814,0.98444,0.96479,0.98973,0.92331,0.77043,0.765
0.76343,0.94955,0.23166,0.98638,0.96814,0.98029,0.96443,0.98973,0.92456,0.76975,0.76436
0.76131,0.94955,0.22772,0.98638,0.96946,0.98444,0.96406,0.98935,0.92574,0.7684,0.76293
0.76343,0.95084,0.21595,0.98864,0.9708,0.98548,0.96443,0.98935,0.92706,0.7684,0.76277
0.76131,0.94955,0.21987,0.98638,0.96946,0.98548,0.96406,0.98973,0.92824,0.7684,0.76246
0.75706,0.94955,0.21987,0.98638,0.9708,0.9834,0.96406,0.98973,0.92949,0.7684,0.76246
0.75494,0.94955,0.21202,0.98751,0.97743,0.98444,0.96369,0.98973,0.93059,0.7684,0.76198
0.75919,0.94955,0.2081,0.98864,0.98007,0.9834,0.96333,0.98935,0.93169,0.76705,0.76103
0.75281,0.94955,0.21202,0.98638,0.97875,0.9834,0.96333,0.98935,0.93279,0.76705,0.76071
0.75706,0.94955,0.21202,0.98638,0.97875,0.98444,0.96333,0.98935,0.93375,0.76705,0.76039
0.75281,0.94955,0.20416,0.98864,0.98141,0.9834,0.96333,0.98973,0.93456,0.76705,0.76039
0.75281,0.94955,0.20024,0.98864,0.98141,0.9834,0.96296,0.98935,0.93537,0.76705,0.76008
0.75494,0.95084,0.2081,0.98751,0.97875,0.98444,0.96296,0.98973,0.93618,0.76772,0.76023
0.74857,0.94955,0.20416,0.98638,0.97875,0.9834,0.96333,0.98935,0.93706,0.76705,0.75976
0.74857,0.94955,0.19631,0.98864,0.98273,0.9834,0.96333,0.98973,0.93794,0.76772,0.75992
0.74644,0.94955,0.19239,0.98864,0.98141,0.98548,0.96296,0.98935,0.9389,0.76705,0.75976
0.74644,0.94955,0.20024,0.98638,0.97875,0.98548,0.96296,0.98935,0.93978,0.7684,0.75992
0.75069,0.95084,0.19631,0.98638,0.98007,0.98444,0.96296,0.98973,0.94074,0.76975,0.76087
0.74644,0.94955,0.18847,0.98864,0.98141,0.9834,0.96296,0.98935,0.94176,0.76907,0.76071
0.74644,0.94825,0.19631,0.98751,0.97875,0.98444,0.96296,0.98935,0.94265,0.76975,0.76071
0.7422,0.94825,0.19631,0.98751,0.97875,0.98444,0.9626,0.98935,0.94375,0.76975,0.76119
0.7422,0.94955,0.18847,0.98864,0.98007,0.98444,0.96296,0.98973,0.94478,0.7711,0.76166
0.7422,0.94955,0.18453,0.98864,0.98141,0.9834,0.9626,0.98935,0.94596,0.77245,0.76246
0.74007,0.94955,0.19239,0.98638,0.98007,0.98444,0.96296,0.98935,0.94706,0.77245,0.76246
0.7422,0.94955,0.19239,0.98638,0.98007,0.9834,0.9626,0.98935,0.94824,0.77245,0.76262
0.7422,0.94955,0.1806,0.98864,0.98141,0.98444,0.9626,0.98973,0.94941,0.77245,0.76262
0.74007,0.94825,0.1806,0.98864,0.98007,0.98444,0.96223,0.98935,0.95059,0.7738,0.76309
0.74007,0.94825,0.18453,0.98638,0.97875,0.98444,0.9626,0.98973,0.95176,0.77245,0.76214
0.73795,0.94825,0.17668,0.98864,0.98141,0.98548,0.96223,0.98935,0.95309,0.7738,0.76246
0.7337,0.94825,0.17276,0.98864,0.98141,0.9834,0.96223,0.98935,0.95434,0.7738,0.76262
0.73582,0.94825,0.17668,0.98638,0.97875,0.9834,0.96187,0.98898,0.95544,0.77313,0.76166
0.73795,0.94696,0.17276,0.98638,0.97875,0.98444,0.96151,0.9886,0.95662,0.7738,0.76262
0.7337,0.94567,0.16489,0.98864,0.98141,0.98444,0.96114,0.98822,0.95772,0.77515,0.76325
0.73795,0.94567,0.16883,0.98751,0.97875,0.98444,0.96078,0.98822,0.9589,0.77515,0.76262
0.7337,0.94567,0.16489,0.98638,0.97875,0.9834,0.96041,0.98784,0.95993,0.77515,0.76373
0.73582,0.94567,0.16097,0.98751,0.98141,0.9834,0.96078,0.9871,0.96096,0.77515,0.76246
0.7337,0.94567,0.15705,0.98864,0.98141,0.9834,0.96078,0.98748,0.96199,0.7765,0.76373
0.7337,0.94567,0.16489,0.98638,0.97875,0.98444,0.96041,0.9871,0.96301,0.77853,0.76468
0.7337,0.94567,0.16097,0.98638,0.97875,0.9834,0.96006,0.9871,0.96397,0.77785,0.76404
0.7337,0.94437,0.15312,0.98864,0.98141,0.98444,0.95969,0.9871,0.96493,0.77853,0.76484
0.7337,0.94437,0.15312,0.98751,0.97875,0.9834,0.96006,0.98672,0.96588,0.7792,0.76531
0.7337,0.94308,0.16097,0.98638,0.97875,0.9834,0.96006,0.98635,0.96684,0.78055,0.76531
0.73158,0.94437,0.15705,0.98638,0.98007,0.98236,0.95969,0.9871,0.96787,0.78123,0.76611
0.7337,0.94437,0.1492,0.98864,0.98141,0.98444,0.95933,0.98598,0.9689,0.7819,0.76658
0.73158,0.94308,0.15705,0.98524,0.98007,0.9834,0.95969,0.98672,0.96993,0.78258,0.76722
0.73158,0.94179,0.15705,0.98524,0.97875,0.98444,0.95933,0.98635,0.97103,0.78325,0.76785
0.73158,0.94179,0.1492,0.98751,0.98141,0.9834,0.95933,0.98635,0.97206,0.7846,0.7688
0.73158,0.94308,0.1492,0.98751,0.98007,0.98444,0.95933,0.98635,0.97309,0.78528,0.76912
0.73158,0.94308,0.15705,0.98524,0.97875,0.9834,0.95933,0.98635,0.97412,0.78663,0.77023
0.72945,0.94179,0.15312,0.98638,0.98007,0.9834,0.95897,0.98598,0.97515,0.78596,0.76976
0.73158,0.94179,0.14526,0.98864,0.98273,0.98444,0.95897,0.98598,0.97618,0.78731,0.77039
0.73158,0.94179,0.1492,0.98638,0.98007,0.98548,0.95897,0.98598,0.97728,0.78866,0.77118
0.73158,0.94179,0.15312,0.98524,0.98007,0.98548,0.95897,0.9856,0.97831,0.78866,0.7715
0.73158,0.94049,0.14526,0.98751,0.98141,0.98236,0.95825,0.9856,0.97941,0.79001,0.77198
0.7337,0.94049,0.14134,0.98751,0.98141,0.98444,0.95861,0.9856,0.98044,0.79001,0.77229
0.72945,0.94049,0.1492,0.98524,0.97875,0.98548,0.95825,0.98522,0.98154,0.79136,0.77261
0.72945,0.94049,0.14526,0.98638,0.98007,0.9834,0.95825,0.98522,0.98257,0.79136,0.77325
0.73158,0.9392,0.14134,0.98751,0.98141,0.98548,0.95788,0.98486,0.98353,0.79136,0.77341
0.72733,0.9392,0.14134,0.98751,0.98007,0.98444,0.95788,0.98522,0.98456,0.79271,0.77404
0.72733,0.94049,0.14526,0.98524,0.97875,0.98444,0.95788,0.98522,0.98551,0.79271,0.7742
0.72733,0.94049,0.14134,0.98638,0.98141,0.98444,0.95788,0.98522,0.98654,0.79271,0.77436
0.72308,0.9392,0.13742,0.98864,0.98273,0.98444,0.95788,0.98448,0.9875,0.79406,0.77499
0.7252,0.9379,0.14134,0.98524,0.98007,0.98444,0.95788,0.98486,0.98846,0.79473,0.77499
0.7252,0.9392,0.14134,0.98638,0.98007,0.98444,0.95788,0.98448,0.98934,0.79541,0.77563
0.7252,0.9392,0.13349,0.98751,0.98141,0.98444,0.95788,0.98486,0.99029,0.79541,0.77594
0.7252,0.9392,0.14134,0.98638,0.97875,0.98548,0.95788,0.98448,0.99118,0.79743,0.77705
0.7252,0.9379,0.14134,0.98524,0.98007,0.98548,0.95788,0.98486,0.99206,0.79811,0.77817
0.72096,0.9379,0.13742,0.98751,0.98141,0.98548,0.95788,0.98486,0.99287,0.79946,0.77864
0.7252,0.9379,0.13742,0.98638,0.97875,0.98548,0.95788,0.98486,0.99368,0.80014,0.77912
0.72308,0.9379,0.14526,0.98524,0.98007,0.98444,0.95752,0.98486,0.99456,0.80081,0.77991
0.7252,0.9379,0.13742,0.98751,0.98141,0.98444,0.95788,0.98486,0.99529,0.80216,0.78055
0.72308,0.9379,0.13742,0.98751,0.98141,0.98444,0.95788,0.98448,0.99603,0.80284,0.78134
0.7252,0.9379,0.14526,0.98524,0.97875,0.98548,0.95788,0.98486,0.99676,0.80351,0.78197
0.7252,0.9379,0.13742,0.98751,0.98141,0.98444,0.95752,0.98486,0.99743,0.80486,0.78293
0.72096,0.9392,0.13742,0.98751,0.98141,0.98444,0.95788,0.98522,0.99801,0.80554,0.78372
0.7252,0.9379,0.14526,0.98524,0.97875,0.98548,0.95788,0.98486,0.9986,0.80689,0.78451
0.72733,0.93661,0.14526,0.98638,0.98141,0.98444,0.95825,0.98486,0.99912,0.80824,0.78546
0.72096,0.9392,0.14134,0.98751,0.98273,0.98548,0.95825,0.98522,0.99971,0.80891,0.78673
0.72308,0.9392,0.1492,0.98411,0.97875,0.98444,0.95788,0.98522,1,0.81026,0.78753
0.7252,0.9379,0.15312,0.98297,0.98141,0.98444,0.95825,0.9856,1,0.81161,0.7888
0.72733,0.9392,0.1492,0.98297,0.98273,0.98444,0.95861,0.98635,1,0.81431,0.79054
0.7252,0.9392,0.16489,0.97843,0.97875,0.98548,0.95933,0.98748,0.99985,0.81702,0.79292
0.7252,0.94179,0.16883,0.97843,0.98141,0.98444,0.96006,0.98784,0.99941,0.81972,0.79514
0.72945,0.94179,0.17276,0.97957,0.98141,0.98444,0.96114,0.9886,0.99868,0.82107,0.79705
0.72733,0.94179,0.18453,0.9807,0.98007,0.98444,0.96114,0.98898,0.99757,0.82444,0.80006
0.72733,0.94179,0.19239,0.98297,0.98141,0.9834,0.96114,0.98898,0.99632,0.82782,0.80292
0.74007,0.94437,0.19631,0.98524,0.98273,0.98548,0.96187,0.98935,0.99485,0.83052,0.80593
0.73795,0.94308,0.21202,0.98411,0.98007,0.98444,0.96223,0.98973,0.99316,0.83322,0.80895
0.74007,0.94308,0.21987,0.98297,0.98141,0.98444,0.96223,0.9886,0.99125,0.83592,0.81117
0.74007,0.94437,0.22379,0.98638,0.98273,0.98444,0.9626,0.98935,0.98926,0.83862,0.81387
0.75069,0.94567,0.2395,0.98411,0.98007,0.98236,0.96333,0.98973,0.98721,0.84132,0.81672
0.75494,0.94437,0.24735,0.98297,0.98007,0.98444,0.96333,0.98935,0.98485,0.84267,0.81911
0.75494,0.94696,0.25127,0.98638,0.98273,0.9834,0.96369,0.98898,0.98257,0.84537,0.82196
0.75919,0.94696,0.2712,0.98411,0.98007,0.98444,0.96443,0.98898,0.98015,0.84808,0.82513
0.76556,0.94825,0.28325,0.98524,0.98007,0.98444,0.96443,0.98898,0.97765,0.85213,0.82878
0.77405,0.94825,0.29127,0.98638,0.98273,0.98444,0.96479,0.98898,0.97507,0.85483,0.83243
0.78042,0.94955,0.30734,0.98638,0.98007,0.98444,0.96552,0.98935,0.9725,0.85685,0.83481
0.78255,0.94955,0.32339,0.98524,0.96019,0.98444,0.96589,0.98898,0.96985,0.85888,0.83783
0.79317,0.95084,0.32741,0.98751,0.97344,0.98444,0.96626,0.98935,0.96713,0.86293,0.84243
0.79741,0.95213,0.35151,0.98524,0.97344,0.98444,0.96699,0.98935,0.96434,0.86428,0.84418
0.80378,0.95213,0.36355,0.98638,0.95885,0.9834,0.96699,0.98935,0.96162,0.86833,0.84846
0.80591,0.95343,0.37158,0.98751,0.96946,0.98444,0.96772,0.98935,0.9589,0.86968,0.85084
0.80803,0.95343,0.39167,0.98638,0.95753,0.98444,0.96846,0.98935,0.95625,0.87306,0.85417
0.81865,0.95602,0.40772,0.98524,0.95753,0.98444,0.96846,0.9886,0.95353,0.87711,0.85798
0.81865,0.95602,0.41576,0.98864,0.98936,0.9834,0.96883,0.98935,0.95081,0.87914,0.86195
0.81865,0.95731,0.43583,0.98638,0.94956,0.98444,0.96883,0.98935,0.94801,0.88184,0.86496
0.82715,0.9586,0.4519,0.98524,0.9509,0.98444,0.97068,0.98748,0.94537,0.88724,0.87052
0.83139,0.96119,0.45993,0.98751,0.94426,0.98444,0.97253,0.98973,0.94265,0.89129,0.87496
0.82927,0.9599,0.48402,0.98638,0.98007,0.9834,0.97216,0.98973,0.93993,0.89602,0.88004
0.83989,0.9599,0.50009,0.98751,0.96283,0.9834,0.97216,0.9886,0.93735,0.90074,0.88464
0.84626,0.96248,0.50812,0.98978,0.9708,0.98444,0.97402,0.98973,0.93485,0.90479,0.88988
0.84201,0.96119,0.53221,0.98638,1,0.98444,0.96957,0.99086,0.93228,0.90885,0.89384
0.85688,0.96248,0.54828,0.98751,0.92437,0.98444,0.96846,0.98635,0.92978,0.91155,0.89813
0.86113,0.96766,0.5563,0.98864,0.93497,0.98444,0.97253,0.99011,0.92728,0.91695,0.90305
0.859,0.96766,0.57638,0.98751,0.92702,0.9834,0.97327,0.99011,0.92478,0.921,0.90749
0.85688,0.96895,0.59278,0.98751,0.93763,0.98444,0.97327,0.9886,0.92243,0.92438,0.91162
0.86113,0.96895,0.60947,0.98751,0.92304,0.98444,0.97364,0.98898,0.92015,0.92843,0.91622
0.86113,0.97154,0.62199,0.98751,0.92039,0.98444,0.97476,0.98935,0.91779,0.93113,0.91987
0.86113,0.97283,0.63869,0.98524,0.931,0.98444,0.97588,0.98935,0.91551,0.9345,0.92383
0.86113,0.97283,0.64703,0.98864,0.89386,0.98444,0.97739,0.98898,0.91316,0.93788,0.92764
0.86325,0.97542,0.66373,0.98751,0.93895,0.98444,0.97963,0.98935,0.91081,0.94193,0.93209
0.86962,0.97542,0.68877,0.98524,0.90712,0.98444,0.98115,0.98973,0.90846,0.94733,0.93748
0.86962,0.97671,0.70547,0.98751,0.93895,0.98444,0.98152,0.98935,0.90596,0.95206,0.94256
0.88848,0.97801,0.71799,0.98751,0.91773,0.98444,0.9819,0.9886,0.90353,0.95611,0.94732
0.89247,0.9793,0.74721,0.98524,0.93895,0.98444,0.98266,0.98935,0.9011,0.96016,0.95208
0.89445,0.9806,0.75555,0.98751,0.90447,0.98444,0.98304,0.98898,0.89868,0.96556,0.95747
0.89644,0.98189,0.78477,0.98638,0.91508,0.98444,0.98342,0.98898,0.89618,0.97097,0.9635
0.89247,0.98448,0.80564,0.98638,0.9111,0.9834,0.98455,0.98973,0.89375,0.97502,0.96826
0.89445,0.98577,0.80981,0.98751,0.86998,0.98444,0.98569,0.9886,0.89125,0.97907,0.97318
0.90042,0.98836,0.82651,0.98751,0.92039,0.9834,0.98914,0.98784,0.88868,0.98447,0.97858
0.89644,0.98965,0.84738,0.98751,0.92039,0.9834,0.99106,0.9886,0.88618,0.98852,0.98334
0.90042,0.98965,0.87242,0.98978,0.9907,0.98236,0.99106,0.99086,0.8839,0.99122,0.98762
0.91038,0.99094,0.89329,0.97275,0.91641,0.9834,0.9899,0.98748,0.88199,0.99595,0.99238
0.91237,0.99353,0.91427,0.96708,0.91508,0.98444,0.99145,0.98973,0.88044,0.99797,0.99587
0.91834,0.99353,0.92285,0.96254,0.90712,0.98444,0.99184,0.99011,0.87912,0.99932,0.9981
0.9303,0.99483,0.92713,0.95346,0.90712,0.92115,0.99106,0.98935,0.87765,1,1
0.70609,0.99094,0.92713,0.96821,0.91641,0.83296,0.9899,0.99237,0.87647,0.99865,0.99984
0.33182,0.98189,0.93141,0.95573,0.88856,0.75619,0.98608,0.99541,0.87566,0.99527,0.99746
0.15172,0.97542,0.91855,0.91714,0.86734,0.69187,0.98228,0.98225,0.87537,0.98987,0.99381
0.14329,0.98448,0.91427,0.93417,0.88059,0.69187,0.98761,0.98672,0.87507,0.98447,0.98953
0.13654,0.98965,0.89329,0.9387,0.90712,0.69084,0.99145,0.9886,0.87507,0.97907,0.98508
0.13318,0.99094,0.87659,0.96708,0.90712,0.69084,0.99299,0.9886,0.87507,0.97434,0.98064
0.12981,0.98965,0.86407,0.97048,0.91243,0.68482,0.99299,0.98935,0.87522,0.96962,0.97588
0.12981,0.99094,0.85571,0.95346,0.89917,0.62308,0.99299,0.99011,0.87551,0.96421,0.97144
0.11126,0.98836,0.84738,0.96141,0.9058,0.57338,0.99106,0.98672,0.87574,0.95881,0.96636
0.10957,0.98318,0.82651,0.94438,0.92039,0.53511,0.9899,0.98374,0.8761,0.95476,0.96112
0.10957,0.97801,0.81816,0.92849,0.89254,0.58686,0.98723,0.98188,0.87647,0.94936,0.95636
0.10789,0.97542,0.80564,0.95118,0.89783,0.58686,0.98532,0.97966,0.87699,0.94396,0.95113
0.10957,0.97283,0.78059,0.9546,0.89783,0.58768,0.98494,0.98039,0.87757,0.93856,0.94589
0.10957,0.97413,0.77225,0.96708,0.90447,0.57225,0.98608,0.98077,0.87801,0.93383,0.94081
0.11126,0.97413,0.74721,0.9773,0.92171,0.58686,0.98647,0.98225,0.87846,0.92978,0.93637
0.11126,0.97413,0.73468,0.97843,0.92171,0.58686,0.98723,0.98299,0.8789,0.92505,0.93161
0.11126,0.97413,0.72634,0.97843,0.92171,0.58768,0.98723,0.98522,0.87919,0.921,0.92701
0.10957,0.97542,0.72216,0.9773,0.92039,0.5885,0.98761,0.9856,0.87941,0.91695,0.92272
0.10957,0.97542,0.70129,0.97957,0.92171,0.5885,0.98761,0.98672,0.87963,0.9129,0.9186
0.10957,0.97542,0.68877,0.98184,0.91773,0.52047,0.98837,0.98748,0.87978,0.90817,0.914
0.072484,0.97542,0.67625,0.98411,0.93365,0.49684,0.98723,0.98077,0.88007,0.90344,0.90939
0.043835,0.97542,0.65538,0.93757,0.89122,0.47433,0.98152,0.95093,0.88029,0.89872,0.90463
0.043835,0.96378,0.65538,0.87628,0.86071,0.44844,0.97068,0.93043,0.88051,0.89399,0.89924
0.040458,0.9392,0.64286,0.7008,0.80359,0.44844,0.95179,0.89186,0.88081,0.88724,0.89305
0.035403,0.93661,0.62616,0.65467,0.79624,0.44731,0.95073,0.88542,0.8811,0.88049,0.88718
0.035403,0.9379,0.61782,0.68453,0.81337,0.44844,0.95429,0.89001,0.8814,0.87441,0.88099
0.035403,0.93402,0.59695,0.70623,0.8146,0.44731,0.95501,0.89247,0.88169,0.86833,0.87464
0.035403,0.93014,0.5804,0.71165,0.8195,0.44731,0.95464,0.89278,0.88184,0.86226,0.86909
0.033704,0.92626,0.56835,0.71599,0.8195,0.44731,0.95393,0.89186,0.88191,0.85618,0.8629
0.035403,0.91332,0.55228,0.66482,0.80482,0.39329,0.94612,0.87906,0.88191,0.85145,0.85751
0.033704,0.88098,0.54426,0.44935,0.7424,0.37528,0.92238,0.83557,0.88169,0.84537,0.85163
0.030349,0.85899,0.52819,0.25488,0.69059,0.37528,0.90654,0.79849,0.88125,0.83997,0.84576
0.02865,0.86028,0.52418,0.23112,0.69403,0.37416,0.90622,0.7945,0.88066,0.8339,0.84005
0.02865,0.86158,0.50409,0.25385,0.69746,0.37528,0.90882,0.79874,0.87978,0.82849,0.83481
0.026972,0.8577,0.50009,0.2714,0.70692,0.37528,0.91045,0.8015,0.87868,0.82377,0.83005
0.02865,0.85252,0.48402,0.28222,0.71548,0.37641,0.91045,0.80176,0.87735,0.81904,0.82482
0.02865,0.84735,0.476,0.28222,0.70569,0.37528,0.9098,0.80099,0.87581,0.81431,0.82022
0.026972,0.84217,0.46395,0.28443,0.71059,0.37641,0.90914,0.8005,0.87404,0.81026,0.81593
0.025294,0.83959,0.45993,0.28886,0.70692,0.37641,0.90882,0.80099,0.87199,0.80554,0.81165
0.02865,0.837,0.4519,0.2977,0.71059,0.37416,0.90882,0.80176,0.86978,0.80149,0.808
0.02865,0.83312,0.44386,0.30323,0.71181,0.37528,0.9085,0.80201,0.86728,0.79743,0.80403
0.02865,0.83053,0.44386,0.30875,0.71548,0.37416,0.90882,0.80276,0.86456,0.79406,0.8007
0.026972,0.82924,0.43181,0.31869,0.72528,0.37641,0.90947,0.80377,0.86154,0.79001,0.79721
0.026972,0.82536,0.43986,0.31759,0.71548,0.37528,0.90947,0.80352,0.85853,0.78596,0.79372
0.02865,0.82406,0.42781,0.3198,0.72037,0.37528,0.90947,0.80403,0.85537,0.7819,0.78975
0.026972,0.82147,0.43181,0.3198,0.7216,0.37528,0.90947,0.80428,0.85213,0.77785,0.78578
0.02865,0.81889,0.42379,0.32422,0.71793,0.37528,0.90947,0.80428,0.84897,0.7738,0.78261
0.026972,0.8163,0.42379,0.32533,0.72037,0.37641,0.90914,0.80428,0.84588,0.76975,0.77944
0.02865,0.81501,0.42379,0.32643,0.71916,0.37866,0.90947,0.80479,0.84279,0.76637,0.77626
0.026972,0.81371,0.41977,0.33748,0.72037,0.37866,0.91013,0.80555,0.83985,0.76232,0.77341
0.02865,0.81113,0.42781,0.33528,0.71548,0.37979,0.91013,0.80632,0.83684,0.75895,0.76991
0.026972,0.80854,0.41977,0.33528,0.72037,0.37866,0.9098,0.80605,0.8339,0.7549,0.76706
0.02865,0.80724,0.42781,0.33417,0.72405,0.37416,0.91045,0.80605,0.83096,0.75219,0.76452
0.02865,0.80724,0.41576,0.34522,0.72405,0.37416,0.91111,0.80759,0.82794,0.74949,0.7623
0.025294,0.81113,0.41977,0.37794,0.7424,0.39104,0.91506,0.81325,0.82507,0.74747,0.76087
0.02865,0.81113,0.41977,0.3958,0.75341,0.39329,0.91805,0.81689,0.82213,0.74544,0.75897
0.026972,0.81113,0.41977,0.39684,0.75341,0.39441,0.91871,0.81741,0.81919,0.74274,0.75706
0.030349,0.80724,0.42379,0.38739,0.74485,0.39441,0.91805,0.81611,0.81625,0.74004,0.755
0.02865,0.80595,0.41977,0.38319,0.73873,0.39441,0.91704,0.8148,0.81324,0.73734,0.75262
0.026972,0.80466,0.42781,0.37899,0.74119,0.39441,0.91672,0.81454,0.81022,0.73464,0.75056
0.026972,0.80466,0.41977,0.38424,0.74119,0.39217,0.91704,0.81533,0.80728,0.73194,0.74849
0.02865,0.80466,0.42379,0.38949,0.74975,0.39217,0.91738,0.81637,0.80441,0.72924,0.74643
0.02865,0.80466,0.42781,0.38949,0.74363,0.39104,0.91805,0.81663,0.80132,0.72654,0.74421
0.030349,0.80207,0.42379,0.3916,0.74608,0.38992,0.91805,0.81663,0.79824,0.72384,0.74151
0.026972,0.80207,0.43181,0.39054,0.74363,0.38992,0.91805,0.81611,0.79507,0.72113,0.73961
0.030349,0.80078,0.43181,0.38844,0.75464,0.38992,0.91805,0.81611,0.79184,0.71843,0.73786
0.02865,0.79948,0.42781,0.38109,0.74485,0.38992,0.91771,0.81559,0.78868,0.71708,0.73691
0.026972,0.79948,0.43583,0.38109,0.74119,0.38992,0.91771,0.81559,0.78537,0.71438,0.73453
0.026972,0.79819,0.43583,0.37899,0.73628,0.38879,0.91805,0.81584,0.78191,0.71236,0.7331
0.030349,0.7969,0.43583,0.38424,0.73751,0.38992,0.91805,0.81584,0.77463,0.70628,0.72675
0.026972,0.7969,0.44788,0.37794,0.74363,0.38992,0.91805,0.81637,0.74882,0.67725,0.70279
0.026972,0.7969,0.43986,0.38214,0.74731,0.38879,0.91837,0.81715,0.74338,0.67184,0.6993
0.026972,0.7969,0.4519,0.38214,0.74485,0.38992,0.91904,0.8182,0.74081,0.67049,0.69819
0.026972,0.7956,0.45591,0.38109,0.74608,0.39104,0.91971,0.81767,0.73904,0.66847,0.69692
0.02865,0.79431,0.4519,0.38109,0.7424,0.38992,0.91904,0.81715,0.73669,0.66644,0.69486
0.02865,0.79431,0.45591,0.38004,0.73996,0.38992,0.91837,0.81663,0.73449,0.66374,0.6928
0.030349,0.78396,0.45993,0.32864,0.7216,0.37641,0.91242,0.80733,0.7311,0.66307,0.69232
0.030349,0.78266,0.45993,0.30323,0.70692,0.38428,0.90914,0.80352,0.72904,0.66036,0.6901
0.02865,0.79043,0.4519,0.34964,0.73873,0.37979,0.91473,0.81273,0.7275,0.65901,0.68883
0.030349,0.79172,0.45993,0.37374,0.73751,0.37979,0.91771,0.81559,0.72603,0.65766,0.68804
0.02865,0.79172,0.4519,0.37479,0.74119,0.38879,0.91837,0.81584,0.72449,0.65766,0.68788
0.030349,0.79172,0.45591,0.37689,0.7424,0.39217,0.91871,0.81507,0.72228,0.65766,0.68804
0.02865,0.79172,0.46395,0.37058,0.73751,0.39104,0.91871,0.81584,0.71963,0.65766,0.68772
0.030349,0.79043,0.47197,0.36511,0.73996,0.39329,0.91871,0.81637,0.71721,0.65699,0.68788
0.02865,0.79043,0.46395,0.3618,0.72895,0.38992,0.91837,0.81689,0.71537,0.65564,0.68708
0.030349,0.79043,0.476,0.36953,0.73261,0.39104,0.91871,0.81637,0.71316,0.65631,0.68724
0.030349,0.79043,0.46795,0.37584,0.73628,0.38992,0.91971,0.81741,0.7114,0.65496,0.68692
0.030349,0.78913,0.46795,0.37164,0.73507,0.38992,0.91971,0.81663,0.70868,0.65496,0.68677
0.030349,0.78913,0.476,0.36511,0.73017,0.38992,0.91971,0.81689,0.70588,0.65429,0.68629
0.02865,0.78913,0.48,0.36842,0.73261,0.38879,0.92004,0.81767,0.7036,0.65361,0.68629
0.030349,0.78913,0.48,0.37058,0.73873,0.38879,0.92071,0.81741,0.7011,0.65361,0.68581
0.030349,0.78913,0.48402,0.36842,0.73751,0.38879,0.92071,0.81715,0.69897,0.65226,0.68534
0.030349,0.78913,0.49607,0.36621,0.73261,0.38879,0.92105,0.8182,0.69699,0.65226,0.68502
0.02865,0.78913,0.49607,0.36842,0.73751,0.38766,0.92138,0.81872,0.69522,0.65091,0.68502
0.030349,0.78913,0.49607,0.3629,0.72895,0.38766,0.92172,0.81846,0.6936,0.65091,0.68486
0.02865,0.78913,0.50009,0.36621,0.73261,0.38766,0.92138,0.8182,0.69176,0.65024,0.6847
0.030349,0.78913,0.50812,0.36069,0.73017,0.38766,0.92205,0.81846,0.68963,0.65024,0.68486
0.02865,0.78913,0.50812,0.35738,0.7424,0.38879,0.92172,0.81794,0.6875,0.64956,0.68486
0.02865,0.79043,0.50812,0.35406,0.74363,0.38879,0.92205,0.81715,0.68522,0.65024,0.6855
0.030349,0.79043,0.52016,0.35185,0.73751,0.38992,0.92238,0.81767,0.68191,0.64889,0.68423
0.030349,0.78913,0.52418,0.34632,0.74119,0.39104,0.92238,0.81741,0.67904,0.64686,0.68264
0.02865,0.7762,0.52418,0.28333,0.71548,0.34265,0.91473,0.80276,0.6775,0.64686,0.68312
0.025294,0.74774,0.52819,0.014022,0.50224,0.22446,0.89594,0.73128,0.67544,0.64619,0.6828
0.021917,0.72186,0.53623,0.012015,0.46633,0.12767,0.87881,0.66914,0.67338,0.64483,0.68216
0.018541,0.69211,0.53221,0.012015,0.40214,0.10253,0.85062,0.60388,0.6711,0.64416,0.68137
0.016863,0.67658,0.53221,0.012015,0.36255,0.10516,0.83231,0.56172,0.66853,0.64281,0.6801
0.015164,0.67012,0.53623,0.011016,0.33932,0.10629,0.82087,0.53141,0.66735,0.64011,0.67867
0.013486,0.66624,0.53623,0.011016,0.32457,0.10629,0.81262,0.51323,0.66485,0.63808,0.67661
0.013486,0.66235,0.53623,0.010007,0.30663,0.10629,0.80713,0.49917,0.66243,0.63606,0.67423
0.013486,0.65977,0.54023,0.010007,0.29291,0.10629,0.80272,0.48978,0.65993,0.63336,0.67233
0.011787,0.65718,0.54023,0.011016,0.3024,0.10629,0.79938,0.4809,0.65721,0.63065,0.66979
0.011787,0.65459,0.54023,0.011016,0.28553,0.10629,0.79709,0.4762,0.65449,0.62728,0.66693
0.021917,0.65201,0.54023,0.011016,0.29502,0.10741,0.79532,0.47091,0.65169,0.6239,0.66392
0.47483,0.64554,0.54023,0.011016,0.2813,0.10629,0.79862,0.49078,0.64897,0.61985,0.66074
0.96615,0.63648,0.54023,0.011016,0.2908,0.10629,0.8022,0.51543,0.64618,0.61648,0.65725
0.97211,0.62613,0.53623,0.011016,0.30979,0.10741,0.80505,0.53141,0.64331,0.61377,0.65487
0.97411,0.61578,0.54023,0.011016,0.31717,0.10741,0.80686,0.54016,0.64037,0.61107,0.65233
0.97611,0.60543,0.54023,0.011016,0.30768,0.10629,0.80739,0.54319,0.63735,0.60905,0.65027
0.98008,0.59767,0.54426,0.011016,0.31717,0.10741,0.80816,0.54538,0.63426,0.605,0.64725
0.98208,0.58862,0.54426,0.011016,0.31612,0.10854,0.8079,0.54636,0.63125,0.6023,0.64424
0.97808,0.58344,0.54426,0.011016,0.31191,0.10854,0.80764,0.54575,0.62809,0.59824,0.64027
0.98008,0.57697,0.54426,0.011016,0.31191,0.10854,0.80713,0.54319,0.62493,0.59352,0.63599
0.98407,0.5718,0.54023,0.011016,0.30874,0.10966,0.80686,0.5427,0.6214,0.58947,0.63234
0.98008,0.56662,0.54023,0.011016,0.31823,0.10966,0.80608,0.54077,0.61787,0.58677,0.63012
0.98804,0.56145,0.54426,0.011016,0.3024,0.10966,0.80557,0.53957,0.61449,0.58474,0.62821
0.98208,0.55627,0.54426,0.011016,0.31191,0.10966,0.80505,0.53849,0.61132,0.58204,0.62599
0.98804,0.55239,0.54828,0.011016,0.3024,0.10966,0.80452,0.53623,0.60809,0.58069,0.6244
0.98605,0.54722,0.54828,0.011016,0.29291,0.10966,0.80375,0.53469,0.60507,0.57799,0.62234
0.98407,0.54334,0.54828,0.011016,0.30663,0.10966,0.80298,0.53363,0.60221,0.57596,0.62044
0.98208,0.53946,0.54828,0.011016,0.30557,0.10966,0.80246,0.53211,0.59934,0.57394,0.61838
0.98208,0.53558,0.54828,0.011016,0.30979,0.10966,0.80195,0.53083,0.5964,0.57124,0.61552
0.98605,0.53299,0.54828,0.011016,0.2908,0.16819,0.80143,0.52909,0.59346,0.56853,0.6133
0.98407,0.52911,0.54828,0.011016,0.3003,0.16932,0.80118,0.52793,0.59051,0.56583,0.61092
0.98605,0.52781,0.54828,0.011016,0.29291,0.19633,0.80041,0.52736,0.58765,0.56381,0.6087
0.97012,0.51876,0.54828,0.011016,0.43696,0.22671,0.79709,0.53908,0.58485,0.56111,0.60647
0.62849,0.51617,0.54828,0.011016,0.42498,0.22671,0.79507,0.55647,0.58199,0.55908,0.60473
0.34662,0.52393,0.54426,0.011016,0.45437,0.22671,0.80246,0.58175,0.57904,0.55773,0.60298
0.075861,0.53428,0.54828,0.011016,0.46089,0.26498,0.80973,0.58816,0.57654,0.55773,0.60298
0.015164,0.57827,0.54828,0.011016,0.53053,0.27511,0.83424,0.60477,0.57397,0.55638,0.60235
0.018541,0.6119,0.55228,0.012015,0.59107,0.27398,0.85903,0.65167,0.5711,0.55571,0.60171
0.016863,0.60802,0.5563,0.012015,0.5945,0.27398,0.86168,0.65872,0.56824,0.55571,0.60203
0.016863,0.59379,0.56032,0.013013,0.5523,0.28074,0.85293,0.64474,0.56544,0.55638,0.60298
0.015164,0.58991,0.56433,0.012015,0.54358,0.28299,0.84689,0.63649,0.56257,0.55908,0.606
0.015164,0.59638,0.57237,0.012015,0.54576,0.28411,0.84775,0.63878,0.55963,0.56043,0.60758
0.015164,0.60414,0.57237,0.013013,0.55904,0.28299,0.85177,0.64524,0.55691,0.56313,0.60933
0.016863,0.60802,0.57237,0.013013,0.56704,0.28299,0.85408,0.64794,0.55419,0.56178,0.60885
0.016863,0.60673,0.57237,0.013013,0.56132,0.28299,0.8535,0.64541,0.55147,0.56313,0.61028
0.015164,0.60543,0.57237,0.013013,0.56132,0.28299,0.8512,0.64241,0.54816,0.56448,0.61108
0.015164,0.60673,0.57638,0.013013,0.57047,0.28299,0.84975,0.64076,0.54426,0.56583,0.61266
0.013486,0.60802,0.58443,0.013013,0.54576,0.28411,0.84947,0.64093,0.53956,0.56718,0.61488
0.015164,0.6119,0.59278,0.014022,0.56475,0.28411,0.85062,0.64225,0.53301,0.57056,0.61822
0.013486,0.61578,0.60947,0.012015,0.57849,0.28411,0.85321,0.64625,0.52566,0.57326,0.62139
0.016863,0.61708,0.62199,0.014022,0.58192,0.28299,0.85437,0.64608,0.51831,0.57596,0.62504
0.015164,0.61708,0.63869,0.014022,0.54795,0.28411,0.8538,0.64408,0.51118,0.58069,0.63043
0.015164,0.61578,0.65956,0.013013,0.56247,0.28187,0.8535,0.64258,0.50397,0.58204,0.63297
0.015164,0.61837,0.67208,0.013013,0.56017,0.28074,0.85496,0.64358,0.49772,0.58474,0.63678
0.011787,0.62096,0.68877,0.014022,0.5842,0.27849,0.85612,0.64591,0.49103,0.58677,0.63964
0.015164,0.62225,0.70547,0.013013,0.54903,0.27962,0.85757,0.64675,0.48419,0.58744,0.64154
0.015164,0.62354,0.70964,0.013013,0.56475,0.28074,0.85816,0.64642,0.47956,0.59014,0.64376
0.013486,0.62354,0.71381,0.013013,0.57734,0.27962,0.85816,0.64658,0.47449,0.59217,0.64583
0.016863,0.62354,0.73051,0.013013,0.57619,0.27962,0.85786,0.64608,0.46897,0.59217,0.64614
0.018541,0.60673,0.73886,0.013013,0.38047,0.10253,0.84775,0.5986,0.46368,0.59082,0.64614
0.016863,0.57827,0.74721,0.012015,0.32034,0.10253,0.81926,0.53036,0.45846,0.59082,0.6471
0.016863,0.56533,0.75555,0.011016,0.26548,0.10253,0.79964,0.48393,0.45338,0.59014,0.64773
0.30054,0.56016,0.7639,0.011016,0.24755,0.10253,0.79104,0.46274,0.44875,0.59082,0.64884
0.89247,0.55239,0.77225,0.012015,0.24121,0.10253,0.79004,0.46794,0.44419,0.59014,0.64932
0.98208,0.54592,0.78059,0.013013,0.23593,0.10103,0.78929,0.47297,0.44154,0.59217,0.6509
0.98804,0.53816,0.78894,0.013013,0.23487,0.10253,0.78904,0.47325,0.43801,0.58542,0.64472
0.98804,0.53169,0.78894,0.012015,0.23593,0.10253,0.78829,0.47166,0.43515,0.57866,0.63821
0.98605,0.52652,0.78477,0.012015,0.23593,0.10403,0.7873,0.46887,0.43338,0.57124,0.63107
0.98605,0.52264,0.77642,0.012015,0.23593,0.10516,0.78631,0.4672,0.43206,0.56381,0.62329
0.98804,0.51876,0.76807,0.012015,0.23593,0.10741,0.78557,0.46556,0.43154,0.55706,0.61599
0.98605,0.51617,0.75973,0.011016,0.23593,0.10741,0.78506,0.46094,0.43228,0.55098,0.60933
0.98804,0.51617,0.74721,0.011016,0.22327,0.10741,0.78457,0.45853,0.4336,0.5449,0.6033
0.98804,0.51488,0.73468,0.012015,0.22855,0.25148,0.78506,0.45588,0.43441,0.5368,0.59394
0.99004,0.54592,0.71799,0.013013,0.45328,0.39329,0.8079,0.54149,0.43449,0.52802,0.58426
0.54704,0.58862,0.69712,0.015021,0.54795,0.40792,0.85033,0.6784,0.43441,0.51857,0.5749
0.092724,0.63777,0.67625,0.029043,0.63683,0.41243,0.89817,0.78982,0.43441,0.51384,0.5695
0.033704,0.71281,0.67208,0.36511,0.7779,0.4113,0.94366,0.84244,0.43404,0.51047,0.56569
0.032027,0.71281,0.65538,0.4336,0.78402,0.4113,0.94226,0.84746,0.43375,0.50777,0.56189
0.033704,0.70505,0.65538,0.33307,0.73628,0.41243,0.92881,0.82746,0.43346,0.50506,0.55839
0.033704,0.71928,0.65121,0.3618,0.74975,0.41243,0.93085,0.83232,0.43316,0.50169,0.55538
0.032027,0.73092,0.64703,0.38634,0.76076,0.41243,0.93462,0.83694,0.43309,0.49966,0.55268
0.033704,0.73868,0.63034,0.39369,0.76688,0.4158,0.936,0.83721,0.43316,0.49696,0.54998
0.033704,0.75032,0.63869,0.4273,0.77177,0.41692,0.94086,0.84383,0.43324,0.49426,0.54729
0.030349,0.75809,0.62199,0.4483,0.79135,0.41805,0.94506,0.8455,0.43324,0.49291,0.54507
0.032027,0.75938,0.62199,0.442,0.77177,0.41805,0.94331,0.8455,0.43309,0.49156,0.54395
0.033704,0.76326,0.62616,0.4399,0.7987,0.41805,0.94331,0.84494,0.43257,0.48953,0.54142
0.033704,0.75938,0.62199,0.38109,0.76199,0.30662,0.93912,0.83639,0.43199,0.48818,0.5403
0.026972,0.69858,0.62199,0.018027,0.51638,0.27287,0.89946,0.71714,0.43103,0.48616,0.53745
0.021917,0.64942,0.62199,0.014022,0.39017,0.15581,0.85062,0.60373,0.43007,0.48346,0.53459
0.023595,0.63131,0.62199,0.013013,0.34672,0.10403,0.82276,0.53328,0.42963,0.48008,0.53158
0.020218,0.62096,0.61782,0.012015,0.29291,0.10403,0.80401,0.49423,0.42941,0.47806,0.52872
0.016863,0.61966,0.61364,0.011016,0.26231,0.10403,0.79355,0.46147,0.42868,0.474,0.52444
0.42894,0.61578,0.60947,0.011016,0.25493,0.10516,0.79104,0.45534,0.4286,0.4713,0.52142
0.97611,0.6119,0.6053,0.011016,0.23804,0.10629,0.79255,0.45799,0.42868,0.46725,0.51777
0.98407,0.60673,0.60112,0.011016,0.26021,0.10629,0.7938,0.4596,0.4289,0.46388,0.51365
0.98804,0.60026,0.59695,0.011016,0.27181,0.10629,0.7943,0.46157,0.42919,0.4605,0.51
0.98407,0.59379,0.5886,0.011016,0.26864,0.19745,0.7943,0.46211,0.42949,0.45645,0.50603
0.98407,0.58603,0.58443,0.011016,0.42063,0.22671,0.79255,0.49443,0.42978,0.45307,0.50206
0.72096,0.61449,0.57638,0.012015,0.48266,0.22897,0.82033,0.57668,0.43022,0.45105,0.50016
0.2141,0.60155,0.56835,0.013013,0.51638,0.20983,0.82983,0.6167,0.43096,0.44835,0.49651
0.26596,0.5718,0.56433,0.012015,0.30663,0.10253,0.80999,0.55119,0.43154,0.44429,0.49207
0.87175,0.56016,0.56032,0.011016,0.28025,0.10253,0.80067,0.51987,0.4314,0.44092,0.48826
0.98605,0.55369,0.5563,0.011016,0.2697,0.10253,0.7943,0.5001,0.43037,0.43822,0.48524
0.98804,0.5511,0.55228,0.011016,0.24861,0.10253,0.79054,0.48353,0.42919,0.43889,0.48588
0.98407,0.5511,0.55228,0.011016,0.26548,0.10253,0.78853,0.47213,0.42676,0.43889,0.48588
0.98605,0.54851,0.55228,0.011016,0.24965,0.10253,0.78655,0.46593,0.42243,0.43754,0.48493
0.98208,0.54592,0.55228,0.011016,0.26125,0.10253,0.78408,0.46066,0.41713,0.43754,0.48477
0.98407,0.54334,0.5563,0.011016,0.24965,0.10253,0.78212,0.45728,0.41059,0.43754,0.48477
0.98407,0.54075,0.56433,0.011016,0.23804,0.10253,0.77991,0.44988,0.4025,0.43957,0.48746
0.98804,0.53816,0.57237,0.011016,0.24332,0.10103,0.77725,0.44715,0.39346,0.44564,0.49397
0.98605,0.53428,0.58443,0.011016,0.24438,0.10253,0.7741,0.44211,0.38301,0.4524,0.50238
0.98407,0.5304,0.6053,0.011016,0.23699,0.10253,0.77219,0.43668,0.37221,0.46185,0.51317
0.99004,0.52781,0.63034,0.011016,0.23278,0.10253,0.76909,0.43209,0.36125,0.47265,0.52491
0.99403,0.52393,0.65956,0.011016,0.2275,0.10253,0.7653,0.42696,0.34846,0.48211,0.53602
0.99004,0.52135,0.69295,0.011016,0.20784,0.10253,0.76272,0.42148,0.33478,0.49291,0.54856
0.99204,0.51746,0.73051,0.011016,0.20098,0.10253,0.76016,0.41695,0.32169,0.50506,0.56347
0.99004,0.51358,0.7639,0.011016,0.20685,0.10103,0.75715,0.4117,0.30824,0.51587,0.57648
0.99004,0.511,0.80564,0.012015,0.20685,0.11979,0.7544,0.40757,0.29507,0.52667,0.58902
0.99004,0.52393,0.8432,0.014022,0.34144,0.53961,0.76296,0.43741,0.28191,0.52937,0.5941
0.98804,0.56274,0.87242,0.014022,0.42498,0.58238,0.80634,0.54538,0.27007,0.5287,0.59426
0.99601,0.60543,0.8891,0.017018,0.56132,0.58125,0.86138,0.69998,0.26051,0.52262,0.58981
0.55258,0.6727,0.90999,0.37479,0.69403,0.58125,0.93051,0.86488,0.25338,0.52127,0.58886
0.12137,0.73609,0.91427,0.76959,0.86468,0.58238,0.97031,0.93921,0.24846,0.52127,0.58981
0.11126,0.79172,0.90999,0.83769,0.93763,0.58238,0.99221,0.96223,0.24551,0.52194,0.59124
0.10621,0.80724,0.92285,0.82747,0.88988,0.58238,0.98647,0.95584,0.24404,0.52127,0.59061
0.10621,0.82536,0.92713,0.83202,0.89917,0.5835,0.98684,0.95549,0.24324,0.51992,0.58981
0.10789,0.83959,0.91855,0.83996,0.89651,0.58238,0.98953,0.95655,0.24382,0.51992,0.59013
0.10621,0.84994,0.92285,0.83883,0.89254,0.58238,0.99106,0.9562,0.24551,0.52059,0.59092
0.10621,0.8577,0.92285,0.84109,0.91376,0.5835,0.99221,0.9562,0.24721,0.52127,0.5914
0.10621,0.86287,0.90999,0.84223,0.91243,0.5835,0.99184,0.95655,0.24919,0.51992,0.58997
0.10621,0.86934,0.91427,0.84223,0.9257,0.5835,0.99299,0.95938,0.25118,0.51857,0.58886
0.10451,0.87451,0.92285,0.84109,0.90049,0.5835,0.99299,0.95549,0.25309,0.51857,0.58886
0.10789,0.87969,0.90581,0.84904,0.93763,0.5835,0.99416,0.95867,0.25522,0.51992,0.58934
0.10789,0.88357,0.90164,0.84563,0.89917,0.5835,0.99261,0.9569,0.25662,0.51857,0.58823
0.065752,0.86417,0.90999,0.57905,0.71916,0.11079,0.97626,0.91011,0.25868,0.51857,0.58807
0.037081,0.78655,0.90999,0.020024,0.55338,0.10253,0.92915,0.7535,0.26074,0.51587,0.58458
0.025294,0.72057,0.90999,0.01602,0.43043,0.10253,0.87122,0.61838,0.26287,0.51047,0.57855
0.023595,0.68564,0.90164,0.014022,0.30874,0.10253,0.82384,0.51665,0.26522,0.50371,0.57093
0.025294,0.67917,0.8891,0.012015,0.24227,0.10253,0.80118,0.45915,0.26757,0.49629,0.56315
0.47483,0.67141,0.87659,0.012015,0.22223,0.10253,0.79355,0.43945,0.26985,0.48886,0.55474
0.98008,0.66235,0.86407,0.012015,0.22538,0.10253,0.79029,0.4357,0.27206,0.48211,0.54649
0.98605,0.65459,0.84738,0.011016,0.22538,0.10253,0.78779,0.43217,0.27441,0.47535,0.53824
0.98804,0.64683,0.83903,0.012015,0.21274,0.10253,0.78457,0.42814,0.27662,0.4686,0.53047
0.98804,0.64166,0.82233,0.012015,0.21176,0.10253,0.78187,0.42363,0.27868,0.46185,0.52301
0.99004,0.63389,0.80564,0.012015,0.21695,0.10253,0.7787,0.41898,0.28074,0.4551,0.51539
0.99004,0.62872,0.79312,0.011016,0.22012,0.10253,0.77555,0.41576,0.28287,0.44902,0.50809
0.98407,0.62484,0.78059,0.011016,0.21176,0.10253,0.77243,0.41229,0.28456,0.44159,0.50016
0.98407,0.61966,0.77225,0.011016,0.20196,0.10516,0.76933,0.40815,0.28603,0.43619,0.49302
0.98605,0.61578,0.75555,0.011016,0.20784,0.12542,0.76672,0.40629,0.28743,0.42944,0.48604
0.98804,0.6119,0.74303,0.011016,0.20587,0.12542,0.76389,0.40289,0.28838,0.42404,0.47921
0.98804,0.62225,0.73051,0.011016,0.36043,0.27511,0.77219,0.43042,0.28904,0.41729,0.47175
0.98804,0.64942,0.71381,0.012015,0.43913,0.28299,0.80842,0.51719,0.28934,0.40918,0.46176
0.59888,0.67788,0.69712,0.014022,0.54358,0.37416,0.85321,0.65303,0.28978,0.39973,0.45192
0.10957,0.71669,0.68043,0.034046,0.65856,0.37416,0.90719,0.7835,0.29007,0.39163,0.44256
0.02865,0.73739,0.65538,0.24765,0.75587,0.37191,0.92881,0.81454,0.29007,0.38217,0.43193
0.02865,0.71669,0.64703,0.13865,0.68946,0.37191,0.91341,0.78835,0.29118,0.37677,0.42574
0.025294,0.71928,0.63869,0.11988,0.68259,0.37304,0.90947,0.78446,0.29147,0.37137,0.42003
0.025294,0.72962,0.62616,0.15545,0.69288,0.37191,0.91407,0.78982,0.29169,0.36732,0.41558
0.026972,0.73351,0.61782,0.16533,0.69403,0.37191,0.91572,0.79081,0.29154,0.36462,0.41209
0.026972,0.73351,0.62199,0.16237,0.69518,0.37191,0.91572,0.78909,0.29125,0.36192,0.40876
0.025294,0.73609,0.60947,0.15644,0.70692,0.37191,0.91473,0.78738,0.29088,0.35922,0.40559
0.023595,0.73609,0.60947,0.15348,0.70815,0.37304,0.91407,0.7864,0.29059,0.35652,0.40257
0.025294,0.73739,0.6053,0.15348,0.70089,0.37304,0.91407,0.7864,0.29037,0.35381,0.3994
0.025294,0.73868,0.59695,0.15545,0.69288,0.37304,0.91407,0.78616,0.29037,0.35111,0.39654
0.025294,0.73997,0.59695,0.15545,0.71059,0.37191,0.91374,0.78568,0.29051,0.34841,0.39416
0.026972,0.74515,0.59278,0.16731,0.69288,0.45069,0.91771,0.78859,0.29066,0.34706,0.39226
0.02865,0.82277,0.5886,0.64451,0.86071,0.45857,0.96699,0.88511,0.29074,0.34706,0.39242
0.030349,0.84864,0.56032,0.88196,0.93365,0.4597,0.98077,0.9348,0.29066,0.34909,0.39464
0.032027,0.84476,0.56032,0.83202,0.88193,0.43269,0.96919,0.9156,0.29059,0.35111,0.39733
0.030349,0.80724,0.57638,0.54648,0.78402,0.41805,0.93428,0.85995,0.29007,0.35381,0.39956
0.030349,0.81242,0.5886,0.49468,0.76199,0.41805,0.936,0.8531,0.28831,0.35517,0.40194
0.030349,0.82018,0.59695,0.52004,0.78402,0.41805,0.94086,0.85822,0.28574,0.36057,0.40797
0.026972,0.81759,0.60947,0.50947,0.79624,0.41692,0.94121,0.85622,0.28228,0.36732,0.41542
0.02865,0.81501,0.62616,0.48198,0.77177,0.41805,0.93843,0.85338,0.27713,0.37272,0.42145
0.026972,0.8163,0.64286,0.47141,0.78279,0.41805,0.93774,0.85195,0.27074,0.3788,0.42812
0.030349,0.81889,0.65538,0.4672,0.77667,0.41805,0.93808,0.85281,0.26309,0.38623,0.43732
0.030349,0.82147,0.68043,0.46301,0.77421,0.41805,0.93912,0.85451,0.2536,0.39703,0.44986
0.030349,0.82536,0.71799,0.45985,0.79257,0.41692,0.94226,0.85622,0.2436,0.40986,0.46446
0.023595,0.77878,0.74303,0.040059,0.53053,0.16144,0.91506,0.75575,0.23515,0.42134,0.47652
0.018541,0.71669,0.76807,0.017018,0.43696,0.10253,0.86732,0.62573,0.22632,0.42201,0.47826
0.016863,0.67529,0.78477,0.015021,0.31295,0.10403,0.81633,0.52077,0.21993,0.41729,0.47382
0.080916,0.66882,0.78894,0.013013,0.333,0.40905,0.78853,0.45282,0.21596,0.41121,0.46795
0.57667,0.72186,0.79312,0.014022,0.48918,0.45295,0.82928,0.54945,0.21412,0.40513,0.46223
0.28571,0.76455,0.78894,0.01602,0.61167,0.45295,0.88839,0.72124,0.21331,0.40108,0.45811
0.037081,0.82406,0.77642,0.33417,0.78033,0.45295,0.95215,0.85112,0.21272,0.39973,0.45652
0.035403,0.85511,0.78059,0.71165,0.89917,0.45182,0.9785,0.9156,0.2125,0.40108,0.45827
0.037081,0.84864,0.78059,0.64,0.83683,0.45295,0.96919,0.90089,0.21301,0.40378,0.46144
0.035403,0.85252,0.78059,0.61742,0.82562,0.45295,0.96626,0.89495,0.21338,0.40581,0.46398
0.035403,0.8577,0.78059,0.62081,0.86071,0.45407,0.96589,0.89465,0.21368,0.40783,0.46588
0.033704,0.86287,0.78477,0.62193,0.83683,0.45295,0.96699,0.89495,0.2139,0.40918,0.46747
0.037081,0.89651,0.78477,0.76845,0.88458,0.50471,0.98914,0.92676,0.21434,0.41121,0.46985
0.037081,0.91074,0.79312,0.84336,0.9058,0.50696,0.99261,0.94538,0.21566,0.41526,0.47429
0.037081,0.92238,0.77642,0.85812,0.94426,0.50809,0.9957,0.94885,0.21588,0.41594,0.47445
0.03878,0.93014,0.77225,0.86606,0.94426,0.50809,0.9957,0.94989,0.21588,0.41526,0.47414
0.040458,0.93402,0.78894,0.85585,0.91907,0.50809,0.99609,0.94849,0.21566,0.41594,0.47509
0.040458,0.93402,0.78059,0.85017,0.91376,0.50809,0.99493,0.94607,0.21551,0.41796,0.47747
0.037081,0.93661,0.78894,0.84563,0.94294,0.50922,0.99416,0.94538,0.21581,0.42066,0.48048
0.040458,0.93661,0.80564,0.83315,0.90183,0.51147,0.99221,0.9416,0.21618,0.42336,0.48381
0.03878,0.93014,0.80564,0.81272,0.93497,0.4203,0.98647,0.92909,0.21676,0.42539,0.48619
0.032027,0.87322,0.81816,0.29991,0.773,0.49796,0.95752,0.82321,0.21728,0.42539,0.48604
0.035403,0.90686,0.80564,0.65692,0.90049,0.50247,0.98077,0.90596,0.21846,0.42674,0.48762
0.035403,0.92109,0.80981,0.75613,0.88059,0.50359,0.98914,0.92214,0.21949,0.42809,0.48937
0.035403,0.90556,0.82233,0.53168,0.79747,0.4203,0.97701,0.90532,0.22059,0.43011,0.4908
0.032027,0.85899,0.82651,0.23422,0.78891,0.44957,0.95144,0.82003,0.22169,0.42944,0.48984
0.030349,0.85382,0.82233,0.2745,0.78156,0.34152,0.94753,0.82586,0.22287,0.42809,0.48873
0.020218,0.78396,0.81399,0.017018,0.4957,0.30437,0.89881,0.70727,0.2239,0.42539,0.48572
0.020218,0.77361,0.80981,0.015021,0.61167,0.37979,0.88125,0.64894,0.22493,0.42269,0.48223
0.016863,0.85382,0.80981,0.073106,0.75464,0.39104,0.94331,0.79278,0.2261,0.42134,0.48064
0.021917,0.82665,0.80564,0.14754,0.73996,0.38654,0.93531,0.80759,0.22721,0.41999,0.47921
0.020218,0.80724,0.80146,0.0701,0.69631,0.38428,0.92172,0.78909,0.22838,0.41864,0.47794
0.020218,0.8163,0.79312,0.14655,0.72649,0.38541,0.92949,0.80201,0.22963,0.41796,0.47652
0.020218,0.81759,0.78894,0.17126,0.73628,0.38541,0.93291,0.8058,0.23103,0.41594,0.47461
0.016863,0.81242,0.78894,0.16138,0.73628,0.38766,0.93187,0.80428,0.2325,0.41391,0.47191
0.020218,0.80983,0.78059,0.15644,0.71059,0.38428,0.93017,0.8015,0.2339,0.41121,0.46922
0.020218,0.80724,0.76807,0.15446,0.73873,0.38428,0.92881,0.8005,0.23551,0.40918,0.46668
0.020218,0.80595,0.75973,0.15742,0.71304,0.38541,0.92847,0.8005,0.23713,0.40783,0.46446
0.020218,0.80466,0.75973,0.16336,0.73384,0.38541,0.92847,0.80124,0.23875,0.40648,0.46255
0.021917,0.80207,0.75138,0.17027,0.71304,0.38428,0.92881,0.8015,0.24,0.40446,0.46017
0.021917,0.80207,0.74721,0.17126,0.73628,0.38541,0.92915,0.80176,0.24132,0.40243,0.45811
0.018541,0.78913,0.73468,0.11889,0.70089,0.35727,0.91871,0.78909,0.2425,0.40108,0.45684
0.020218,0.76585,0.73468,0.018027,0.6517,0.35502,0.89881,0.7553,0.2436,0.40041,0.45509
0.020218,0.78266,0.73468,0.017018,0.67573,0.35615,0.90817,0.77278,0.24456,0.39905,0.45367
0.020218,0.78137,0.72634,0.044063,0.68488,0.35502,0.91177,0.77679,0.24544,0.3977,0.45208
0.020218,0.7749,0.73051,0.028044,0.67115,0.35502,0.90882,0.7709,0.24618,0.39703,0.45176
0.020218,0.77232,0.72216,0.020024,0.67115,0.35502,0.90719,0.77044,0.24691,0.39635,0.45049
0.018541,0.77232,0.73051,0.028044,0.67573,0.35615,0.90751,0.76974,0.24765,0.39568,0.44954
0.020218,0.77232,0.72634,0.030042,0.66543,0.35502,0.90817,0.77138,0.24831,0.39433,0.44875
0.018541,0.76973,0.72634,0.043065,0.67801,0.35502,0.90817,0.77185,0.24904,0.39433,0.44764
0.021917,0.76843,0.71381,0.035045,0.66658,0.35615,0.90784,0.77208,0.24971,0.39298,0.44621
0.018541,0.76843,0.71381,0.044063,0.67916,0.35727,0.90817,0.77231,0.25022,0.39163,0.44462
0.018541,0.76714,0.71381,0.043065,0.67343,0.35615,0.90817,0.77325,0.25074,0.39028,0.44319
0.021917,0.76714,0.70547,0.043065,0.68144,0.35615,0.90817,0.77255,0.25125,0.3896,0.4424
0.020218,0.76455,0.70964,0.043065,0.66428,0.35502,0.90784,0.77278,0.25176,0.38893,0.44145
0.018541,0.76455,0.70129,0.058085,0.68259,0.35615,0.90817,0.77255,0.25213,0.38825,0.44081
0.018541,0.76326,0.70964,0.055079,0.66771,0.35615,0.90784,0.77208,0.2525,0.38758,0.44065
0.018541,0.76197,0.70129,0.056078,0.67801,0.35615,0.90784,0.77255,0.25294,0.38758,0.44018
0.020218,0.76197,0.69712,0.052073,0.67343,0.35502,0.90751,0.77161,0.25324,0.38758,0.43954
0.020218,0.76197,0.70547,0.044063,0.67458,0.35502,0.90751,0.77208,0.25353,0.3869,0.43923
0.018541,0.76197,0.69712,0.044063,0.66428,0.35502,0.90784,0.77208,0.2539,0.38623,0.43891
0.018541,0.75938,0.70129,0.045062,0.6803,0.35502,0.90784,0.77185,0.25419,0.38623,0.43827
0.020218,0.75938,0.69712,0.054081,0.69403,0.35502,0.90784,0.77255,0.25456,0.38623,0.43811
0.020218,0.75938,0.70129,0.059084,0.67115,0.35502,0.90817,0.77278,0.25485,0.38623,0.43796
0.018541,0.75938,0.69295,0.065096,0.67001,0.3539,0.9085,0.77349,0.25522,0.38623,0.43796
0.018541,0.75938,0.69712,0.056078,0.67801,0.35615,0.90817,0.77349,0.25559,0.38555,0.43764
0.020218,0.75938,0.70547,0.050076,0.68373,0.35615,0.90817,0.77325,0.25596,0.38488,0.43732
0.018541,0.75809,0.69295,0.051074,0.68716,0.3584,0.90817,0.77349,0.2564,0.38488,0.43669
0.018541,0.75938,0.70129,0.058085,0.66886,0.36178,0.9085,0.77278,0.25684,0.3842,0.43621
0.020218,0.75938,0.69295,0.065096,0.67573,0.36291,0.90882,0.77396,0.25728,0.38352,0.4351
0.020218,0.75809,0.68877,0.063089,0.68716,0.36515,0.90882,0.77444,0.25779,0.38217,0.43415
0.020218,0.75809,0.69295,0.067094,0.67343,0.36628,0.9085,0.77419,0.25824,0.38217,0.4332
0.020218,0.75679,0.6846,0.06209,0.67458,0.36853,0.90882,0.77419,0.25853,0.38082,0.43256
0.020218,0.74127,0.6846,0.018027,0.54686,0.22671,0.90009,0.75283,0.25882,0.38082,0.43177
0.020218,0.69082,0.6846,0.015021,0.41628,0.20533,0.86198,0.62431,0.25904,0.37947,0.43018
0.016863,0.65459,0.6846,0.013013,0.30451,0.22671,0.81288,0.51576,0.25926,0.37812,0.42875
0.018541,0.64424,0.6846,0.012015,0.3956,0.22671,0.78655,0.46428,0.25941,0.3761,0.42669
0.015164,0.674,0.68043,0.011016,0.4141,0.22671,0.79405,0.4726,0.25956,0.37407,0.42415
0.015164,0.68952,0.68043,0.011016,0.45111,0.22671,0.81078,0.49906,0.25956,0.37137,0.42129
0.016863,0.6727,0.68043,0.011016,0.43587,0.22671,0.80582,0.49587,0.25971,0.36867,0.41891
0.016863,0.65459,0.67625,0.011016,0.40649,0.22221,0.79104,0.47877,0.25978,0.36664,0.41606
0.016863,0.66624,0.67208,0.011016,0.42498,0.22333,0.7976,0.48907,0.26,0.36462,0.414
0.016863,0.66753,0.6679,0.011016,0.43913,0.22559,0.80324,0.49844,0.26015,0.36192,0.4113
0.016863,0.66106,0.66373,0.011016,0.44022,0.22559,0.80375,0.49896,0.26037,0.35922,0.40812
0.015164,0.65589,0.65956,0.011016,0.42607,0.22446,0.80195,0.49546,0.26059,0.35719,0.40543
0.016863,0.65201,0.65956,0.011016,0.42717,0.22221,0.80067,0.49484,0.26088,0.35517,0.40289
0.016863,0.64942,0.65538,0.011016,0.43478,0.22671,0.80067,0.49423,0.26118,0.35246,0.39987
0.015164,0.64942,0.65121,0.010007,0.42498,0.22671,0.80118,0.49484,0.26147,0.34976,0.39733
0.016863,0.63001,0.64703,0.011016,0.30874,0.19633,0.78506,0.46094,0.26176,0.34706,0.39448
0.018541,0.63648,0.64286,0.010007,0.38047,0.23122,0.78163,0.45247,0.26199,0.34504,0.39178
0.015164,0.674,0.63869,0.011016,0.45219,0.23572,0.80973,0.50052,0.26228,0.34301,0.38956
0.016863,0.68435,0.63451,0.011016,0.52836,0.2391,0.83314,0.55319,0.26257,0.34166,0.3875
0.015164,0.65977,0.63034,0.011016,0.50551,0.24022,0.82847,0.55634,0.26287,0.33896,0.38512
0.018541,0.64166,0.62616,0.011016,0.47285,0.24135,0.81819,0.54465,0.26309,0.33693,0.38258
0.016863,0.63907,0.62199,0.011016,0.46742,0.24135,0.81553,0.54343,0.26324,0.33626,0.38131
0.015164,0.64166,0.62616,0.010007,0.49353,0.24247,0.81819,0.54845,0.27022,0.34436,0.39067
0.016863,0.64166,0.61782,0.011016,0.49027,0.24247,0.82141,0.55306,0.27,0.34436,0.39035
0.015164,0.64036,0.60947,0.011016,0.47613,0.24247,0.82222,0.55382,0.27162,0.34099,0.38623
0.018541,0.63648,0.60947,0.011016,0.50116,0.24247,0.82195,0.55369,0.27199,0.33896,0.38369
0.016863,0.63519,0.6053,0.011016,0.47831,0.24359,0.82114,0.55181,0.27228,0.33626,0.38131
0.018541,0.6326,0.60112,0.011016,0.50333,0.24359,0.82087,0.55169,0.27257,0.33626,0.38131
0.016863,0.63131,0.59695,0.012015,0.47503,0.24359,0.82061,0.55181,0.27279,0.33626,0.38067
0.015164,0.63001,0.59278,0.011016,0.4957,0.24359,0.82033,0.55157,0.2686,0.32275,0.36385
0.015164,0.62872,0.5886,0.011016,0.48701,0.24359,0.82006,0.55119,0.26669,0.31533,0.35735
0.016863,0.62743,0.58443,0.012015,0.47177,0.24359,0.82033,0.55144,0.26706,0.3133,0.35481
0.016863,0.62743,0.58443,0.011016,0.50333,0.24359,0.82033,0.55169,0.26743,0.3106,0.35195
0.016863,0.62613,0.5804,0.011016,0.47613,0.24472,0.82006,0.55119,0.26757,0.3079,0.34894
0.016863,0.62484,0.57638,0.011016,0.49462,0.24472,0.82006,0.55131,0.26765,0.3052,0.34672
0.015164,0.62354,0.57638,0.011016,0.49353,0.24247,0.82006,0.55094,0.26765,0.3052,0.34576
0.015164,0.62225,0.57237,0.011016,0.48809,0.24135,0.8198,0.55068,0.26743,0.30385,0.34497
0.018541,0.62225,0.57237,0.011016,0.47613,0.24359,0.8198,0.55032,0.26721,0.30385,0.34513
0.016863,0.62096,0.57237,0.011016,0.48809,0.25035,0.81926,0.54982,0.26706,0.3052,0.34545
0.016863,0.61966,0.57237,0.011016,0.47285,0.24585,0.81926,0.54945,0.26662,0.30385,0.34402
0.016863,0.61966,0.56835,0.011016,0.4979,0.24585,0.819,0.55019,0.26625,0.3025,0.34291
0.016863,0.61966,0.56835,0.012015,0.47285,0.24472,0.81953,0.55056,0.26596,0.30115,0.3418
0.018541,0.61837,0.56835,0.011016,0.50224,0.24472,0.81953,0.55119,0.26566,0.30115,0.34084
0.016863,0.61837,0.56835,0.011016,0.48483,0.24472,0.81953,0.55081,0.26537,0.2998,0.33973
0.016863,0.61578,0.56433,0.012015,0.48374,0.24472,0.81953,0.55081,0.26507,0.29845,0.33862
0.015164,0.61578,0.56433,0.011016,0.50551,0.24585,0.81926,0.55119,0.26478,0.2971,0.33719
0.015164,0.61578,0.56032,0.011016,0.47722,0.24472,0.81926,0.55044,0.26456,0.29575,0.33593
0.016863,0.61578,0.56032,0.011016,0.4957,0.24585,0.81926,0.55081,0.26426,0.29575,0.33497
0.016863,0.61578,0.56032,0.012015,0.48483,0.24585,0.81926,0.55094,0.26397,0.2944,0.33402
0.018541,0.63648,0.56433,0.011016,0.48701,0.4248,0.83286,0.56865,0.26368,0.2944,0.33339
0.016863,0.68693,0.56032,0.012015,0.59907,0.51709,0.87515,0.64894,0.26338,0.29305,0.33291
0.27584,0.73092,0.5563,0.2177,0.73384,0.51485,0.92071,0.81715,0.26309,0.29372,0.33307
0.11632,0.77749,0.52819,0.85017,0.86071,0.51709,0.96662,0.92943,0.26287,0.29575,0.33593
0.10451,0.80078,0.51614,0.93076,0.91907,0.51822,0.97626,0.95268,0.26243,0.29912,0.33973
0.037081,0.77749,0.52819,0.56445,0.65285,0.30437,0.95215,0.88816,0.26191,0.3025,0.34354
0.025294,0.70246,0.55228,0.017018,0.51964,0.30888,0.89977,0.7194,0.26154,0.3052,0.34545
0.021917,0.66106,0.56032,0.015021,0.58535,0.30775,0.85903,0.63389,0.2611,0.3052,0.3456
0.021917,0.69728,0.56835,0.013013,0.60137,0.31,0.87061,0.65561,0.26066,0.30452,0.34545
0.020218,0.72186,0.56835,0.015021,0.65628,0.37416,0.89499,0.70886,0.26022,0.3052,0.34624
0.020218,0.73997,0.57638,0.03104,0.61852,0.34039,0.91904,0.77679,0.25978,0.30655,0.34751
0.020218,0.69728,0.57237,0.01602,0.65628,0.34152,0.89215,0.71531,0.25941,0.30655,0.3483
0.021917,0.71151,0.57638,0.01602,0.66428,0.33701,0.89658,0.72937,0.25904,0.3079,0.34894
0.020218,0.67658,0.5804,0.015021,0.45654,0.29312,0.87515,0.65872,0.25868,0.3079,0.34878
0.020218,0.65459,0.57638,0.013013,0.5523,0.29875,0.85149,0.61181,0.25831,0.3079,0.34894
0.021917,0.68693,0.57638,0.013013,0.59563,0.30325,0.86821,0.63976,0.25809,0.30655,0.3483
0.021917,0.68435,0.57638,0.014022,0.59907,0.29987,0.87242,0.65751,0.25787,0.30655,0.34814
0.020218,0.67141,0.57638,0.013013,0.57962,0.30325,0.86583,0.64743,0.25765,0.30655,0.34814
0.020218,0.67012,0.57638,0.014022,0.58305,0.29875,0.86316,0.64491,0.25735,0.30655,0.34783
0.020218,0.67141,0.57638,0.013013,0.58878,0.301,0.86286,0.64777,0.25713,0.30655,0.34751
0.018541,0.67658,0.5804,0.013013,0.58763,0.30325,0.8608,0.64709,0.25684,0.30655,0.34735
0.018541,0.68435,0.5804,0.013013,0.60022,0.30437,0.86316,0.65286,0.25662,0.30587,0.34735
0.020218,0.68693,0.5804,0.013013,0.58992,0.30437,0.86494,0.65595,0.2564,0.30587,0.34735
0.020218,0.68564,0.57638,0.013013,0.60137,0.30325,0.86941,0.66065,0.25618,0.30587,0.34703
0.018541,0.68435,0.57638,0.013013,0.59335,0.30775,0.87181,0.6624,0.25588,0.3052,0.34672
0.018541,0.68047,0.57638,0.014022,0.59678,0.30888,0.87303,0.66258,0.25559,0.3052,0.34656
0.020218,0.67917,0.57638,0.013013,0.60937,0.31226,0.87303,0.66258,0.25529,0.3052,0.34656
0.020218,0.67658,0.57638,0.013013,0.59678,0.31338,0.87362,0.6638,0.25507,0.3052,0.34687
0.020218,0.67788,0.57638,0.014022,0.60137,0.31338,0.87483,0.66487,0.25478,0.30587,0.34735
0.020218,0.67658,0.57638,0.013013,0.60708,0.33476,0.87544,0.66611,0.25449,0.30655,0.34783
0.020218,0.7348,0.5804,0.015021,0.69174,0.34376,0.9144,0.75395,0.25412,0.30722,0.34862
0.020218,0.71928,0.5804,0.055079,0.70325,0.34489,0.91078,0.76927,0.25382,0.3079,0.34989
0.021917,0.70634,0.5804,0.017018,0.65856,0.34827,0.89913,0.75283,0.25353,0.30925,0.351
0.020218,0.71539,0.5804,0.017018,0.6803,0.35052,0.90427,0.76372,0.25316,0.30993,0.35211
0.018541,0.72057,0.5886,0.055079,0.67801,0.35278,0.90654,0.76625,0.25294,0.3106,0.35322
0.018541,0.72057,0.5804,0.060083,0.67916,0.3539,0.90719,0.76533,0.25257,0.31195,0.35417
0.018541,0.72057,0.5886,0.04707,0.68144,0.35502,0.90622,0.76348,0.25228,0.3133,0.35513
0.016863,0.72057,0.59278,0.040059,0.67916,0.3539,0.90557,0.76234,0.25206,0.3133,0.35624
0.020218,0.72186,0.59278,0.044063,0.6803,0.3539,0.90557,0.76234,0.25184,0.31465,0.35703
0.023595,0.72316,0.59695,0.046061,0.67916,0.3539,0.90622,0.76279,0.25154,0.31465,0.35782
0.020218,0.72316,0.5886,0.041057,0.68259,0.35502,0.90557,0.76188,0.2514,0.316,0.35893
0.020218,0.72445,0.59695,0.040059,0.6803,0.35502,0.90557,0.76142,0.25125,0.31668,0.35957
0.020218,0.72445,0.59278,0.037052,0.6803,0.35502,0.90492,0.76142,0.2511,0.31735,0.35989
0.016863,0.72445,0.59695,0.03906,0.68144,0.35615,0.90492,0.76074,0.25088,0.31735,0.3602
0.020218,0.72574,0.59695,0.036054,0.68144,0.35615,0.90525,0.76074,0.25081,0.31735,0.36068
0.021917,0.72704,0.59278,0.03906,0.68259,0.35615,0.90492,0.7612,0.25074,0.31735,0.36084
0.020218,0.72574,0.60112,0.038051,0.65856,0.35502,0.90525,0.76051,0.25066,0.31803,0.36131
0.020218,0.72704,0.59695,0.040059,0.6723,0.35502,0.90525,0.76097,0.25051,0.3187,0.36147
0.018541,0.72833,0.6053,0.03906,0.68946,0.35502,0.90557,0.76142,0.25044,0.3187,0.36195
0.021917,0.72833,0.59695,0.034046,0.66886,0.35615,0.90525,0.76074,0.25037,0.3187,0.36258
0.020218,0.72704,0.6053,0.030042,0.68144,0.35502,0.90525,0.76051,0.25029,0.32005,0.36338
0.023595,0.72962,0.60112,0.034046,0.67573,0.35502,0.90525,0.76051,0.25037,0.32005,0.36417
0.020218,0.73092,0.60947,0.034046,0.69403,0.3539,0.90557,0.7612,0.25037,0.32073,0.36449
0.020218,0.73092,0.6053,0.035045,0.67458,0.3539,0.90589,0.76142,0.25051,0.32073,0.36433
0.020218,0.73092,0.6053,0.037052,0.67573,0.35502,0.90589,0.76165,0.25066,0.32073,0.36433
0.021917,0.73092,0.6053,0.032049,0.68716,0.3539,0.90557,0.7612,0.25096,0.32005,0.36369
0.020218,0.73092,0.60112,0.033048,0.66428,0.35502,0.90525,0.76051,0.25132,0.32005,0.36322
0.018541,0.73221,0.60112,0.036054,0.68259,0.35502,0.90525,0.76142,0.25169,0.31938,0.36258
0.018541,0.73351,0.60112,0.03906,0.69059,0.3539,0.90557,0.76142,0.25213,0.3187,0.36179
0.020218,0.73221,0.59695,0.040059,0.66428,0.35278,0.90589,0.76165,0.25257,0.31803,0.36147
0.020218,0.73351,0.60112,0.036054,0.6803,0.3539,0.90589,0.7612,0.25287,0.31803,0.36116
0.020218,0.73351,0.59278,0.036054,0.68716,0.3539,0.90492,0.76074,0.25331,0.31735,0.361
0.020218,0.73351,0.59278,0.03906,0.68946,0.3539,0.90492,0.76074,0.25368,0.31803,0.361
0.020218,0.73351,0.59695,0.036054,0.662,0.35727,0.90525,0.76097,0.2539,0.31735,0.36084
0.018541,0.73351,0.59278,0.038051,0.68488,0.35615,0.90525,0.76074,0.25434,0.31735,0.36036
0.021917,0.73351,0.60112,0.032049,0.69059,0.35615,0.9046,0.76028,0.25456,0.31735,0.3602
0.018541,0.7348,0.5886,0.035045,0.662,0.35502,0.90525,0.76051,0.25493,0.316,0.35925
0.018541,0.7348,0.59695,0.03906,0.69288,0.35615,0.90525,0.7612,0.25537,0.316,0.35893
0.021917,0.7348,0.59695,0.035045,0.66658,0.35502,0.90492,0.76142,0.25581,0.316,0.35862
0.018541,0.7348,0.5886,0.036054,0.68259,0.35615,0.90525,0.76097,0.25632,0.31465,0.35798
0.020218,0.7348,0.60112,0.037052,0.68946,0.35502,0.9046,0.76028,0.25684,0.31465,0.35687
0.018541,0.7348,0.59278,0.038051,0.68259,0.35615,0.90525,0.76142,0.25743,0.3133,0.35608
0.020218,0.7348,0.5886,0.043065,0.69288,0.35502,0.90525,0.76142,0.25794,0.31263,0.35465
0.020218,0.7348,0.5886,0.036054,0.662,0.35502,0.90492,0.76051,0.25824,0.31128,0.35338
0.020218,0.7348,0.5804,0.035045,0.67916,0.35278,0.90427,0.7596,0.25882,0.31128,0.35338
0.020218,0.7348,0.5804,0.03906,0.68716,0.3539,0.90363,0.7596,0.25934,0.31195,0.3537
0.020218,0.7348,0.58443,0.03906,0.65628,0.35278,0.90395,0.7596,0.25941,0.31195,0.35386
0.018541,0.73609,0.5804,0.043065,0.69174,0.35502,0.9046,0.76028,0.25912,0.31195,0.35433
0.020218,0.73609,0.5886,0.041057,0.662,0.35502,0.90492,0.76074,0.2589,0.3133,0.3556
0.018541,0.73609,0.58443,0.044063,0.68144,0.3539,0.90492,0.76097,0.2586,0.31465,0.35655
0.020218,0.73609,0.58443,0.036054,0.68716,0.3539,0.90395,0.76051,0.25816,0.31465,0.35735
0.018541,0.73609,0.5886,0.036054,0.66315,0.35502,0.90395,0.76051,0.2575,0.31533,0.35798
0.018541,0.73868,0.5886,0.03906,0.68144,0.35727,0.90525,0.76165,0.25684,0.316,0.35909
0.021917,0.73739,0.59278,0.042056,0.67573,0.35502,0.90525,0.76142,0.25632,0.31735,0.36004
0.018541,0.73609,0.5886,0.038051,0.69059,0.3539,0.9046,0.76051,0.25581,0.31803,0.36116
0.020218,0.73739,0.59695,0.030042,0.66428,0.3539,0.9046,0.76028,0.25522,0.3187,0.36163
0.018541,0.73609,0.60112,0.029043,0.68716,0.35615,0.90427,0.75983,0.25478,0.31938,0.3629
0.020218,0.73609,0.59695,0.034046,0.66428,0.35615,0.90427,0.76188,0.25449,0.3214,0.36449
0.018541,0.73609,0.6053,0.033048,0.68946,0.3539,0.90427,0.75938,0.25397,0.3214,0.36496
0.020218,0.73868,0.59695,0.032049,0.66658,0.35727,0.90492,0.76165,0.25346,0.32208,0.36607
0.018541,0.73868,0.60947,0.032049,0.69059,0.35615,0.90525,0.76097,0.25309,0.32343,0.36719
0.018541,0.73868,0.6053,0.030042,0.67916,0.35502,0.90492,0.76074,0.25287,0.32411,0.36845
0.018541,0.73868,0.61364,0.028044,0.67686,0.35502,0.90492,0.76028,0.2525,0.32546,0.36957
0.020218,0.73868,0.60947,0.030042,0.67801,0.35615,0.90525,0.76074,0.25221,0.32613,0.3702
0.018541,0.73997,0.61364,0.024029,0.6723,0.35502,0.90525,0.76051,0.25199,0.32681,0.37115
0.020218,0.73868,0.61782,0.026037,0.65971,0.35502,0.90492,0.76051,0.25184,0.32681,0.37131
0.020218,0.73868,0.61364,0.032049,0.69403,0.35615,0.90525,0.76097,0.25162,0.32748,0.37179
0.021917,0.73997,0.61782,0.032049,0.67573,0.35615,0.90557,0.7612,0.25154,0.32748,0.3721
0.018541,0.73997,0.60947,0.028044,0.67686,0.35615,0.90557,0.7612,0.25147,0.32816,0.37226
0.020218,0.73868,0.61364,0.030042,0.67686,0.35278,0.90525,0.76074,0.2514,0.32816,0.37274
0.020218,0.76585,0.61782,0.14557,0.69746,0.38879,0.9234,0.79476,0.25125,0.32816,0.37306
0.021917,0.78655,0.61782,0.37794,0.78768,0.38428,0.93912,0.83069,0.25125,0.32951,0.37448
0.020218,0.77102,0.61782,0.28886,0.73384,0.38654,0.92745,0.81377,0.25118,0.33086,0.3756
0.020218,0.76973,0.61364,0.25488,0.72649,0.38992,0.92238,0.80836,0.2511,0.33086,0.37639
0.021917,0.7749,0.61782,0.27244,0.73751,0.39104,0.92407,0.8117,0.25103,0.33221,0.3775
0.021917,0.78008,0.61364,0.29217,0.73996,0.38766,0.92745,0.81533,0.25096,0.33356,0.37877
0.021917,0.78008,0.62616,0.28554,0.73628,0.38766,0.92779,0.81429,0.25096,0.33423,0.38004
0.023595,0.78008,0.61782,0.2745,0.73628,0.38879,0.92643,0.81248,0.25088,0.33491,0.38115
0.023595,0.78137,0.61782,0.27892,0.73996,0.38879,0.92576,0.81325,0.25081,0.33626,0.38242
0.021917,0.78137,0.62199,0.27244,0.72283,0.38766,0.92609,0.81248,0.25081,0.33761,0.38337
0.021917,0.78396,0.62616,0.28002,0.75341,0.38992,0.92643,0.81299,0.25074,0.33828,0.38432
0.021917,0.78525,0.62616,0.2756,0.72528,0.38879,0.92643,0.8135,0.25074,0.33896,0.38527
0.021917,0.78525,0.61782,0.28112,0.74852,0.38879,0.92677,0.8135,0.25074,0.34031,0.38607
0.021917,0.78655,0.62199,0.28002,0.74119,0.38879,0.92711,0.81377,0.25066,0.34031,0.38702
0.023595,0.78655,0.62616,0.28002,0.75341,0.38879,0.92711,0.81377,0.25074,0.34166,0.38797
0.023595,0.78784,0.63034,0.2756,0.72528,0.38992,0.92711,0.81429,0.25066,0.34301,0.38924
0.021917,0.78784,0.62616,0.2756,0.74363,0.38992,0.92711,0.81248,0.25074,0.34369,0.39051
0.023595,0.78784,0.63034,0.27671,0.7522,0.38428,0.92643,0.81325,0.25103,0.34436,0.39178
0.020218,0.79172,0.63869,0.27781,0.72649,0.38428,0.92813,0.8148,0.25096,0.34571,0.3921
0.021917,0.79301,0.63869,0.28886,0.75341,0.39104,0.92881,0.81559,0.25103,0.34571,0.39273
0.020218,0.79301,0.63034,0.28996,0.73017,0.39329,0.92949,0.81637,0.25096,0.34571,0.39289
0.023595,0.79431,0.63034,0.29107,0.75953,0.39667,0.92982,0.8182,0.25074,0.34571,0.39305
0.020218,0.7956,0.63869,0.29107,0.75587,0.39892,0.93051,0.81767,0.25051,0.34706,0.394
0.020218,0.7956,0.64703,0.29107,0.73507,0.39892,0.93051,0.81741,0.25051,0.34774,0.39527
0.023595,0.79431,0.64703,0.28554,0.75831,0.39892,0.92982,0.81663,0.25044,0.34841,0.39654
0.023595,0.7969,0.64286,0.28112,0.73261,0.39779,0.92915,0.81559,0.25051,0.35111,0.39908
0.018541,0.7969,0.64286,0.28112,0.75587,0.40004,0.92949,0.81559,0.25029,0.35246,0.40083
0.021917,0.79819,0.65121,0.27892,0.75587,0.39779,0.92949,0.81637,0.25007,0.35381,0.40257
0.021917,0.7969,0.65538,0.27348,0.72772,0.39779,0.92915,0.81584,0.24985,0.35517,0.40321
0.021917,0.7969,0.65538,0.27348,0.74852,0.4023,0.92915,0.81533,0.24956,0.35517,0.40336
0.021917,0.79819,0.65121,0.27348,0.72895,0.40117,0.92949,0.81533,0.24956,0.35584,0.40432
0.023595,0.79819,0.65538,0.28002,0.75464,0.40117,0.92915,0.8148,0.24963,0.35652,0.40463
0.020218,0.79819,0.65956,0.27037,0.74363,0.40004,0.92915,0.81611,0.24985,0.35652,0.40511
0.021917,0.79948,0.66373,0.28002,0.73384,0.40342,0.92949,0.81584,0.25015,0.35652,0.40527
0.025294,0.79948,0.65121,0.2756,0.75587,0.40004,0.92982,0.81584,0.25037,0.35652,0.40559
0.023595,0.79948,0.65121,0.28222,0.72895,0.40004,0.92949,0.81584,0.25066,0.35652,0.40574
0.020218,0.80078,0.65538,0.2745,0.75341,0.40117,0.92949,0.81689,0.25088,0.35787,0.40606
0.020218,0.80078,0.65538,0.27781,0.73017,0.4023,0.92949,0.81663,0.25118,0.35787,0.40654
0.020218,0.80078,0.64703,0.28222,0.75341,0.40117,0.92982,0.81611,0.2514,0.35854,0.40733
0.023595,0.80078,0.65121,0.28002,0.73507,0.4023,0.92982,0.81611,0.25154,0.35922,0.40781
0.023595,0.80207,0.65121,0.27781,0.74485,0.40342,0.92982,0.81663,0.25176,0.35989,0.40876
0.021917,0.80078,0.66373,0.27781,0.75097,0.40454,0.92982,0.81741,0.25191,0.36057,0.40955
0.021917,0.80078,0.65956,0.27348,0.73996,0.4023,0.92982,0.81663,0.25199,0.36124,0.41019
0.021917,0.80207,0.65121,0.28443,0.73996,0.40117,0.92982,0.81637,0.25221,0.36192,0.41114
0.021917,0.80207,0.65538,0.28443,0.75341,0.4023,0.93051,0.81584,0.25235,0.36259,0.41177
0.021917,0.80336,0.65956,0.28665,0.75097,0.40342,0.93085,0.81741,0.2525,0.36327,0.41241
0.021917,0.80336,0.65956,0.28333,0.73017,0.4023,0.93051,0.81715,0.25265,0.36327,0.41273
0.021917,0.80336,0.65121,0.28002,0.75953,0.40342,0.93017,0.81533,0.25279,0.36394,0.4132
0.020218,0.80336,0.65538,0.28333,0.73628,0.40454,0.93051,0.81689,0.25294,0.36462,0.414
0.023595,0.80336,0.65956,0.28222,0.73996,0.40342,0.93051,0.81663,0.25316,0.36529,0.41479
0.023595,0.80336,0.65956,0.27671,0.74119,0.40454,0.93017,0.81584,0.25338,0.36597,0.41526
0.025294,0.80466,0.65121,0.28665,0.76076,0.40342,0.93051,0.81715,0.2536,0.36597,0.41574
0.020218,0.80336,0.65538,0.28112,0.74119,0.40342,0.93017,0.81689,0.2539,0.36664,0.41622
0.021917,0.80466,0.65538,0.27892,0.7571,0.40342,0.93017,0.81767,0.25412,0.36732,0.41685
0.021917,0.80336,0.65956,0.2745,0.72772,0.40454,0.92949,0.81715,0.25441,0.36732,0.41717
0.021917,0.80595,0.65956,0.28665,0.7424,0.4023,0.93051,0.81689,0.25478,0.36799,0.41733
0.021917,0.80595,0.65538,0.28554,0.74363,0.40679,0.93119,0.81767,0.25515,0.36867,0.4178
0.021917,0.80595,0.65956,0.28554,0.74485,0.40454,0.93119,0.81715,0.25544,0.36867,0.4178
0.021917,0.80595,0.66373,0.28443,0.75953,0.40454,0.93051,0.81611,0.25574,0.36867,0.41844
0.021917,0.80466,0.66373,0.27671,0.73017,0.4023,0.93017,0.81715,0.2561,0.36935,0.41907
0.023595,0.80466,0.66373,0.27671,0.74731,0.40454,0.92982,0.81767,0.25647,0.37002,0.41955
0.021917,0.80466,0.65538,0.27781,0.75464,0.40567,0.92949,0.81663,0.25669,0.37002,0.41987
0.021917,0.80724,0.65538,0.28333,0.73139,0.40679,0.93085,0.81794,0.25699,0.3707,0.42034
0.023595,0.80595,0.66373,0.29217,0.75587,0.40679,0.93085,0.8182,0.25735,0.37137,0.42066
0.021917,0.80595,0.66373,0.27892,0.73384,0.40679,0.93085,0.81741,0.25765,0.37137,0.42145
0.025294,0.80595,0.65121,0.28665,0.74852,0.40567,0.93085,0.81715,0.25794,0.37205,0.42161
0.020218,0.80595,0.65538,0.27671,0.7424,0.40567,0.93017,0.81689,0.25838,0.37205,0.42193
0.021917,0.80595,0.65956,0.28443,0.7571,0.40567,0.93017,0.81689,0.25875,0.37205,0.42193
0.020218,0.80595,0.65956,0.27671,0.73261,0.40567,0.93051,0.81689,0.25912,0.37205,0.42193
0.021917,0.80595,0.65956,0.28002,0.74363,0.40567,0.92949,0.81663,0.25963,0.37137,0.42145
0.021917,0.80466,0.65538,0.27037,0.74363,0.40567,0.92881,0.81429,0.26007,0.37137,0.42161
0.021917,0.80466,0.65121,0.27892,0.75341,0.40679,0.92949,0.81559,0.26059,0.37205,0.42161
0.023595,0.80595,0.65121,0.2756,0.73017,0.40567,0.92915,0.81584,0.2611,0.37205,0.42161
0.021917,0.80595,0.65956,0.27892,0.74485,0.40679,0.92949,0.81533,0.26169,0.37137,0.42145
0.021917,0.80595,0.65956,0.27244,0.73996,0.40567,0.92915,0.81559,0.26228,0.37137,0.42114
0.021917,0.80595,0.65538,0.27671,0.7522,0.40454,0.92949,0.81611,0.26287,0.37137,0.42082
0.021917,0.80466,0.64703,0.27671,0.73139,0.40792,0.92949,0.81584,0.26346,0.37137,0.42082
0.021917,0.80724,0.64703,0.28002,0.74608,0.40792,0.92949,0.81611,0.26404,0.37137,0.42034
0.021917,0.80595,0.64286,0.28886,0.74608,0.40679,0.92982,0.81689,0.26449,0.37002,0.41971
0.021917,0.80724,0.65121,0.28554,0.75587,0.40679,0.93051,0.81767,0.26507,0.37002,0.41939
0.023595,0.80595,0.65121,0.28996,0.73017,0.40679,0.93017,0.81741,0.26559,0.37002,0.41939
0.021917,0.7749,0.63869,0.12778,0.68603,0.34827,0.90947,0.78254,0.2661,0.37002,0.41955
0.021917,0.76973,0.64286,0.019026,0.65398,0.3494,0.8969,0.76256,0.26654,0.37002,0.41907
0.021917,0.78525,0.64703,0.11196,0.68716,0.35052,0.90817,0.78014,0.26691,0.37002,0.41876
0.023595,0.78008,0.64703,0.10505,0.69288,0.35052,0.90947,0.77941,0.2675,0.37002,0.41939
0.021917,0.7749,0.64703,0.085121,0.67458,0.35278,0.90622,0.77491,0.26787,0.37137,0.42018
0.021917,0.77232,0.65121,0.075104,0.67573,0.35165,0.9046,0.77278,0.26824,0.37137,0.42082
0.020218,0.77232,0.65538,0.072107,0.66886,0.35278,0.90427,0.77372,0.26853,0.37272,0.42145
0.020218,0.77232,0.64703,0.085121,0.67343,0.3539,0.90525,0.77514,0.26875,0.37205,0.42145
0.023595,0.77232,0.65121,0.085121,0.67343,0.35278,0.90525,0.77491,0.26904,0.37272,0.42161
0.020218,0.77232,0.65121,0.084122,0.67458,0.35502,0.90622,0.77632,0.26941,0.37205,0.42129
0.020218,0.76973,0.65956,0.089126,0.67573,0.3539,0.90622,0.77632,0.26971,0.37205,0.42129
0.021917,0.76973,0.64703,0.088127,0.6723,0.35502,0.90589,0.77608,0.27,0.37205,0.42129
0.023595,0.76843,0.64703,0.085121,0.67458,0.3539,0.90589,0.77585,0.27029,0.37205,0.42114
0.021917,0.76714,0.65538,0.088127,0.67115,0.3539,0.90557,0.77585,0.27066,0.37205,0.42114
0.023595,0.76843,0.65121,0.092132,0.67115,0.35278,0.90589,0.77632,0.27088,0.37137,0.42066
0.021917,0.76714,0.64286,0.098125,0.68259,0.35502,0.90589,0.77679,0.27118,0.37137,0.42003
0.023595,0.80724,0.63869,0.27037,0.72772,0.4113,0.93119,0.82057,0.27176,0.37137,0.42003
0.023595,0.82277,0.63869,0.46931,0.82928,0.4113,0.95036,0.85139,0.27228,0.37137,0.42066
0.023595,0.80595,0.63451,0.3958,0.75587,0.41243,0.93566,0.83612,0.27287,0.37137,0.4205
0.021917,0.80724,0.63869,0.38844,0.7522,0.41243,0.93291,0.83503,0.27338,0.37137,0.4205
0.020218,0.81242,0.63869,0.4021,0.75587,0.41243,0.93531,0.83831,0.27404,0.37205,0.42114
0.023595,0.8163,0.63869,0.40524,0.75464,0.41243,0.93704,0.83968,0.27456,0.37272,0.42161
0.023595,0.81759,0.63869,0.40839,0.7779,0.4113,0.93774,0.83968,0.27537,0.3734,0.42256
0.023595,0.81759,0.63451,0.40524,0.7522,0.41243,0.93669,0.83831,0.2761,0.37407,0.42336
0.020218,0.81759,0.63034,0.4021,0.77544,0.41355,0.936,0.83748,0.27669,0.37407,0.42304
0.021917,0.81889,0.62616,0.40104,0.75097,0.41355,0.936,0.83775,0.27743,0.37407,0.42304
0.023595,0.82018,0.63034,0.40315,0.77421,0.41467,0.93635,0.83775,0.27809,0.37407,0.42352
0.021917,0.82018,0.63451,0.39789,0.78033,0.41467,0.93635,0.83748,0.27875,0.37475,0.42383
0.021917,0.82018,0.63869,0.39895,0.7571,0.41467,0.936,0.83694,0.27949,0.37542,0.42415
0.021917,0.82147,0.63869,0.39789,0.76322,0.41467,0.936,0.83721,0.28015,0.37542,0.42479
0.023595,0.82406,0.63869,0.40104,0.75464,0.41467,0.93704,0.83831,0.28081,0.37677,0.42558
0.021917,0.82406,0.63869,0.40524,0.77177,0.41467,0.93704,0.83858,0.28147,0.37745,0.42669
0.020218,0.82406,0.64286,0.40315,0.77544,0.41467,0.93704,0.83831,0.28206,0.37812,0.42748
0.021917,0.82406,0.63034,0.40104,0.7571,0.41355,0.93669,0.83775,0.28272,0.37947,0.42875
0.023595,0.82406,0.63034,0.39789,0.7779,0.41467,0.93669,0.83748,0.28331,0.37947,0.42923
0.021917,0.82406,0.63451,0.39684,0.7571,0.35953,0.936,0.83694,0.2839,0.37947,0.42923
0.021917,0.77749,0.64286,0.036054,0.60823,0.34152,0.90751,0.74882,0.28449,0.37947,0.42875
0.020218,0.75938,0.64703,0.015021,0.63568,0.34152,0.89184,0.71369,0.28493,0.37812,0.42748
0.021917,0.78266,0.63869,0.01602,0.68831,0.34152,0.9085,0.74705,0.28551,0.37745,0.42669
0.021917,0.77232,0.64286,0.017018,0.67343,0.34265,0.90622,0.74485,0.28596,0.37677,0.42637
0.021917,0.76455,0.63869,0.01602,0.66085,0.34265,0.90138,0.73854,0.28632,0.37677,0.42606
0.020218,0.76326,0.63869,0.017018,0.67458,0.34376,0.90202,0.73919,0.28662,0.37677,0.42574
0.021917,0.76197,0.63869,0.01602,0.66315,0.34376,0.90266,0.74201,0.28691,0.37677,0.42621
0.018541,0.75938,0.63869,0.01602,0.67916,0.34489,0.90298,0.74267,0.28706,0.37677,0.4259
0.021917,0.75938,0.63451,0.01602,0.65971,0.34489,0.90298,0.74332,0.28728,0.37677,0.42574
0.016863,0.75809,0.63034,0.017018,0.67686,0.34489,0.90298,0.74332,0.28743,0.37677,0.42526
0.021917,0.7555,0.63451,0.01602,0.67801,0.34489,0.90266,0.74288,0.28757,0.37677,0.42542
0.020218,0.7555,0.63451,0.01602,0.65971,0.34714,0.9033,0.74398,0.28772,0.37677,0.42542
0.020218,0.7542,0.63451,0.01602,0.67573,0.34827,0.90427,0.74573,0.28787,0.37677,0.42542
0.020218,0.7542,0.63451,0.01602,0.6803,0.35165,0.90427,0.74617,0.28794,0.37677,0.42542
0.021917,0.75291,0.63451,0.01602,0.662,0.3494,0.90427,0.74617,0.28809,0.37677,0.42542
0.018541,0.75162,0.63034,0.01602,0.6803,0.3494,0.90395,0.74573,0.28824,0.37677,0.42526
0.020218,0.75032,0.63451,0.01602,0.65628,0.35165,0.90395,0.74529,0.28838,0.3761,0.42494
0.020218,0.75032,0.63451,0.01602,0.68373,0.35278,0.9046,0.74683,0.2886,0.37542,0.42479
0.020218,0.75032,0.63034,0.01602,0.662,0.35615,0.90525,0.74816,0.28882,0.3761,0.42479
0.020218,0.74903,0.63451,0.015021,0.68603,0.35727,0.90589,0.74904,0.28897,0.37542,0.42463
0.018541,0.75032,0.63869,0.017018,0.66543,0.35727,0.90622,0.74948,0.28926,0.37542,0.42447
0.021917,0.74903,0.63451,0.01602,0.68259,0.3584,0.90589,0.74926,0.28956,0.37542,0.42415
0.020218,0.74774,0.63451,0.01602,0.67801,0.35727,0.90557,0.74816,0.28985,0.37542,0.42399
0.020218,0.74774,0.63451,0.01602,0.66428,0.35727,0.90557,0.74882,0.29015,0.37542,0.42368
0.023595,0.74644,0.63034,0.01602,0.68144,0.35727,0.90525,0.74771,0.29044,0.37475,0.42336
0.021917,0.74644,0.63034,0.01602,0.67801,0.3584,0.90557,0.7486,0.29074,0.37407,0.42288
0.021917,0.74644,0.62616,0.01602,0.66428,0.3584,0.90589,0.74926,0.29103,0.37407,0.42241
0.018541,0.74644,0.63034,0.01602,0.67801,0.35727,0.90589,0.74926,0.29132,0.37407,0.42209
0.018541,0.74515,0.62616,0.01602,0.68373,0.35615,0.90557,0.74904,0.29162,0.3734,0.42177
0.021917,0.74515,0.62199,0.01602,0.66771,0.35727,0.90589,0.74948,0.29184,0.37272,0.42145
0.020218,0.74386,0.62199,0.01602,0.66658,0.3584,0.9046,0.74793,0.29213,0.3734,0.42145
0.020218,0.74386,0.62199,0.017018,0.6803,0.36291,0.9046,0.74771,0.29243,0.37272,0.42114
0.021917,0.74256,0.61782,0.01602,0.67801,0.36065,0.90525,0.74838,0.29265,0.37272,0.42098
0.018541,0.74386,0.62199,0.015021,0.662,0.36065,0.90492,0.7486,0.29294,0.37272,0.42066
0.020218,0.74386,0.61782,0.01602,0.67573,0.35615,0.90589,0.75015,0.29324,0.37272,0.42018
0.021917,0.74386,0.61782,0.01602,0.68259,0.3539,0.90654,0.75149,0.29346,0.37205,0.41987
0.021917,0.74386,0.61782,0.01602,0.68259,0.36065,0.90686,0.75127,0.29375,0.37137,0.41971
0.023595,0.74256,0.61364,0.01602,0.67001,0.36065,0.90654,0.75127,0.29397,0.37137,0.41955
0.020218,0.74256,0.61782,0.01602,0.68259,0.36065,0.90622,0.75083,0.29419,0.37137,0.41891
0.020218,0.74256,0.61364,0.01602,0.66658,0.35502,0.90654,0.75127,0.29441,0.37137,0.4186
0.020218,0.74256,0.61364,0.01602,0.68716,0.35502,0.90686,0.75172,0.29456,0.3707,0.41828
0.018541,0.74386,0.61364,0.015021,0.66886,0.35502,0.90686,0.75261,0.29478,0.37002,0.41796
0.021917,0.74256,0.61364,0.01602,0.68831,0.35278,0.90719,0.75261,0.29493,0.37002,0.41796
0.018541,0.74127,0.61364,0.015021,0.66428,0.35615,0.90622,0.75194,0.29493,0.37002,0.41749
0.020218,0.74127,0.60947,0.01602,0.68373,0.3539,0.90622,0.75059,0.29456,0.37002,0.41733
0.020218,0.73092,0.61364,0.015021,0.62653,0.29312,0.89913,0.73639,0.29412,0.37002,0.41796
0.021917,0.68176,0.61364,0.014022,0.43261,0.26611,0.86286,0.62939,0.29353,0.3707,0.41828
0.020218,0.64683,0.61782,0.013013,0.48701,0.26611,0.81685,0.53599,0.29265,0.3707,0.41844
0.018541,0.68176,0.62199,0.012015,0.49679,0.22559,0.8271,0.54809,0.29154,0.37137,0.41907
0.020218,0.67529,0.62199,0.011016,0.50768,0.22671,0.82819,0.54982,0.29044,0.37272,0.42034
0.018541,0.6533,0.62616,0.012015,0.45546,0.22671,0.81078,0.5261,0.28912,0.3734,0.42145
0.020218,0.65718,0.63034,0.011016,0.45763,0.22671,0.80868,0.52782,0.2875,0.37407,0.42256
0.021917,0.65459,0.63451,0.011016,0.30768,0.16256,0.80868,0.51942,0.28574,0.37542,0.42368
0.023595,0.63389,0.63869,0.010007,0.23172,0.16706,0.7831,0.45746,0.28397,0.37542,0.42383
0.46557,0.62613,0.63869,0.010007,0.2275,0.11079,0.77147,0.42751,0.28213,0.37542,0.42415
0.97411,0.61966,0.64286,0.010007,0.22433,0.10103,0.76483,0.41487,0.28044,0.37542,0.42463
0.97808,0.61708,0.64286,0.010007,0.20587,0.10253,0.75923,0.40557,0.2786,0.37542,0.42415
0.98605,0.6132,0.64286,0.010007,0.21378,0.10403,0.75463,0.39809,0.27676,0.37542,0.42463
0.98407,0.61061,0.64703,0.010007,0.20489,0.10516,0.7503,0.39225,0.27485,0.37542,0.42494
0.98208,0.60931,0.64703,0.010007,0.19116,0.10629,0.74669,0.38697,0.27287,0.3761,0.42526
0.98804,0.60673,0.65121,0.010007,0.19705,0.10629,0.74223,0.38296,0.27088,0.37677,0.42574
0.99004,0.60543,0.65121,0.010007,0.19018,0.10629,0.73912,0.37826,0.26868,0.37542,0.4251
0.98804,0.60155,0.65538,0.010007,0.18038,0.10629,0.73584,0.37417,0.26669,0.37542,0.42415
0.98804,0.60026,0.65538,0.0090086,0.18725,0.10629,0.73344,0.37086,0.26456,0.37542,0.42463
0.98804,0.60026,0.65956,0.0090086,0.18136,0.10741,0.73042,0.36852,0.26279,0.37542,0.42494
0.98605,0.59767,0.65956,0.010007,0.21078,0.10741,0.72806,0.36661,0.26096,0.37542,0.42463
0.98804,0.5925,0.65956,0.010007,0.26021,0.10741,0.72443,0.37056,0.25941,0.37407,0.42352
0.98605,0.58732,0.66373,0.010007,0.26336,0.10741,0.72147,0.37178,0.25772,0.37205,0.42161
0.98407,0.59897,0.66373,0.010007,0.28763,0.25485,0.72869,0.38495,0.25647,0.3707,0.42003
0.99004,0.62613,0.66373,0.010007,0.35094,0.26498,0.75877,0.437,0.25529,0.36867,0.41844
0.98605,0.63907,0.66373,0.010007,0.4228,0.26611,0.79305,0.5002,0.25419,0.36732,0.41685
0.83776,0.65718,0.66373,0.012015,0.4957,0.26611,0.83424,0.60344,0.25324,0.36597,0.41558
0.25114,0.63519,0.65956,0.014022,0.56247,0.26611,0.84689,0.65544,0.25235,0.36529,0.41447
0.020218,0.60931,0.65956,0.013013,0.50768,0.26723,0.82928,0.60789,0.25154,0.36462,0.41352
0.021917,0.61578,0.65956,0.012015,0.48592,0.26611,0.82737,0.58731,0.25074,0.36327,0.41209
0.020218,0.61966,0.65956,0.012015,0.50877,0.22671,0.82928,0.5834,0.24993,0.36192,0.41098
0.021917,0.60543,0.65956,0.012015,0.47939,0.22671,0.8158,0.56276,0.24919,0.36057,0.40971
0.020218,0.60931,0.65956,0.012015,0.46742,0.22671,0.81342,0.55559,0.24853,0.35989,0.4086
0.021917,0.61708,0.65956,0.012015,0.46633,0.22671,0.81819,0.56108,0.24779,0.35922,0.40749
0.020218,0.61966,0.65956,0.012015,0.47068,0.22671,0.82087,0.56367,0.24713,0.35787,0.4067
0.021917,0.61966,0.65956,0.012015,0.47503,0.22671,0.82114,0.56302,0.2464,0.35719,0.40574
0.018541,0.61837,0.65956,0.012015,0.48157,0.22784,0.82061,0.56172,0.24566,0.35652,0.40495
0.018541,0.61708,0.65956,0.012015,0.48374,0.23009,0.82006,0.56108,0.24493,0.35584,0.40416
0.020218,0.61708,0.65956,0.012015,0.48157,0.23235,0.82061,0.56147,0.24419,0.35517,0.40321
0.021917,0.61708,0.65956,0.012015,0.48374,0.23684,0.82087,0.5625,0.24338,0.35381,0.40241
0.021917,0.61966,0.65956,0.012015,0.48157,0.23684,0.82195,0.56419,0.24265,0.35381,0.40162
0.021917,0.6533,0.65956,0.011016,0.52073,0.56662,0.84405,0.60196,0.24191,0.35246,0.40098
0.452,0.69599,0.65538,0.015021,0.64483,0.58462,0.89184,0.74904,0.24118,0.35246,0.40051
0.24275,0.74644,0.64286,0.64112,0.77055,0.58462,0.94366,0.89901,0.24066,0.35246,0.40146
0.11126,0.80078,0.62199,0.89103,0.91243,0.58462,0.97926,0.95233,0.24029,0.35584,0.40495
0.10451,0.8163,0.61782,0.91941,0.90447,0.58686,0.98001,0.95549,0.23978,0.36057,0.40971
0.11126,0.83182,0.63451,0.91373,0.89783,0.9834,0.98038,0.95867,0.23846,0.35989,0.40908
0.12137,0.84347,0.63451,0.92735,0.92171,0.99896,0.98228,0.9562,0.23743,0.35787,0.40717
0.25443,0.8564,0.62199,0.93984,0.91243,0.99896,0.98228,0.95725,0.23684,0.35787,0.40654
0.59332,0.87063,0.62616,0.90239,0.89122,0.99896,0.98077,0.94885,0.23544,0.35652,0.40574
0.79317,0.87969,0.62616,0.95233,0.94029,0.99896,0.98266,0.96294,0.23441,0.35652,0.40543
0.89644,0.87581,0.62199,0.93303,0.91773,0.99689,0.97663,0.9569,0.2339,0.35652,0.40543
0.90042,0.87969,0.63869,0.92168,0.8859,1,0.97626,0.95584,0.23353,0.35652,0.40559
0.90441,0.88486,0.63869,0.93303,0.90978,0.99896,0.97813,0.9569,0.23301,0.35719,0.4067
0.90042,0.88875,0.62616,0.93303,0.92304,0.99896,0.9785,0.95655,0.23191,0.35787,0.40733
0.90241,0.89521,0.63451,0.93644,0.91508,1,0.98001,0.95725,0.23044,0.35652,0.4059
0.90441,0.89651,0.64286,0.92735,0.89386,0.99896,0.97926,0.95725,0.22919,0.35517,0.40463
0.90241,0.90039,0.63869,0.92849,0.90183,0.99793,0.97963,0.9569,0.22794,0.35449,0.40368
0.90441,0.90298,0.63869,0.92735,0.91243,0.99896,0.98001,0.95549,0.22676,0.35314,0.40241
0.90241,0.90686,0.63869,0.93757,0.92171,0.99896,0.98001,0.95584,0.22559,0.35179,0.40098
0.90241,0.90815,0.63034,0.93417,0.91508,0.99896,0.98038,0.9569,0.22434,0.35179,0.40098
0.90241,0.90944,0.63451,0.93303,0.89519,0.99793,0.98001,0.95655,0.22331,0.35111,0.40083
0.90641,0.91332,0.64703,0.92395,0.89122,0.99793,0.98001,0.95655,0.22243,0.35246,0.40178
0.90441,0.91462,0.63869,0.92849,0.91508,0.99793,0.97963,0.9569,0.22125,0.35381,0.40336
0.90641,0.91721,0.63034,0.93417,0.91773,0.99793,0.98001,0.9569,0.22,0.35381,0.404
0.90441,0.9185,0.64286,0.92849,0.89519,0.99689,0.98038,0.95655,0.2189,0.35584,0.4059
0.90042,0.91979,0.64703,0.92508,0.89917,0.99585,0.98001,0.95761,0.21787,0.35787,0.40781
0.90241,0.92238,0.65121,0.92622,0.90846,0.99481,0.98001,0.95761,0.21647,0.35922,0.40908
0.90641,0.92367,0.66373,0.92281,0.91376,0.99585,0.98001,0.9569,0.21522,0.36057,0.41082
0.90441,0.92626,0.66373,0.92054,0.91376,0.99689,0.98001,0.95725,0.21404,0.36057,0.41177
0.90241,0.92755,0.65121,0.92168,0.91641,0.99689,0.98001,0.9569,0.21309,0.36192,0.41273
0.90241,0.92885,0.66373,0.92054,0.91243,0.99689,0.98001,0.95725,0.21206,0.36192,0.41257
0.90441,0.93014,0.66373,0.92168,0.91508,0.99689,0.97963,0.9562,0.21103,0.36124,0.41225
0.90441,0.93144,0.66373,0.92168,0.91243,0.99689,0.98038,0.9569,0.20985,0.36057,0.41209
0.90641,0.93273,0.67625,0.91373,0.90447,0.99793,0.98001,0.95831,0.2089,0.36057,0.41146
0.90441,0.93532,0.6679,0.91714,0.9058,0.99793,0.98001,0.95725,0.20846,0.36057,0.41209
0.90241,0.93532,0.66373,0.92168,0.9111,0.99793,0.97963,0.95725,0.20801,0.36057,0.41209
0.90441,0.93661,0.67208,0.92168,0.90978,0.99689,0.98001,0.95655,0.20801,0.36192,0.41368
0.90441,0.9379,0.67625,0.916,0.90315,0.99689,0.97963,0.9569,0.20735,0.36259,0.41431
0.90241,0.9392,0.67625,0.91487,0.88722,0.99689,0.98001,0.9569,0.20684,0.36327,0.41447
0.89844,0.9392,0.68043,0.92168,0.89917,0.99793,0.98038,0.9569,0.20691,0.36327,0.41542
0.90241,0.9392,0.67625,0.916,0.90183,0.99585,0.97963,0.95584,0.20669,0.36462,0.41638
0.90241,0.94049,0.67625,0.92168,0.90846,0.99378,0.97963,0.9569,0.2064,0.36529,0.41733
0.89844,0.94049,0.6846,0.91714,0.88856,0.99481,0.97963,0.9569,0.20632,0.36597,0.41891
0.90042,0.94179,0.69295,0.91147,0.89519,0.99481,0.98001,0.9569,0.20603,0.36732,0.41923
0.89844,0.94308,0.68043,0.91033,0.90846,0.99481,0.97963,0.95761,0.20588,0.36597,0.41812
0.90042,0.94437,0.68043,0.92281,0.89783,0.99378,0.97963,0.95549,0.20574,0.36462,0.41701
0.90042,0.94437,0.68877,0.91033,0.9111,0.99378,0.97963,0.95761,0.20566,0.36327,0.41542
0.90042,0.94567,0.67625,0.92281,0.90049,0.99585,0.98001,0.95902,0.20559,0.36192,0.41336
0.89844,0.94567,0.67208,0.92281,0.91508,0.99378,0.98001,0.9569,0.20574,0.36124,0.41257
0.89644,0.94567,0.6846,0.91033,0.90049,0.99481,0.97926,0.95725,0.20544,0.36057,0.41193
0.90241,0.94696,0.67625,0.92395,0.88988,0.99378,0.97963,0.95443,0.20529,0.35922,0.41066
0.90042,0.94825,0.6679,0.92849,0.91773,0.99378,0.98001,0.9569,0.20537,0.35787,0.40955
0.89844,0.94825,0.68043,0.91714,0.88722,0.99378,0.97963,0.9569,0.20544,0.35719,0.40812
0.90042,0.94825,0.67208,0.91827,0.89386,0.99481,0.98001,0.95902,0.20551,0.35652,0.40717
0.89644,0.94825,0.66373,0.91373,0.91243,0.99378,0.97926,0.95761,0.20566,0.35517,0.40559
0.89844,0.94955,0.66373,0.92054,0.90049,0.99378,0.97963,0.95584,0.20596,0.35381,0.40432
0.89844,0.94955,0.66373,0.92395,0.89917,0.99378,0.97963,0.95761,0.2061,0.35246,0.40336
0.89844,0.94955,0.65956,0.91827,0.90846,0.99274,0.97963,0.95725,0.20625,0.35179,0.40225
0.89644,0.94955,0.65956,0.91487,0.90978,0.99378,0.97926,0.95725,0.2064,0.35111,0.40162
0.89644,0.94955,0.65956,0.91941,0.91508,0.99378,0.97963,0.95797,0.20669,0.35179,0.40209
0.89844,0.94955,0.6679,0.91827,0.90978,0.99481,0.97926,0.95725,0.20647,0.35246,0.40257
0.89247,0.94955,0.65538,0.92168,0.90049,0.9917,0.98001,0.9569,0.2061,0.35246,0.40257
0.89644,0.94955,0.66373,0.91827,0.91376,0.99274,0.97963,0.9569,0.20603,0.35246,0.40305
0.89445,0.95213,0.67208,0.91941,0.90315,0.99274,0.98001,0.95831,0.20574,0.35246,0.40336
0.89644,0.95213,0.65538,0.92395,0.91641,0.99378,0.97963,0.95655,0.20566,0.35314,0.40384
0.89445,0.95084,0.65956,0.92281,0.90978,0.99378,0.97926,0.95831,0.20551,0.35381,0.40463
0.89644,0.95084,0.67208,0.92395,0.90183,0.99274,0.97926,0.95725,0.20551,0.35517,0.40527
0.89445,0.95213,0.65956,0.92963,0.90049,0.99274,0.97926,0.95725,0.20544,0.35517,0.40543
0.89048,0.95213,0.66373,0.92735,0.89651,0.99481,0.97963,0.95725,0.20537,0.35517,0.40559
0.89644,0.95213,0.67625,0.92054,0.89783,0.99274,0.97963,0.95655,0.20529,0.35517,0.40606
0.89247,0.95343,0.6679,0.92054,0.88988,0.99274,0.97926,0.9569,0.20515,0.35517,0.40638
0.89048,0.95343,0.67625,0.92054,0.92702,0.99067,0.97926,0.95655,0.20507,0.35517,0.40701
0.89644,0.95343,0.67208,0.91827,0.9058,0.99274,0.97926,0.95549,0.20478,0.35652,0.40765
0.89247,0.95213,0.68043,0.91033,0.89254,0.99378,0.97888,0.9562,0.20449,0.35652,0.40812
0.89247,0.95343,0.67625,0.92054,0.90315,0.99481,0.97963,0.95797,0.20441,0.35787,0.4086
0.89247,0.95343,0.6679,0.91827,0.92039,0.99274,0.97926,0.9569,0.20441,0.35787,0.40908
0.89644,0.95343,0.6846,0.916,0.91376,0.99274,0.97926,0.95655,0.20441,0.35854,0.40987
0.89445,0.95213,0.68043,0.91827,0.9111,0.99378,0.97926,0.95514,0.20456,0.35922,0.41098
0.89247,0.95343,0.67208,0.91941,0.91243,0.9917,0.97888,0.9569,0.20478,0.36057,0.41193
0.89247,0.95343,0.68877,0.9126,0.91243,0.99274,0.97963,0.9569,0.205,0.36192,0.41288
0.89247,0.95472,0.6846,0.91827,0.90712,0.9917,0.97963,0.95725,0.20515,0.36192,0.41463
0.89247,0.95472,0.68877,0.916,0.90183,0.99481,0.97926,0.95761,0.20515,0.36327,0.41606
0.89048,0.95343,0.68877,0.91487,0.88988,0.9917,0.9785,0.95761,0.20478,0.36462,0.41749
0.89445,0.95213,0.69295,0.90806,0.90447,0.99274,0.97888,0.95584,0.20478,0.36462,0.41796
0.89445,0.95343,0.70129,0.9126,0.90183,0.9917,0.9785,0.95655,0.20478,0.36664,0.42082
0.89445,0.95343,0.68877,0.91714,0.89651,0.98963,0.97926,0.9569,0.20478,0.36732,0.42209
0.67292,0.95213,0.69295,0.92849,0.89122,0.75308,0.97888,0.96223,0.20529,0.36867,0.41685
0.16521,0.93273,0.69712,0.94097,0.88458,0.61732,0.97178,0.96509,0.20581,0.3734,0.42637
0.09608,0.93402,0.70547,0.87514,0.8501,0.5306,0.96809,0.94401,0.20574,0.37205,0.42621
0.091025,0.9392,0.71381,0.88082,0.866,0.47658,0.97327,0.94989,0.20522,0.37407,0.42859
0.032027,0.94308,0.72216,0.77526,0.85805,0.47658,0.97031,0.91657,0.205,0.37812,0.4324
0.02865,0.94179,0.73468,0.73443,0.84478,0.47658,0.96552,0.91076,0.20507,0.38082,0.43605
0.030349,0.9392,0.74721,0.69971,0.84213,0.47658,0.96223,0.90628,0.20515,0.38488,0.4397
0.030349,0.93144,0.74721,0.57227,0.80482,0.21546,0.95572,0.89186,0.20522,0.3869,0.44224
0.015164,0.8564,0.75973,0.022032,0.54467,0.10253,0.91904,0.75194,0.20544,0.3869,0.44176
0.010109,0.79172,0.75555,0.015021,0.43369,0.10516,0.86911,0.62621,0.20574,0.38488,0.43938
0.0050546,0.7555,0.75555,0.011016,0.31612,0.13555,0.81873,0.522,0.20603,0.3815,0.43589
0.0067324,0.7542,0.75555,0.011016,0.42063,0.22671,0.79734,0.47391,0.20632,0.3788,0.43288
0.0067324,0.80207,0.75555,0.011016,0.48483,0.22671,0.82764,0.51964,0.20662,0.37677,0.42986
0.0050546,0.78655,0.75138,0.011016,0.49679,0.22671,0.83176,0.53969,0.20676,0.3734,0.42685
0.0050546,0.75809,0.75138,0.010007,0.46633,0.22671,0.82033,0.52747,0.20676,0.37137,0.42399
0.0033768,0.74386,0.74303,0.010007,0.44457,0.22671,0.80868,0.51598,0.20654,0.36867,0.42098
0.0050546,0.74644,0.73886,0.0090086,0.44893,0.22671,0.81209,0.52291,0.20588,0.36597,0.41844
0.0067324,0.74644,0.73886,0.010007,0.46959,0.22671,0.81846,0.53235,0.20515,0.36597,0.41812
0.0067324,0.73868,0.73886,0.010007,0.46959,0.22671,0.8198,0.53505,0.20397,0.36664,0.41971
0.0033768,0.73092,0.73886,0.010007,0.46959,0.22671,0.81873,0.53387,0.20243,0.36732,0.42082
0.0033768,0.72316,0.74721,0.011016,0.45981,0.22671,0.81685,0.53153,0.20066,0.3707,0.42399
0.0033768,0.69599,0.75138,0.010007,0.27076,0.10741,0.79583,0.48481,0.1986,0.3734,0.42732
0.1888,0.67917,0.7639,0.0080098,0.21589,0.10516,0.76884,0.42704,0.19618,0.37542,0.42907
0.70821,0.67141,0.7639,0.010007,0.19607,0.10403,0.75646,0.4038,0.19346,0.37542,0.42939
0.96018,0.66624,0.7639,0.0090086,0.20196,0.10403,0.74804,0.38927,0.19074,0.37542,0.42955
0.96215,0.66494,0.76807,0.0090086,0.18725,0.10403,0.7409,0.37958,0.18801,0.37407,0.42844
0.96215,0.66235,0.76807,0.0090086,0.19803,0.10403,0.73496,0.37269,0.18515,0.37272,0.42685
0.96415,0.65718,0.77225,0.0090086,0.25915,0.10403,0.72977,0.37117,0.18235,0.37002,0.42415
0.97012,0.65201,0.77225,0.0090086,0.2507,0.10403,0.72529,0.37184,0.17941,0.36799,0.42209
0.96615,0.64942,0.77225,0.010007,0.25493,0.10403,0.72232,0.37147,0.17654,0.36664,0.42082
0.97211,0.64554,0.77225,0.010007,0.24965,0.10253,0.72043,0.37075,0.17382,0.36597,0.41955
0.97211,0.64424,0.77225,0.010007,0.25176,0.10403,0.72064,0.37184,0.17118,0.36327,0.41717
0.97211,0.64554,0.77642,0.0090086,0.25282,0.10403,0.72401,0.3749,0.16853,0.36192,0.41495
0.97611,0.64036,0.77642,0.010007,0.2507,0.10403,0.72337,0.37428,0.16588,0.35922,0.41288
0.97808,0.63389,0.77642,0.0090086,0.2507,0.10403,0.72126,0.37269,0.16331,0.35787,0.41114
0.97411,0.63131,0.77642,0.010007,0.24438,0.10403,0.72043,0.37171,0.16066,0.35787,0.41066
0.97411,0.63001,0.78059,0.0090086,0.24544,0.10403,0.72043,0.37184,0.15794,0.35652,0.41019
0.97611,0.62743,0.78059,0.0090086,0.24755,0.10403,0.72085,0.37245,0.15522,0.35517,0.40812
0.97808,0.62484,0.78059,0.010007,0.24649,0.10403,0.72126,0.37257,0.15257,0.35381,0.40733
0.97808,0.62096,0.78477,0.010007,0.24755,0.10403,0.72126,0.37251,0.14993,0.35246,0.40574
0.98008,0.61966,0.78477,0.0090086,0.25176,0.10403,0.72126,0.37275,0.14743,0.35111,0.40432
0.98208,0.61708,0.78894,0.010007,0.24649,0.10516,0.72105,0.37221,0.14493,0.34909,0.40194
0.98008,0.61578,0.78894,0.010007,0.25387,0.10403,0.72169,0.37257,0.14265,0.34571,0.39829
0.98208,0.61449,0.78894,0.0090086,0.24332,0.10516,0.72169,0.37257,0.14037,0.34369,0.39606
0.98407,0.6119,0.78894,0.010007,0.24544,0.10403,0.72169,0.37251,0.13831,0.34166,0.394
0.98008,0.60931,0.78894,0.010007,0.25176,0.10403,0.72169,0.37184,0.13625,0.34031,0.39289
0.98008,0.60802,0.78894,0.0090086,0.25282,0.10403,0.7219,0.37195,0.13441,0.33761,0.38988
0.98208,0.60543,0.78477,0.0090086,0.24755,0.10403,0.72126,0.37141,0.13272,0.33491,0.38702
0.98208,0.60414,0.78477,0.0090086,0.24649,0.10403,0.72126,0.37129,0.13103,0.33356,0.3848
0.98008,0.60414,0.78477,0.0090086,0.25282,0.10516,0.72105,0.37075,0.12941,0.33221,0.38337
0.98008,0.60026,0.78477,0.010007,0.24649,0.10516,0.72064,0.37056,0.12772,0.33086,0.38242
0.98208,0.60026,0.78477,0.010007,0.25176,0.10516,0.72085,0.37008,0.12625,0.33086,0.3821
0.98407,0.59897,0.78477,0.010007,0.24649,0.10516,0.72105,0.37045,0.12478,0.32951,0.38115
0.98407,0.59767,0.78894,0.010007,0.24861,0.10516,0.72085,0.37014,0.12346,0.32951,0.38051
0.98208,0.59638,0.78894,0.010007,0.24861,0.10516,0.72085,0.37045,0.12199,0.32816,0.3794
0.98208,0.59508,0.78894,0.010007,0.2507,0.10253,0.72105,0.3705,0.12059,0.32748,0.37861
0.98208,0.59379,0.78894,0.0090086,0.24755,0.10403,0.72085,0.37032,0.11926,0.32681,0.37718
0.98208,0.5925,0.78894,0.0090086,0.24649,0.10403,0.72064,0.37038,0.11787,0.32546,0.37591
0.98407,0.5925,0.78894,0.0090086,0.24649,0.10516,0.72064,0.37045,0.11654,0.32411,0.37512
0.98407,0.5912,0.79312,0.010007,0.24649,0.10516,0.72126,0.37038,0.11515,0.32411,0.37496
0.98407,0.58991,0.79312,0.010007,0.24965,0.10516,0.72147,0.37038,0.11382,0.32411,0.37496
0.98605,0.58862,0.79312,0.010007,0.24649,0.10516,0.72126,0.37038,0.11243,0.32343,0.37448
0.98208,0.58732,0.79312,0.010007,0.24649,0.10516,0.72126,0.37038,0.11103,0.32275,0.37385
0.98605,0.58603,0.79729,0.010007,0.24965,0.10516,0.72147,0.37032,0.10971,0.32208,0.3729
0.98407,0.58603,0.79729,0.0090086,0.24861,0.10516,0.72147,0.37045,0.10838,0.32208,0.3729
0.98605,0.58603,0.79729,0.0090086,0.25282,0.10629,0.72169,0.37075,0.10699,0.3214,0.37226
0.98407,0.58603,0.79729,0.0090086,0.24438,0.10516,0.7219,0.37093,0.10566,0.3214,0.37163
0.98407,0.58473,0.80146,0.010007,0.24755,0.10629,0.72232,0.37117,0.10434,0.32005,0.37099
0.98407,0.58344,0.80146,0.010007,0.24755,0.10516,0.72274,0.37135,0.10301,0.32005,0.37036
0.98605,0.58215,0.80146,0.010007,0.24755,0.10516,0.72232,0.37104,0.10169,0.31938,0.3702
0.98804,0.58215,0.80564,0.010007,0.24755,0.10629,0.72232,0.37099,0.10037,0.3187,0.36957
0.98605,0.58085,0.80564,0.0090086,0.24755,0.10629,0.72232,0.37104,0.099118,0.31803,0.36877
0.98605,0.58085,0.80564,0.010007,0.25176,0.10516,0.72274,0.37093,0.097721,0.31735,0.36845
0.98605,0.58344,0.80564,0.010007,0.26125,0.10403,0.72486,0.37355,0.096397,0.31735,0.36766
0.98605,0.58215,0.80564,0.0090086,0.25915,0.10516,0.72656,0.37502,0.095147,0.316,0.36703
0.98804,0.58085,0.80564,0.010007,0.25704,0.10516,0.72677,0.37515,0.093824,0.316,0.36655
0.98605,0.57956,0.80564,0.010007,0.2581,0.10516,0.72592,0.37453,0.0925,0.31465,0.36544
0.98804,0.57956,0.80564,0.010007,0.24861,0.10516,0.72613,0.37417,0.09125,0.31398,0.36433
0.98605,0.57827,0.80564,0.0090086,0.2581,0.10629,0.72571,0.37404,0.09,0.3133,0.36369
0.99004,0.57697,0.80564,0.0090086,0.26021,0.10629,0.72592,0.37374,0.088676,0.3133,0.36306
0.98804,0.57697,0.80564,0.0090086,0.25282,0.10629,0.72613,0.37398,0.087426,0.31195,0.36211
0.98804,0.57697,0.80564,0.0090086,0.2507,0.10516,0.72613,0.3741,0.086176,0.31195,0.36147
0.98804,0.57568,0.80564,0.010007,0.26021,0.10516,0.72613,0.3741,0.084853,0.3106,0.36036
0.98605,0.57568,0.80981,0.0090086,0.25282,0.10516,0.72592,0.37379,0.083603,0.30925,0.35925
0.99004,0.57568,0.80981,0.0090086,0.25493,0.10516,0.72613,0.37379,0.082279,0.30925,0.35909
0.99004,0.57568,0.80981,0.010007,0.25176,0.10516,0.72634,0.37417,0.080956,0.30925,0.35925
0.99004,0.57568,0.80981,0.0090086,0.26336,0.10516,0.72656,0.37417,0.079706,0.30925,0.35893
0.99004,0.57439,0.80981,0.0090086,0.25493,0.10516,0.72634,0.37441,0.078382,0.30858,0.35846
0.98804,0.57439,0.80981,0.010007,0.24965,0.10629,0.72634,0.37423,0.077059,0.3079,0.35735
0.99004,0.5718,0.80564,0.0090086,0.26021,0.10516,0.72465,0.37288,0.075809,0.30722,0.35703
0.99004,0.5718,0.80564,0.0090086,0.2507,0.10516,0.72337,0.37123,0.074559,0.30655,0.35671
0.99004,0.57309,0.80564,0.0090086,0.24649,0.10403,0.72317,0.37086,0.073235,0.30655,0.35624
0.99004,0.57309,0.80564,0.010007,0.24861,0.10516,0.72337,0.37117,0.071912,0.30655,0.3556
0.98804,0.57309,0.80981,0.010007,0.2507,0.10516,0.72358,0.37154,0.070662,0.30655,0.35576
0.99004,0.57568,0.80981,0.010007,0.25915,0.10516,0.72677,0.37441,0.069338,0.30587,0.35544
0.99004,0.57439,0.80981,0.010007,0.25387,0.10516,0.7272,0.37471,0.068015,0.3052,0.35497
0.99004,0.5718,0.80981,0.0090086,0.25704,0.10516,0.72634,0.37398,0.066691,0.3052,0.35449
0.99204,0.5705,0.81399,0.0090086,0.24755,0.10516,0.72401,0.37154,0.065441,0.30452,0.35417
0.99004,0.5705,0.81816,0.0090086,0.24965,0.10516,0.72274,0.3708,0.064191,0.30385,0.35354
0.99004,0.57309,0.81816,0.010007,0.25176,0.10516,0.72486,0.37238,0.062941,0.30385,0.35322
0.99204,0.57439,0.82233,0.010007,0.2581,0.10516,0.72699,0.37447,0.061691,0.3025,0.35275
0.99204,0.57439,0.82233,0.0090086,0.25387,0.10516,0.72784,0.37477,0.060441,0.3025,0.35179
0.99204,0.57309,0.82233,0.010007,0.26231,0.10516,0.72784,0.37502,0.059191,0.30182,0.35132
0.99204,0.57309,0.82233,0.0090086,0.24861,0.10516,0.72763,0.37477,0.057941,0.30115,0.35052
0.99204,0.57309,0.82651,0.010007,0.26336,0.10516,0.72763,0.37477,0.056691,0.2998,0.34989
0.99403,0.57309,0.82651,0.010007,0.24755,0.10516,0.72763,0.3749,0.055441,0.2998,0.34941
0.99004,0.5718,0.83068,0.0090086,0.26231,0.10516,0.72806,0.37496,0.054191,0.2998,0.34894
0.99004,0.57309,0.83068,0.010007,0.26231,0.10516,0.72827,0.37515,0.053015,0.29912,0.34862
0.99403,0.57309,0.83068,0.010007,0.2507,0.10516,0.72869,0.37577,0.051912,0.29845,0.34798
0.99204,0.57568,0.83068,0.0090086,0.25387,0.13218,0.72955,0.37632,0.050882,0.2971,0.34687
0.99204,0.59638,0.83068,0.010007,0.29819,0.16819,0.74962,0.39851,0.05,0.2971,0.34624
0.99004,0.62225,0.83068,0.010007,0.36043,0.22671,0.78285,0.455,0.049191,0.29575,0.34529
0.99204,0.64166,0.82651,0.012015,0.48483,0.22671,0.82874,0.54747,0.048382,0.2944,0.34354
0.45693,0.60543,0.82651,0.013013,0.48266,0.22671,0.82928,0.57641,0.047868,0.29372,0.34243
0.11294,0.57956,0.82651,0.012015,0.43478,0.23122,0.81368,0.54502,0.047426,0.29237,0.341
0.021917,0.63389,0.83068,0.012015,0.49027,0.26836,0.84094,0.57038,0.047059,0.29169,0.34005
0.021917,0.63519,0.82651,0.012015,0.53271,0.27962,0.85264,0.59169,0.046765,0.29034,0.33926
0.023595,0.63777,0.82651,0.012015,0.55121,0.28411,0.85641,0.60196,0.046544,0.29034,0.33878
0.023595,0.64166,0.82651,0.012015,0.56704,0.28411,0.8608,0.60865,0.046397,0.29034,0.33846
0.023595,0.64166,0.82233,0.012015,0.55012,0.28411,0.86051,0.60925,0.046324,0.28967,0.33799
0.023595,0.64166,0.82233,0.013013,0.54795,0.28411,0.85991,0.60715,0.046176,0.28899,0.33688
0.021917,0.64295,0.82651,0.012015,0.54467,0.28411,0.86021,0.607,0.046103,0.28764,0.33561
0.023595,0.64295,0.82233,0.013013,0.54576,0.28749,0.85991,0.60625,0.046176,0.28764,0.33529
0.023595,0.66882,0.81816,0.013013,0.60593,0.31113,0.87819,0.63617,0.046324,0.28629,0.3345
0.023595,0.66494,0.81816,0.013013,0.59563,0.31,0.88003,0.6532,0.046324,0.28629,0.33418
0.021917,0.65977,0.81816,0.014022,0.58992,0.31,0.87453,0.64541,0.046324,0.28629,0.33386
0.023595,0.65977,0.81816,0.014022,0.58992,0.31,0.87333,0.64241,0.046471,0.28562,0.33339
0.021917,0.66235,0.81816,0.013013,0.58649,0.31,0.87394,0.64541,0.046471,0.28494,0.33275
0.020218,0.66494,0.81399,0.014022,0.59222,0.30888,0.87483,0.64625,0.046618,0.28494,0.33243
0.021917,0.66494,0.81399,0.014022,0.58878,0.30775,0.87483,0.64541,0.046765,0.28494,0.33196
0.023595,0.66494,0.81399,0.014022,0.58077,0.30888,0.87423,0.64341,0.046765,0.28359,0.33132
0.021917,0.66624,0.81399,0.014022,0.57962,0.30888,0.87453,0.64474,0.046912,0.28359,0.33101
0.021917,0.66624,0.80981,0.014022,0.58305,0.30888,0.87394,0.64208,0.046985,0.28359,0.33053
0.023595,0.66753,0.81399,0.013013,0.58305,0.30775,0.87453,0.64374,0.047132,0.28359,0.33021
0.021917,0.66882,0.81399,0.013013,0.58535,0.30888,0.87483,0.64608,0.047206,0.28224,0.3299
0.021917,0.67012,0.80981,0.013013,0.58535,0.30888,0.87423,0.64307,0.047279,0.28224,0.32942
0.023595,0.67141,0.81399,0.013013,0.5842,0.30775,0.87453,0.64258,0.047353,0.28224,0.3291
0.021917,0.67141,0.80981,0.014022,0.58535,0.30888,0.87423,0.64374,0.047426,0.28224,0.32863
0.021917,0.67141,0.80981,0.014022,0.58535,0.30888,0.87453,0.64441,0.0475,0.28157,0.32831
0.021917,0.6727,0.80981,0.013013,0.58535,0.30888,0.87453,0.64391,0.047574,0.28089,0.32815
0.021917,0.674,0.81399,0.013013,0.58535,0.30888,0.87515,0.64457,0.047574,0.28089,0.32799
0.023595,0.674,0.80981,0.014022,0.58649,0.30888,0.87515,0.64508,0.047574,0.28089,0.32815
0.023595,0.67529,0.80981,0.014022,0.58535,0.30888,0.87515,0.64341,0.0475,0.28089,0.32815
0.021917,0.67529,0.80981,0.014022,0.58535,0.30888,0.87515,0.64441,0.047426,0.28089,0.32815
0.020218,0.67529,0.80981,0.013013,0.58649,0.30888,0.87483,0.64441,0.047353,0.28089,0.32799
0.023595,0.67658,0.81399,0.013013,0.58535,0.30888,0.87453,0.64374,0.047206,0.28089,0.32799
0.023595,0.67658,0.80981,0.014022,0.58535,0.31,0.87453,0.64374,0.047059,0.28089,0.32799
0.021917,0.67658,0.80981,0.013013,0.58649,0.30888,0.87423,0.64391,0.046985,0.28089,0.32799
0.020218,0.67658,0.81399,0.014022,0.58649,0.31,0.87483,0.64457,0.046838,0.28089,0.32783
0.021917,0.67788,0.81399,0.014022,0.58649,0.30888,0.87483,0.64408,0.046691,0.28089,0.32767
0.021917,0.67788,0.81399,0.013013,0.58535,0.30888,0.87483,0.64408,0.046618,0.28089,0.32736
0.021917,0.67788,0.81399,0.014022,0.58649,0.30888,0.87483,0.64408,0.046544,0.28022,0.32688
0.023595,0.67917,0.80981,0.013013,0.58649,0.31,0.87483,0.64457,0.046544,0.27954,0.3264
0.020218,0.68047,0.80981,0.014022,0.58535,0.30888,0.87453,0.64391,0.046544,0.27954,0.32577
0.021917,0.68047,0.80981,0.014022,0.58649,0.30888,0.87453,0.64425,0.046618,0.27887,0.32529
0.020218,0.68047,0.80981,0.013013,0.58535,0.30888,0.87483,0.64391,0.046618,0.27819,0.32482
0.021917,0.68047,0.80981,0.014022,0.58649,0.31,0.87453,0.64408,0.046691,0.27819,0.32434
0.021917,0.68176,0.80981,0.013013,0.58535,0.30888,0.87453,0.64358,0.046765,0.27752,0.32371
0.023595,0.68047,0.80981,0.013013,0.58535,0.31,0.87483,0.64324,0.046838,0.27684,0.32307
0.020218,0.68176,0.80981,0.014022,0.58535,0.31,0.87483,0.64374,0.046912,0.27616,0.32212
0.023595,0.68176,0.80981,0.014022,0.58535,0.30888,0.87483,0.64341,0.047059,0.27549,0.32149
0.020218,0.68176,0.80981,0.013013,0.58649,0.30888,0.87483,0.64474,0.047132,0.27549,0.32085
0.023595,0.68176,0.80981,0.014022,0.58649,0.30888,0.87453,0.64358,0.047279,0.27414,0.32037
0.023595,0.68305,0.80564,0.014022,0.58535,0.30888,0.87423,0.64341,0.047353,0.27414,0.31958
0.021917,0.68305,0.80981,0.013013,0.58535,0.30888,0.87423,0.64374,0.0475,0.27279,0.31879
0.021917,0.68435,0.80146,0.014022,0.58535,0.31,0.87453,0.64324,0.047574,0.27279,0.31831
0.020218,0.68435,0.80564,0.013013,0.58535,0.30888,0.87515,0.64441,0.047721,0.27279,0.31799
0.023595,0.68435,0.80981,0.013013,0.58535,0.30888,0.87515,0.64391,0.047868,0.27279,0.31768
0.021917,0.68435,0.80564,0.014022,0.58535,0.30888,0.87544,0.64508,0.047941,0.27211,0.31752
0.020218,0.68435,0.80146,0.014022,0.58535,0.30888,0.87515,0.64508,0.047941,0.27144,0.31736
0.020218,0.68435,0.80564,0.013013,0.58535,0.30888,0.87515,0.64425,0.048015,0.27144,0.31657
0.020218,0.73609,0.80146,0.014022,0.66886,0.34265,0.90751,0.71207,0.048088,0.27144,0.31672
0.021917,0.71928,0.80146,0.01602,0.68259,0.34265,0.90719,0.72728,0.048088,0.27211,0.31752
0.021917,0.70375,0.80146,0.014022,0.63225,0.34265,0.89184,0.70528,0.048088,0.27211,0.31768
0.021917,0.71539,0.80146,0.01602,0.65856,0.34265,0.89753,0.71673,0.048015,0.27279,0.31815
0.020218,0.71928,0.80564,0.015021,0.64026,0.34376,0.90138,0.72083,0.047941,0.27279,0.31879
0.021917,0.71798,0.80146,0.01602,0.64255,0.34376,0.90009,0.71857,0.047868,0.27346,0.31926
0.021917,0.71798,0.80564,0.01602,0.65056,0.34376,0.89913,0.71653,0.047794,0.27414,0.31974
0.021917,0.71798,0.80564,0.01602,0.6517,0.34489,0.89817,0.71592,0.047721,0.27414,0.32053
0.021917,0.72057,0.80981,0.01602,0.6517,0.34376,0.89881,0.71734,0.047574,0.27549,0.32133
0.021917,0.72057,0.81399,0.015021,0.6517,0.33701,0.89946,0.71612,0.0475,0.27549,0.3218
0.021917,0.69987,0.80981,0.015021,0.60137,0.33701,0.88033,0.68789,0.047426,0.27616,0.32244
0.021917,0.71151,0.80981,0.015021,0.61167,0.33927,0.88496,0.69437,0.047353,0.27616,0.3226
0.021917,0.71669,0.80981,0.015021,0.62882,0.33927,0.88995,0.70311,0.047206,0.27684,0.32307
0.021917,0.71539,0.80981,0.01602,0.62425,0.33927,0.88932,0.70174,0.047132,0.27684,0.32323
0.021917,0.7141,0.81399,0.015021,0.62425,0.33927,0.88901,0.69843,0.047059,0.27684,0.32387
0.023595,0.7141,0.81399,0.014022,0.6128,0.34039,0.88901,0.69843,0.046912,0.27819,0.32482
0.020218,0.7141,0.81399,0.015021,0.6128,0.34039,0.88901,0.69998,0.046838,0.27819,0.32529
0.021917,0.7141,0.81399,0.01602,0.61052,0.34039,0.8887,0.6992,0.046691,0.27954,0.32609
0.023595,0.71539,0.81816,0.014022,0.60937,0.34039,0.8887,0.6992,0.046618,0.27954,0.32672
0.023595,0.71669,0.81816,0.014022,0.61052,0.33927,0.88901,0.69998,0.046471,0.28089,0.32752
0.021917,0.7141,0.81399,0.01602,0.61167,0.34039,0.8887,0.69959,0.046397,0.28089,0.32799
0.021917,0.71669,0.81399,0.01602,0.6128,0.34039,0.88932,0.69979,0.046324,0.28089,0.32847
0.020218,0.71669,0.81399,0.015021,0.61395,0.34039,0.88932,0.6992,0.04625,0.28157,0.32878
0.021917,0.71669,0.81399,0.01602,0.6128,0.34039,0.88963,0.70096,0.046176,0.28224,0.3291
0.021917,0.71669,0.81399,0.015021,0.61167,0.33927,0.8887,0.69959,0.046176,0.28224,0.32926
0.021917,0.70246,0.81816,0.015021,0.59793,0.3145,0.87819,0.67969,0.046103,0.28224,0.32958
0.021917,0.6934,0.82233,0.014022,0.56017,0.3145,0.86405,0.65664,0.046103,0.28224,0.32942
0.023595,0.70505,0.82233,0.013013,0.58992,0.28411,0.87303,0.66842,0.046029,0.28224,0.32926
0.020218,0.67917,0.81816,0.013013,0.54249,0.28749,0.85321,0.63308,0.046029,0.28224,0.32894
0.021917,0.68823,0.81816,0.014022,0.54032,0.28862,0.85437,0.63099,0.046029,0.28089,0.32799
0.021917,0.69599,0.81816,0.014022,0.55338,0.28637,0.8608,0.64042,0.046103,0.28089,0.32736
0.023595,0.69211,0.81399,0.014022,0.5523,0.28411,0.8608,0.63878,0.046176,0.27954,0.32656
0.021917,0.68823,0.81399,0.014022,0.54686,0.28299,0.85903,0.63503,0.04625,0.27887,0.32561
0.021917,0.68823,0.81399,0.013013,0.54576,0.28299,0.85874,0.63567,0.046324,0.27819,0.32466
0.023595,0.68823,0.81399,0.014022,0.54576,0.28299,0.85903,0.63665,0.046471,0.27752,0.32387
0.021917,0.68693,0.80981,0.014022,0.54686,0.28411,0.85903,0.63813,0.046618,0.27684,0.32291
0.020218,0.68823,0.80981,0.014022,0.54686,0.28411,0.85962,0.63714,0.046765,0.27616,0.32228
0.018541,0.68693,0.80981,0.013013,0.54576,0.28411,0.85962,0.63697,0.046912,0.27549,0.3218
0.021917,0.68564,0.80981,0.014022,0.54576,0.28411,0.85962,0.63714,0.047059,0.27549,0.32101
0.021917,0.68564,0.80981,0.014022,0.54576,0.28411,0.85933,0.63697,0.047132,0.27414,0.32037
0.021917,0.68435,0.80564,0.014022,0.54686,0.28411,0.85962,0.63779,0.047279,0.27414,0.31942
0.021917,0.68435,0.80564,0.013013,0.54686,0.28411,0.85903,0.63779,0.047353,0.27279,0.31879
0.021917,0.68435,0.80564,0.014022,0.54795,0.28411,0.85933,0.63731,0.047426,0.27279,0.31799
0.021917,0.68564,0.80564,0.014022,0.5523,0.29537,0.86051,0.63993,0.0475,0.27211,0.31736
0.020218,0.68823,0.80564,0.014022,0.56247,0.29312,0.86345,0.64425,0.047574,0.27144,0.31672
0.021917,0.68823,0.80146,0.014022,0.5659,0.29424,0.86434,0.64608,0.047647,0.27144,0.31641
0.018541,0.68693,0.80146,0.013013,0.56932,0.29875,0.86463,0.64541,0.047721,0.27144,0.31625
0.021917,0.68693,0.80564,0.013013,0.56932,0.29875,0.86405,0.64425,0.047721,0.27076,0.31593
0.020218,0.68693,0.80564,0.013013,0.5739,0.29987,0.86463,0.64508,0.047721,0.27009,0.31561
0.021917,0.68693,0.80564,0.013013,0.5659,0.301,0.86405,0.64491,0.047794,0.27009,0.31546
0.023595,0.68693,0.80146,0.013013,0.5556,0.30213,0.86405,0.64441,0.047794,0.27009,0.31546
0.018541,0.68693,0.80146,0.013013,0.5523,0.30213,0.86434,0.64457,0.047721,0.27009,0.31514
0.023595,0.68693,0.80146,0.013013,0.55447,0.30325,0.86434,0.64524,0.047721,0.27009,0.3153
0.023595,0.68693,0.80564,0.013013,0.55447,0.30325,0.86434,0.64474,0.047574,0.27009,0.31498
0.021917,0.68693,0.80146,0.013013,0.55338,0.30325,0.86375,0.64425,0.047574,0.27009,0.3153
0.023595,0.68693,0.80146,0.013013,0.55674,0.30325,0.86405,0.64474,0.047426,0.27009,0.3153
0.021917,0.68823,0.80564,0.012015,0.55904,0.30213,0.86463,0.64524,0.047279,0.27009,0.31561
0.021917,0.68823,0.80564,0.013013,0.56132,0.30325,0.86463,0.64675,0.047059,0.27076,0.31593
0.020218,0.67012,0.80564,0.013013,0.54141,0.26723,0.85149,0.62337,0.046838,0.27076,0.31609
0.021917,0.64683,0.80564,0.012015,0.47939,0.26611,0.82519,0.5725,0.046691,0.27009,0.31546
0.021917,0.66365,0.80564,0.013013,0.49244,0.26611,0.82983,0.5701,0.046471,0.26941,0.3145
0.018541,0.6727,0.80981,0.012015,0.51638,0.26723,0.8387,0.579,0.046324,0.26874,0.31339
0.021917,0.66753,0.80564,0.012015,0.51094,0.26723,0.83702,0.57264,0.045956,0.26604,0.31085
0.020218,0.68952,0.80564,0.012015,0.52836,0.301,0.85033,0.58999,0.045809,0.26469,0.30831
0.021917,0.75032,0.80146,0.014022,0.65285,0.34152,0.90266,0.69862,0.045662,0.26266,0.30673
0.021917,0.72316,0.80146,0.015021,0.63911,0.34265,0.89849,0.71878,0.045662,0.26199,0.30562
0.021917,0.71281,0.79312,0.015021,0.6128,0.34152,0.88932,0.7041,0.045588,0.26063,0.30403
0.020218,0.72316,0.79729,0.015021,0.63568,0.34039,0.89563,0.71592,0.045588,0.25928,0.30228
0.020218,0.72445,0.78894,0.01602,0.662,0.34039,0.89881,0.7196,0.045515,0.25793,0.3007
0.021917,0.72316,0.78894,0.01602,0.65628,0.34039,0.89849,0.71673,0.045515,0.25658,0.29943
0.021917,0.72445,0.78894,0.015021,0.6414,0.34039,0.89817,0.71755,0.045515,0.25523,0.29768
0.021917,0.72445,0.78477,0.015021,0.63568,0.33927,0.89786,0.71653,0.045588,0.25388,0.29626
0.023595,0.72574,0.78477,0.015021,0.64255,0.34039,0.89753,0.71592,0.045588,0.25253,0.29435
0.023595,0.72704,0.78477,0.015021,0.64026,0.34039,0.89753,0.7149,0.045662,0.25118,0.29276
0.021917,0.72704,0.78477,0.015021,0.63683,0.34039,0.89786,0.71449,0.045735,0.24916,0.29102
0.021917,0.72833,0.78059,0.01602,0.63683,0.34039,0.89753,0.71511,0.045809,0.24781,0.28943
0.020218,0.72833,0.77642,0.01602,0.63683,0.34039,0.89753,0.7147,0.045882,0.24713,0.288
0.020218,0.72833,0.77642,0.015021,0.6437,0.34039,0.89753,0.71592,0.045956,0.24578,0.28642
0.020218,0.72962,0.78059,0.014022,0.63568,0.34039,0.89817,0.71612,0.046103,0.24443,0.28483
0.020218,0.73092,0.77225,0.01602,0.64598,0.34039,0.89849,0.71734,0.046176,0.24308,0.2834
0.021917,0.70505,0.78059,0.013013,0.60022,0.3145,0.88064,0.68414,0.04625,0.24173,0.28166
0.023595,0.70116,0.77225,0.014022,0.5659,0.31563,0.86672,0.66187,0.046397,0.24038,0.28007
0.020218,0.71798,0.77225,0.015021,0.59563,0.31563,0.87881,0.67987,0.046471,0.23835,0.27832
0.020218,0.7141,0.76807,0.014022,0.59563,0.31675,0.87819,0.67858,0.046544,0.23768,0.27705
0.021917,0.71022,0.77642,0.013013,0.59107,0.31675,0.87575,0.6742,0.046618,0.23633,0.27531
0.020218,0.70893,0.76807,0.014022,0.59793,0.31788,0.87394,0.67076,0.046691,0.23498,0.27372
0.021917,0.70893,0.7639,0.014022,0.60022,0.31675,0.87394,0.6722,0.046691,0.23363,0.27245
0.021917,0.71151,0.7639,0.014022,0.59678,0.31675,0.87453,0.67311,0.046765,0.23228,0.27118
0.020218,0.71022,0.7639,0.014022,0.58535,0.31788,0.87483,0.67474,0.046765,0.23093,0.26991
0.020218,0.71151,0.75973,0.015021,0.5842,0.31788,0.87515,0.67455,0.046765,0.23025,0.26864
0.020218,0.74903,0.7639,0.014022,0.64483,0.40792,0.89913,0.72062,0.046765,0.22957,0.26801
0.021917,0.79819,0.75555,0.20014,0.78524,0.40792,0.94647,0.8182,0.046691,0.22957,0.26864
0.020218,0.77232,0.74721,0.16731,0.72772,0.40905,0.92881,0.80428,0.046618,0.23025,0.26896
0.021917,0.77232,0.74303,0.13667,0.70204,0.40792,0.92238,0.79724,0.046544,0.23093,0.2696
0.021917,0.78137,0.74721,0.17621,0.70692,0.40454,0.92711,0.80505,0.046471,0.23093,0.27023
0.023595,0.78913,0.75138,0.19601,0.71059,0.44844,0.93119,0.81015,0.046397,0.23228,0.27071
0.026972,0.84864,0.73468,0.56022,0.86071,0.50021,0.97216,0.8845,0.046324,0.23363,0.27277
0.030349,0.88745,0.72216,0.82293,0.93895,0.50134,0.99145,0.93244,0.046176,0.23633,0.27626
0.033704,0.91074,0.71381,0.87401,0.92304,0.50021,0.99882,0.94849,0.046029,0.2397,0.28007
0.035403,0.91074,0.72634,0.8479,0.90978,0.45069,0.99106,0.93921,0.045882,0.2424,0.28324
0.026972,0.837,0.74721,0.2022,0.59793,0.38541,0.94753,0.79798,0.045882,0.24308,0.28308
0.025294,0.79301,0.75555,0.018027,0.67573,0.38654,0.91374,0.74028,0.045809,0.24038,0.28102
0.025294,0.82147,0.75973,0.074105,0.73873,0.38654,0.93669,0.79154,0.045735,0.23903,0.27944
0.023595,0.80854,0.76807,0.088127,0.73139,0.38766,0.93256,0.79055,0.045662,0.23835,0.27801
0.025294,0.80078,0.75973,0.063089,0.71793,0.38992,0.92609,0.78326,0.045662,0.237,0.27674
0.023595,0.80078,0.75973,0.076112,0.71059,0.39104,0.92643,0.78446,0.045588,0.23633,0.27547
0.023595,0.80336,0.7639,0.098125,0.70569,0.39104,0.92881,0.78933,0.045515,0.23498,0.27436
0.023595,0.80207,0.75555,0.10604,0.72649,0.39329,0.92949,0.78909,0.045441,0.23363,0.27325
0.023595,0.80078,0.75138,0.10406,0.73139,0.39217,0.92915,0.78885,0.045441,0.23363,0.27214
0.023595,0.79431,0.7639,0.07811,0.70325,0.36966,0.92541,0.78302,0.045368,0.23228,0.27134
0.025294,0.77749,0.75973,0.017018,0.66085,0.37753,0.90914,0.75823,0.045368,0.23093,0.27007
0.021917,0.79948,0.75555,0.054081,0.70325,0.37866,0.92306,0.78326,0.045294,0.23025,0.26912
0.023595,0.7956,0.75555,0.080117,0.71671,0.37979,0.92576,0.7869,0.045294,0.22957,0.26833
0.023595,0.79948,0.75555,0.08612,0.71671,0.4158,0.92677,0.78933,0.045294,0.22957,0.26753
0.023595,0.82147,0.74303,0.26005,0.77912,0.44619,0.94683,0.82162,0.045368,0.22822,0.2669
0.023595,0.83571,0.73886,0.37164,0.79624,0.44844,0.95609,0.84161,0.045368,0.22822,0.26658
0.025294,0.83829,0.73468,0.41889,0.79503,0.44844,0.95609,0.85112,0.045441,0.22822,0.26642
0.023595,0.84217,0.73051,0.421,0.80482,0.44844,0.95644,0.85083,0.045588,0.22822,0.26626
0.023595,0.84476,0.73051,0.4168,0.80971,0.44844,0.95572,0.8497,0.045662,0.22822,0.26595
0.026972,0.84735,0.73051,0.41469,0.81337,0.44844,0.95572,0.84942,0.045809,0.22755,0.26579
0.025294,0.84994,0.72634,0.4231,0.81094,0.44844,0.95609,0.8497,0.045882,0.22687,0.26531
0.023595,0.84994,0.73051,0.41469,0.79624,0.44844,0.95572,0.84773,0.045735,0.22687,0.26484
0.025294,0.85123,0.73051,0.41785,0.79014,0.44844,0.95644,0.84885,0.045735,0.22687,0.26531
0.025294,0.81501,0.73468,0.17423,0.5739,0.31,0.93051,0.79624,0.045588,0.22687,0.26531
0.020218,0.74386,0.75138,0.014022,0.45654,0.22671,0.87606,0.63551,0.045441,0.22552,0.26325
0.018541,0.70246,0.75555,0.012015,0.34777,0.2481,0.81953,0.5162,0.045147,0.22282,0.26023
0.018541,0.74644,0.75973,0.010007,0.47939,0.26498,0.83066,0.51842,0.044853,0.2208,0.2577
0.015164,0.76197,0.75555,0.012015,0.54032,0.28299,0.8535,0.57345,0.044559,0.21877,0.25579
0.016863,0.7542,0.75138,0.012015,0.56017,0.28524,0.85962,0.59255,0.044265,0.21742,0.25436
0.016863,0.74256,0.75555,0.012015,0.57047,0.28074,0.85933,0.59773,0.043897,0.21742,0.25341
0.016863,0.73092,0.75973,0.011016,0.5556,0.27849,0.85408,0.59384,0.043529,0.21607,0.25262
0.015164,0.72316,0.75555,0.011016,0.53053,0.27849,0.84975,0.58816,0.043088,0.21607,0.25182
0.015164,0.72186,0.75555,0.012015,0.52944,0.27398,0.8512,0.59212,0.042647,0.21472,0.25135
0.016863,0.72316,0.75973,0.011016,0.55121,0.27962,0.85408,0.59686,0.042206,0.21472,0.25087
0.015164,0.71928,0.75973,0.012015,0.5556,0.28187,0.85524,0.5986,0.041691,0.21404,0.25024
0.015164,0.71539,0.75555,0.012015,0.53379,0.28187,0.85496,0.59715,0.041176,0.21337,0.24992
0.016863,0.71281,0.75973,0.011016,0.55447,0.28074,0.85437,0.597,0.040662,0.21337,0.24976
0.015164,0.71151,0.75555,0.012015,0.55338,0.28187,0.85408,0.597,0.040147,0.21337,0.2496
0.015164,0.70893,0.75973,0.012015,0.53379,0.28187,0.85496,0.59845,0.039559,0.21337,0.24976
0.018541,0.70763,0.75973,0.012015,0.5523,0.28187,0.85524,0.59889,0.038971,0.21404,0.24992
0.016863,0.70634,0.75973,0.012015,0.55904,0.28187,0.85524,0.59874,0.038382,0.21404,0.2504
0.015164,0.70375,0.75973,0.012015,0.54795,0.28187,0.85553,0.59889,0.037794,0.21404,0.25008
0.016863,0.70246,0.7639,0.012015,0.53379,0.28187,0.85553,0.59933,0.037206,0.21337,0.24976
0.016863,0.69987,0.7639,0.012015,0.5556,0.28187,0.85496,0.59845,0.036691,0.21337,0.24913
0.016863,0.69211,0.75973,0.012015,0.55012,0.26949,0.85005,0.59141,0.036103,0.21269,0.24865
0.016863,0.68823,0.7639,0.012015,0.51964,0.26723,0.8449,0.58313,0.035515,0.21202,0.24786
0.016863,0.66494,0.7639,0.011016,0.314,0.22559,0.82411,0.53352,0.035,0.21134,0.24691
0.016863,0.64812,0.75973,0.010007,0.4141,0.22559,0.79862,0.47734,0.034412,0.21067,0.24579
0.016863,0.65847,0.7639,0.010007,0.40106,0.22671,0.7928,0.46914,0.033897,0.20932,0.24453
0.015164,0.68564,0.75973,0.010007,0.43804,0.22671,0.81078,0.4927,0.033309,0.20797,0.24326
0.015164,0.67529,0.75973,0.010007,0.43804,0.22671,0.81052,0.49149,0.032794,0.20662,0.24215
0.016863,0.66235,0.75973,0.010007,0.41845,0.22671,0.80118,0.47887,0.032279,0.20594,0.24088
0.016863,0.66106,0.75973,0.010007,0.40106,0.22559,0.79658,0.47468,0.031765,0.20527,0.23945
0.016863,0.66882,0.75555,0.010007,0.4141,0.22671,0.80118,0.4809,0.031324,0.20392,0.23834
0.015164,0.66882,0.75555,0.010007,0.43587,0.22671,0.80452,0.4854,0.030809,0.20257,0.23738
0.016863,0.66753,0.75973,0.010007,0.43261,0.22671,0.80427,0.48412,0.030294,0.20257,0.23612
0.016863,0.66365,0.75973,0.010007,0.41084,0.22671,0.80272,0.48304,0.029853,0.20122,0.235
0.016863,0.66106,0.75555,0.010007,0.41737,0.22559,0.80195,0.48177,0.029412,0.19986,0.23374
0.016863,0.66106,0.75555,0.010007,0.43152,0.22671,0.80118,0.48129,0.028971,0.19919,0.23262
0.016863,0.65977,0.75973,0.0090086,0.41084,0.22671,0.80169,0.4809,0.028529,0.19784,0.2312
0.016863,0.65977,0.75138,0.010007,0.41519,0.26273,0.8035,0.48353,0.028088,0.19716,0.23024
0.015164,0.7141,0.75555,0.010007,0.5251,0.28187,0.8432,0.5542,0.027721,0.19581,0.22929
0.018541,0.72704,0.75138,0.012015,0.60022,0.28299,0.87606,0.63228,0.027353,0.19581,0.22897
0.015164,0.68047,0.74721,0.012015,0.53923,0.27849,0.85437,0.60789,0.026912,0.19514,0.22802
0.016863,0.67917,0.74721,0.012015,0.54032,0.27962,0.84861,0.60566,0.026544,0.19446,0.22755
0.015164,0.69082,0.74721,0.012015,0.56132,0.27962,0.85933,0.62384,0.026103,0.19446,0.22707
0.018541,0.68564,0.74721,0.012015,0.55674,0.27849,0.85816,0.62041,0.025735,0.19379,0.22644
0.016863,0.68047,0.75138,0.011016,0.56475,0.27849,0.8535,0.61287,0.025368,0.19311,0.22612
0.016863,0.68047,0.74721,0.012015,0.53379,0.27962,0.85293,0.6112,0.024926,0.19311,0.22659
0.015164,0.68176,0.75138,0.012015,0.54903,0.27962,0.85437,0.61501,0.024559,0.19311,0.22612
0.016863,0.68305,0.75138,0.012015,0.5636,0.27962,0.85524,0.61516,0.024191,0.19311,0.22564
0.015164,0.68305,0.75138,0.012015,0.53597,0.27962,0.85553,0.61501,0.023824,0.19176,0.22453
0.015164,0.68305,0.75138,0.012015,0.56017,0.27962,0.85582,0.61624,0.023456,0.19176,0.22406
0.015164,0.68305,0.75138,0.012015,0.54903,0.28074,0.85612,0.61577,0.023088,0.19176,0.22406
0.016863,0.68305,0.75555,0.012015,0.53706,0.28074,0.85612,0.61485,0.022647,0.19109,0.22358
0.016863,0.68305,0.75138,0.012015,0.56932,0.28074,0.85582,0.61439,0.022279,0.19041,0.22295
0.016863,0.68047,0.75138,0.013013,0.54141,0.28074,0.85582,0.61531,0.021912,0.19041,0.22279
0.016863,0.68176,0.75555,0.012015,0.53923,0.28074,0.85582,0.61608,0.021471,0.19041,0.22279
0.018541,0.68693,0.75138,0.012015,0.57619,0.29087,0.85991,0.62134,0.021103,0.19041,0.22231
0.018541,0.69082,0.75555,0.012015,0.5636,0.2965,0.86523,0.62939,0.020735,0.18906,0.22199
0.016863,0.69082,0.75138,0.012015,0.58992,0.27287,0.86732,0.6313,0.020368,0.18906,0.22152
0.018541,0.65459,0.75555,0.012015,0.52073,0.26611,0.83842,0.58563,0.02,0.18906,0.2212
0.015164,0.6533,0.75555,0.011016,0.47068,0.26498,0.82384,0.56121,0.019632,0.18839,0.22041
0.015164,0.68564,0.75555,0.011016,0.53162,0.26611,0.84689,0.59212,0.019265,0.18771,0.22009
0.015164,0.67012,0.75555,0.011016,0.5229,0.26723,0.84011,0.57696,0.018897,0.18771,0.21961
0.015164,0.66365,0.75555,0.011016,0.49462,0.26723,0.83314,0.5676,0.018529,0.18704,0.21898
0.016863,0.66882,0.75555,0.012015,0.4979,0.26836,0.83535,0.57197,0.018162,0.18636,0.21866
0.016863,0.67141,0.75973,0.011016,0.51964,0.26836,0.83842,0.57628,0.017794,0.18636,0.21866
0.016863,0.67012,0.75555,0.011016,0.51421,0.26836,0.83926,0.57614,0.017426,0.18636,0.21866
0.015164,0.66882,0.75555,0.012015,0.50333,0.26836,0.83842,0.57547,0.017059,0.18636,0.21834
0.015164,0.66882,0.75555,0.012015,0.51964,0.26836,0.83814,0.57573,0.016691,0.18636,0.21771
0.015164,0.66753,0.75555,0.011016,0.50442,0.26836,0.83814,0.5752,0.01625,0.18501,0.21707
0.015164,0.66753,0.75555,0.012015,0.50659,0.26836,0.83898,0.57832,0.015882,0.18501,0.21628
0.016863,0.66624,0.75555,0.012015,0.52073,0.26385,0.83786,0.57453,0.015515,0.18433,0.21596
0.015164,0.65589,0.75555,0.012015,0.48592,0.25823,0.82847,0.56095,0.015147,0.18366,0.21501
0.015164,0.64942,0.75555,0.011016,0.46633,0.25823,0.8198,0.54783,0.014706,0.18298,0.21438
0.016863,0.6533,0.75973,0.011016,0.47831,0.25936,0.82006,0.54698,0.014338,0.18231,0.21374
0.016863,0.65847,0.75555,0.011016,0.47068,0.25936,0.82249,0.55181,0.013897,0.18163,0.21295
0.015164,0.65847,0.75973,0.010007,0.47068,0.25936,0.8233,0.55044,0.013529,0.18096,0.21215
0.016863,0.65589,0.75555,0.011016,0.48374,0.25936,0.82303,0.55193,0.013162,0.18096,0.21152
0.016863,0.65459,0.75973,0.010007,0.46959,0.25936,0.82249,0.54957,0.012794,0.17961,0.21089
0.015164,0.65589,0.75555,0.011016,0.4685,0.25936,0.82249,0.55119,0.012426,0.17961,0.21009
0.016863,0.65071,0.75555,0.011016,0.47831,0.22784,0.81926,0.54441,0.011985,0.17893,0.20946
0.015164,0.64683,0.75555,0.011016,0.45111,0.22671,0.81394,0.53813,0.011618,0.17826,0.20866
0.016863,0.64554,0.75555,0.011016,0.43913,0.22671,0.81131,0.53258,0.011176,0.17758,0.20803
0.016863,0.64942,0.75555,0.011016,0.45546,0.22559,0.81209,0.53002,0.010735,0.17691,0.20787
0.016863,0.64942,0.75555,0.011016,0.45328,0.23235,0.81314,0.53071,0.010294,0.17691,0.20787
0.015164,0.65847,0.75555,0.011016,0.46089,0.24247,0.81953,0.5404,0.0098529,0.17691,0.20724
0.015164,0.65589,0.75555,0.011016,0.48048,0.24135,0.82276,0.54319,0.0094118,0.17623,0.2066
0.016863,0.6533,0.75555,0.011016,0.47394,0.24247,0.82087,0.54137,0.0090441,0.17556,0.20549
0.015164,0.65201,0.75138,0.011016,0.45763,0.24359,0.81953,0.53957,0.0086029,0.17421,0.2047
0.018541,0.65071,0.75138,0.011016,0.4685,0.22671,0.81873,0.53695,0.0082353,0.17353,0.20374
0.016863,0.63777,0.75138,0.010007,0.43478,0.22671,0.80713,0.51954,0.0077941,0.17286,0.20152
0.016863,0.63389,0.74721,0.011016,0.40649,0.22559,0.79888,0.50729,0.0072794,0.16948,0.19835
0.015164,0.64166,0.74303,0.011016,0.43152,0.21658,0.80067,0.50346,0.0067647,0.17151,0.20105
0.015164,0.62872,0.74303,0.010007,0.3869,0.20983,0.78853,0.48364,0.0063235,0.17016,0.19851
0.016863,0.62484,0.74721,0.0090086,0.36993,0.21321,0.77846,0.46574,0.0057353,0.1688,0.19676
0.016863,0.63389,0.74303,0.010007,0.38153,0.19633,0.77943,0.46247,0.0053676,0.16745,0.19645
0.016863,0.63648,0.74303,0.010007,0.36887,0.19633,0.7804,0.46139,0.0048529,0.16745,0.19692
0.015164,0.64166,0.74303,0.010007,0.38047,0.19633,0.78236,0.46319,0.0044118,0.16475,0.19232
0.018541,0.63777,0.74303,0.010007,0.36781,0.19633,0.78064,0.46094,0.0039706,0.16205,0.19153
0.018541,0.63389,0.74303,0.010007,0.35727,0.19633,0.77579,0.45447,0.0036765,0.1634,0.19137
0.016863,0.63389,0.74303,0.010007,0.36887,0.19858,0.77338,0.45031,0.0032353,0.1607,0.18772
0.013486,0.63907,0.74303,0.010007,0.35621,0.21996,0.77628,0.45255,0.0029412,0.15733,0.18534
0.016863,0.68435,0.74303,0.010007,0.44239,0.26723,0.81104,0.4971,0.0026471,0.15665,0.1847
0.016863,0.71539,0.74303,0.011016,0.53814,0.26836,0.85149,0.56931,0.0025,0.1553,0.1828
0.015164,0.66753,0.74303,0.011016,0.34355,0.22671,0.83231,0.53646,0.0023529,0.15395,0.18105
0.015164,0.63648,0.73886,0.010007,0.4228,0.22671,0.79862,0.47801,0.0021324,0.1526,0.17836
0.015164,0.64942,0.74721,0.0090086,0.4228,0.18845,0.80015,0.47916,0.0019853,0.1499,0.17566
0.016863,0.63519,0.74303,0.0090086,0.22433,0.17157,0.77918,0.43474,0.0017647,0.14855,0.17534
0.016863,0.62096,0.73886,0.0090086,0.19411,0.11079,0.74827,0.38834,0.0016176,0.14855,0.17344
0.015164,0.61966,0.73886,0.0080098,0.26021,0.10403,0.7238,0.35876,0.0013971,0.1445,0.16947
0.015164,0.63131,0.73886,0.0080098,0.24227,0.10403,0.71563,0.34874,0.00125,0.1418,0.16582
0.016863,0.64683,0.73886,0.0080098,0.24649,0.10403,0.71834,0.34874,0.00125,0.13977,0.16344
0.016863,0.65718,0.74303,0.007011,0.24227,0.10253,0.72022,0.34995,0.0011765,0.13707,0.16043
0.016863,0.65977,0.73886,0.0080098,0.26021,0.10403,0.72022,0.35005,0.00125,0.13504,0.15805
0.016863,0.66106,0.73886,0.0080098,0.24332,0.10403,0.72001,0.34967,0.00125,0.13369,0.15741
0.018541,0.66365,0.73468,0.0080098,0.2581,0.10403,0.7198,0.34951,0.0013235,0.13234,0.15551
0.016863,0.66494,0.73468,0.0080098,0.24438,0.10516,0.7198,0.34973,0.0013235,0.13234,0.15582
0.016863,0.66494,0.73468,0.0080098,0.25493,0.10629,0.72001,0.34995,0.0013235,0.13099,0.15344
0.015164,0.66624,0.73468,0.0080098,0.24544,0.10516,0.71959,0.34989,0.00125,0.12964,0.15233
0.018541,0.66882,0.73468,0.0080098,0.24965,0.10629,0.71895,0.35054,0.00125,0.12897,0.15154
0.016863,0.67141,0.73468,0.0080098,0.25282,0.10516,0.72001,0.35054,0.00051471,0.12627,0.14821
0.020218,0.67141,0.73468,0.0060025,0.24544,0.10629,0.72064,0.35071,0.00058824,0.12424,0.14583
0.016863,0.67141,0.73051,0.007011,0.25387,0.10516,0.72085,0.35,0.00058824,0.12289,0.14487
0.015164,0.6727,0.73051,0.007011,0.24016,0.10516,0.72043,0.35005,0.00066176,0.12019,0.14091
0.016863,0.674,0.72634,0.007011,0.2581,0.10516,0.72147,0.35027,0.00073529,0.11141,0.13075
0.015164,0.67529,0.72634,0.007011,0.24438,0.10629,0.72169,0.35,0.00088235,0.10668,0.12393
0.016863,0.67529,0.72216,0.007011,0.25915,0.10629,0.72147,0.34995,0.00095588,0,0
0.015164,0.67529,0.72634,0.007011,0.24332,0.10629,0.72085,0.34962,0.0010294,0,0
0.015164,0.67529,0.71799,0.007011,0.25704,0.10629,0.72064,0.34929,0.0011029,0,0
0.015164,0.67529,0.71799,0.0060025,0.24227,0.10629,0.72043,0.34918,0.0011029,0,0
0.37956,0.674,0.71381,0.007011,0.26021,0.10629,0.72253,0.35369,0.0011765,0,0
0.91637,0.66882,0.71381,0.0080098,0.25176,0.10629,0.72274,0.35683,0.0011765,0,0
0.98008,0.66494,0.71381,0.007011,0.26442,0.10629,0.72296,0.35757,0.00125,0,0
0.98008,0.66106,0.70964,0.0080098,0.24649,0.10516,0.7219,0.35728,0.00125,0,0
0.98208,0.65977,0.70547,0.0080098,0.26231,0.10629,0.72105,0.35694,0.0013235,0,0
0.98208,0.65847,0.70547,0.0080098,0.24649,0.10741,0.72105,0.35649,0.0013971,0,0
0.98208,0.65718,0.70547,0.0080098,0.26125,0.10629,0.72085,0.35643,0.0013971,0,0
0.98407,0.65589,0.70547,0.0080098,0.24544,0.10629,0.72085,0.35638,0.0013971,0,0
0.98804,0.65459,0.70547,0.0080098,0.26231,0.10741,0.72085,0.35615,0.0013971,0,0
0.98407,0.65459,0.70547,0.007011,0.24544,0.10741,0.72043,0.3561,0.0013971,0,0
0.98804,0.6533,0.70129,0.0080098,0.26231,0.10741,0.72085,0.35582,0.0014706,0,0
0.98804,0.65201,0.70129,0.0080098,0.24438,0.10629,0.72085,0.35582,0.0014706,0,0
0.98407,0.65201,0.70129,0.007011,0.26125,0.10629,0.72064,0.35593,0.0014706,0,0
0.98605,0.65071,0.70129,0.0080098,0.24438,0.10629,0.72085,0.35582,0.0014706,0,0
0.98804,0.65071,0.70129,0.0080098,0.26231,0.10629,0.72043,0.35576,0.0014706,0,0
0.98605,0.64942,0.70129,0.0080098,0.24649,0.10741,0.72064,0.3557,0.0014706,0,0
0.98804,0.65071,0.70129,0.0080098,0.25704,0.10629,0.72022,0.35553,0.0015441,0,0
0.98804,0.64942,0.70129,0.0080098,0.24544,0.10741,0.72043,0.35553,0.0015441,0,0
0.98407,0.64942,0.70129,0.0080098,0.25598,0.10629,0.72022,0.3552,0.0015441,0,0
0.98804,0.64683,0.70129,0.0080098,0.24544,0.10741,0.72022,0.35531,0.0015441,0,0
0.98804,0.64683,0.70129,0.0080098,0.25493,0.10629,0.72022,0.35498,0.0015441,0,0
0.98407,0.64683,0.70129,0.007011,0.24544,0.10741,0.72001,0.35537,0.0015441,0,0
0.98804,0.64683,0.69712,0.007011,0.24861,0.10741,0.72022,0.35503,0.0015441,0,0
0.98804,0.64683,0.69712,0.007011,0.24544,0.10854,0.72043,0.35548,0.0016176,0,0
0.98804,0.64683,0.69712,0.007011,0.24649,0.10741,0.72043,0.35498,0.0016176,0,0
0.98605,0.64554,0.69712,0.0080098,0.2507,0.10741,0.72064,0.3557,0.0016176,0,0
0.98804,0.64683,0.69712,0.0080098,0.24438,0.10741,0.72043,0.35548,0.0016176,0,0
0.98605,0.64683,0.69712,0.007011,0.25493,0.10741,0.72064,0.35587,0.0016176,0,0
0.98804,0.64554,0.69712,0.0080098,0.24544,0.10741,0.72043,0.3556,0.0016176,0,0
0.98605,0.64554,0.69295,0.0080098,0.25598,0.10741,0.72001,0.35531,0.0016176,0,0
0.98804,0.64554,0.69295,0.0080098,0.24438,0.10741,0.7198,0.35491,0.0016176,0,0
0.99004,0.64554,0.69712,0.007011,0.25598,0.10854,0.71959,0.35514,0.0016176,0,0
0.98605,0.64554,0.69712,0.0080098,0.24438,0.10854,0.71959,0.35498,0.0016176,0,0
0.98804,0.64424,0.69712,0.007011,0.25915,0.10741,0.72022,0.35498,0.0016176,0,0
0.98804,0.64424,0.69295,0.0080098,0.24544,0.10741,0.72022,0.35508,0.0016176,0,0
0.99004,0.64424,0.69295,0.0080098,0.26021,0.10741,0.72001,0.35491,0.0016176,0,0
0.98804,0.64424,0.69295,0.007011,0.24544,0.10741,0.72001,0.35503,0.0016176,0,0
0.98804,0.64424,0.69712,0.0080098,0.25704,0.10741,0.71959,0.35475,0.0016176,0,0
0.98605,0.64424,0.69295,0.007011,0.24544,0.10741,0.71959,0.35498,0.0016176,0,0
0.98605,0.64295,0.69295,0.007011,0.25282,0.10741,0.7198,0.35475,0.0016176,0,0
0.99004,0.64166,0.69295,0.007011,0.24544,0.10741,0.71938,0.35503,0.0016176,0,0
0.98804,0.64295,0.69295,0.007011,0.24861,0.10741,0.71959,0.35481,0.0016176,0,0
0.98605,0.64295,0.69712,0.0080098,0.24649,0.10741,0.71938,0.35498,0.0016176,0,0
0.98605,0.64424,0.69712,0.0080098,0.24755,0.10741,0.71959,0.35458,0.0016176,0,0
0.98804,0.64295,0.69295,0.0080098,0.24861,0.10741,0.71959,0.35491,0.0016176,0,0
0.98804,0.64295,0.69295,0.0080098,0.24649,0.10741,0.7198,0.35508,0.0016176,0,0
0.99004,0.64166,0.69295,0.007011,0.24649,0.10854,0.71959,0.3552,0.0016912,0,0
0.99204,0.64166,0.69295,0.0080098,0.24755,0.10741,0.71959,0.35491,0.0016176,0,0
0.98605,0.64166,0.69295,0.0080098,0.2507,0.10854,0.71959,0.35525,0.0016912,0,0
0.98804,0.64295,0.69295,0.007011,0.24544,0.10854,0.72001,0.3552,0.0016176,0,0
0.98605,0.64166,0.69712,0.0080098,0.25493,0.10741,0.72001,0.35576,0.0016176,0,0
0.99004,0.64166,0.69295,0.0080098,0.24438,0.10741,0.72022,0.35553,0.0016176,0,0
0.99004,0.64166,0.69295,0.0080098,0.26021,0.10741,0.72001,0.3556,0.0016912,0,0
0.98804,0.64166,0.69295,0.007011,0.24332,0.10741,0.72001,0.35542,0.0016912,0,0
0.98804,0.64166,0.69295,0.0080098,0.26021,0.10741,0.72001,0.35537,0.0016912,0,0
0.98804,0.64166,0.69295,0.0080098,0.24544,0.10854,0.72022,0.35565,0.0016912,0,0
0.99004,0.64166,0.69295,0.0080098,0.26125,0.10854,0.72043,0.3556,0.0016912,0,0
0.99004,0.64036,0.69295,0.007011,0.24649,0.10741,0.72022,0.3557,0.0016912,0,0
0.99004,0.64166,0.69295,0.0080098,0.25704,0.10854,0.72001,0.35542,0.0016912,0,0
0.99004,0.64036,0.69295,0.007011,0.24755,0.10741,0.7198,0.3552,0.0016912,0,0
0.98804,0.64036,0.69712,0.0080098,0.24861,0.10741,0.71959,0.35464,0.0016912,0,0
0.98804,0.64036,0.69295,0.0080098,0.25176,0.10741,0.71917,0.35475,0.0016912,0,0
0.98804,0.64036,0.69295,0.0080098,0.24544,0.10741,0.71876,0.35458,0.0016912,0,0
0.99204,0.64036,0.69295,0.0080098,0.25387,0.10741,0.71917,0.35486,0.0016912,0,0
0.98804,0.64036,0.69712,0.0080098,0.24438,0.10741,0.71917,0.35458,0.0016912,0,0
0.99403,0.64166,0.69295,0.0080098,0.25915,0.10741,0.71938,0.35475,0.0016912,0,0
0.99004,0.64036,0.69295,0.0080098,0.24332,0.10741,0.71917,0.35481,0.0016912,0,0
0.99004,0.64036,0.69295,0.0080098,0.25915,0.10741,0.71917,0.35481,0.0016912,0,0
0.98605,0.64036,0.69712,0.007011,0.24438,0.10741,0.71938,0.35475,0.0016912,0,0
0.98804,0.64166,0.69712,0.0080098,0.25915,0.10741,0.71959,0.3552,0.0016912,0,0
0.98804,0.64036,0.69712,0.0080098,0.24755,0.10854,0.71959,0.35514,0.0016912,0,0
0.99004,0.64036,0.69295,0.0080098,0.24861,0.10741,0.71938,0.35491,0.0016912,0,0
0.98804,0.64036,0.69295,0.0080098,0.24861,0.10854,0.71959,0.35498,0.0017647,0,0
0.99004,0.64166,0.69295,0.0080098,0.24544,0.10854,0.7198,0.35508,0.0017647,0,0
0.98605,0.64166,0.69295,0.0080098,0.25282,0.10741,0.71959,0.35542,0.0017647,0,0
0.99004,0.64166,0.69295,0.0080098,0.24438,0.10741,0.72001,0.35531,0.0017647,0,0
0.98605,0.64166,0.69295,0.0080098,0.25915,0.10854,0.71959,0.35531,0.0017647,0,0
0.99004,0.64166,0.69295,0.0080098,0.24438,0.10741,0.7198,0.35531,0.0017647,0,0
0.98804,0.64166,0.70129,0.007011,0.25915,0.10854,0.7198,0.35498,0.0017647,0,0
0.98804,0.64166,0.69295,0.007011,0.24649,0.10854,0.7198,0.3552,0.0017647,0,0
0.98804,0.64166,0.69295,0.007011,0.25387,0.10741,0.7198,0.35481,0.0017647,0,0
0.99004,0.64036,0.69295,0.0080098,0.24649,0.10741,0.71938,0.3552,0.0017647,0,0
0.98804,0.64036,0.69295,0.0080098,0.24861,0.10741,0.71938,0.35491,0.0017647,0,0
0.98804,0.64036,0.69295,0.007011,0.24755,0.10741,0.71959,0.3552,0.0017647,0,0
0.98804,0.64036,0.69712,0.0080098,0.24544,0.10741,0.71938,0.35469,0.0017647,0,0
0.99004,0.64036,0.69295,0.0080098,0.25598,0.10741,0.71938,0.35486,0.0017647,0,0
0.98605,0.64036,0.69295,0.0080098,0.24438,0.10854,0.71938,0.35498,0.0017647,0,0
0.98804,0.64036,0.68877,0.0080098,0.25704,0.10741,0.71917,0.35508,0.0017647,0,0
0.99004,0.64036,0.69295,0.0080098,0.24332,0.10741,0.71895,0.35508,0.0017647,0,0
0.98804,0.64036,0.69295,0.0080098,0.26021,0.10741,0.71938,0.35491,0.0017647,0,0
0.98804,0.64166,0.69712,0.007011,0.24649,0.10741,0.71938,0.35525,0.0017647,0,0
0.99204,0.64166,0.69712,0.0080098,0.25598,0.10741,0.71938,0.35475,0.0016912,0,0
0.99204,0.64036,0.69712,0.0080098,0.24861,0.10741,0.71895,0.35508,0.0017647,0,0
0.99004,0.64036,0.69712,0.0080098,0.24438,0.10854,0.71895,0.35464,0.0016912,0,0
0.99004,0.64036,0.69295,0.0080098,0.25387,0.10854,0.71895,0.35498,0.0016912,0,0
0.99004,0.64036,0.69295,0.007011,0.24332,0.10854,0.71895,0.35458,0.0016912,0,0
0.99204,0.64036,0.69295,0.0080098,0.25704,0.10854,0.71855,0.35458,0.0016912,0,0
0.99004,0.64036,0.69295,0.0080098,0.24438,0.10854,0.71876,0.35458,0.0017647,0,0
0.99204,0.64036,0.69712,0.007011,0.26021,0.10854,0.71895,0.35431,0.0017647,0,0
0.99004,0.64036,0.69295,0.0080098,0.24755,0.10741,0.71917,0.35436,0.0017647,0,0
0.99204,0.64036,0.69295,0.0080098,0.25282,0.10741,0.71895,0.35364,0.0017647,0,0
0.99403,0.64036,0.68877,0.0080098,0.24965,0.10854,0.71895,0.35453,0.0016912,0,0
0.99204,0.64036,0.68877,0.0080098,0.24544,0.10854,0.71895,0.35431,0.0016912,0,0
0.99004,0.64036,0.69295,0.007011,0.25493,0.10854,0.71876,0.35441,0.0016912,0,0
0.99204,0.64036,0.68877,0.0080098,0.24332,0.10854,0.71876,0.35431,0.0016912,0,0
0.99204,0.64036,0.68877,0.007011,0.2581,0.10741,0.71855,0.35441,0.0016912,0,0
0.98804,0.64036,0.68877,0.007011,0.24438,0.10741,0.71876,0.35458,0.0016912,0,0
0.99204,0.64036,0.69295,0.0060025,0.25387,0.10854,0.71876,0.35424,0.0016912,0,0
0.99004,0.63907,0.68877,0.0080098,0.24649,0.10854,0.71876,0.35436,0.0016912,0,0
0.98804,0.64036,0.68877,0.0080098,0.24649,0.10854,0.71895,0.35431,0.0016912,0,0
0.98804,0.63907,0.68877,0.0080098,0.24861,0.10741,0.71855,0.35447,0.0016912,0,0
0.98804,0.63907,0.68877,0.007011,0.24332,0.10741,0.71876,0.35453,0.0016912,0,0
0.98605,0.63907,0.68877,0.007011,0.25493,0.10741,0.71855,0.35447,0.0016912,0,0
0.99004,0.64036,0.68877,0.0080098,0.24227,0.10741,0.71834,0.35414,0.0016912,0,0
0.99204,0.63907,0.68877,0.0080098,0.25915,0.10629,0.71855,0.35414,0.0016912,0,0
0.99204,0.63907,0.69295,0.0080098,0.24438,0.10741,0.71813,0.35408,0.0016912,0,0
0.99004,0.64036,0.69712,0.0060025,0.25493,0.10741,0.71813,0.3538,0.0016912,0,0
0.99204,0.63907,0.69295,0.007011,0.24544,0.10741,0.71813,0.35375,0.0016912,0,0
0.99004,0.63907,0.69295,0.0080098,0.24649,0.10741,0.71813,0.35375,0.0016912,0,0
0.98804,0.63907,0.69295,0.0080098,0.2507,0.10854,0.71792,0.35408,0.0016912,0,0
0.99204,0.63907,0.69295,0.0080098,0.24332,0.10741,0.71813,0.35386,0.0016912,0,0
0.99004,0.64036,0.69295,0.0080098,0.25493,0.10741,0.71834,0.35414,0.0016912,0,0
0.99403,0.64036,0.69295,0.007011,0.24438,0.10741,0.71855,0.35419,0.0016912,0,0
0.98804,0.64036,0.69295,0.0080098,0.25915,0.10741,0.71855,0.35431,0.0016912,0,0
0.99004,0.64036,0.69295,0.007011,0.24544,0.10741,0.71834,0.35453,0.0016912,0,0
0.99004,0.64036,0.68877,0.0080098,0.24649,0.10741,0.71855,0.35414,0.0016912,0,0
0.99204,0.64036,0.69712,0.007011,0.25176,0.10854,0.71855,0.35458,0.0016912,0,0
0.99004,0.64036,0.69295,0.0080098,0.24332,0.10741,0.71813,0.35414,0.0016912,0,0
0.99004,0.64036,0.69295,0.0080098,0.25598,0.10854,0.71834,0.35419,0.0016912,0,0
0.99204,0.64036,0.69295,0.0080098,0.24438,0.10741,0.71855,0.35431,0.0016912,0,0
0.99204,0.64036,0.69295,0.0080098,0.25915,0.10854,0.71876,0.35419,0.0016912,0,0
0.99004,0.63907,0.69295,0.007011,0.24544,0.10854,0.71876,0.35441,0.0016912,0,0
0.99204,0.64036,0.69295,0.007011,0.24649,0.10854,0.71834,0.35386,0.0016912,0,0
0.99204,0.64036,0.69295,0.0080098,0.2507,0.10741,0.71792,0.35419,0.0016912,0,0
0.99004,0.64036,0.69295,0.0080098,0.24227,0.10854,0.71813,0.35402,0.0016912,0,0
0.99601,0.64036,0.69295,0.007011,0.25704,0.10854,0.71813,0.35402,0.0016912,0,0
0.99004,0.64036,0.69295,0.0080098,0.24544,0.10854,0.71834,0.35424,0.0016912,0,0
0.99004,0.64036,0.68877,0.0080098,0.25282,0.10854,0.71834,0.35419,0.0016912,0,0
0.99403,0.64036,0.68877,0.0080098,0.25282,0.10854,0.71834,0.35453,0.0016912,0,0
0.99204,0.63907,0.69295,0.0080098,0.24438,0.10854,0.71855,0.35431,0.0016912,0,0
0.99204,0.63907,0.68877,0.0080098,0.25704,0.10854,0.71813,0.35408,0.0016912,0,0
0.99004,0.63907,0.68877,0.0080098,0.24332,0.10854,0.71792,0.35391,0.0016912,0,0
0.99004,0.64036,0.68877,0.0080098,0.25915,0.10854,0.71813,0.35397,0.0016912,0,0
0.99204,0.63907,0.69295,0.0080098,0.24544,0.10854,0.71792,0.35414,0.0016912,0,0
0.99004,0.64036,0.69295,0.0080098,0.24544,0.10854,0.71834,0.35391,0.0016912,0,0
0.98804,0.64036,0.69295,0.0080098,0.25387,0.10741,0.71792,0.35424,0.0017647,0,0
0.99204,0.64036,0.69712,0.0080098,0.24332,0.10854,0.71813,0.35364,0.0017647,0,0
0.99004,0.64036,0.69712,0.0080098,0.25704,0.10854,0.71813,0.35369,0.0017647,0,0
0.99204,0.64036,0.69712,0.0080098,0.24544,0.10854,0.71792,0.35352,0.0017647,0,0
0.98804,0.64166,0.69712,0.0080098,0.24965,0.10854,0.71813,0.35358,0.0016912,0,0
0.99204,0.64036,0.70129,0.0080098,0.25387,0.10854,0.71792,0.35375,0.0016912,0,0
0.99204,0.64036,0.70129,0.007011,0.24227,0.10854,0.71813,0.3538,0.0016912,0,0
0.99204,0.64036,0.70129,0.0080098,0.25598,0.10854,0.71792,0.35391,0.0016912,0,0
0.99204,0.64036,0.70129,0.0080098,0.24438,0.10854,0.71771,0.35386,0.0016912,0,0
0.99204,0.64036,0.70129,0.0080098,0.25176,0.10741,0.71813,0.35391,0.0016912,0,0
0.99204,0.64036,0.70129,0.007011,0.24649,0.10854,0.71792,0.35386,0.0016912,0,0
0.99204,0.64166,0.69712,0.0080098,0.24332,0.10741,0.71792,0.3538,0.0016912,0,0
0.99204,0.64166,0.70129,0.0080098,0.25493,0.10854,0.71834,0.35419,0.0016912,0,0
0.99204,0.64166,0.69712,0.0080098,0.24332,0.10854,0.71855,0.35424,0.0016912,0,0
0.99204,0.64166,0.69712,0.0080098,0.25598,0.10854,0.71813,0.35402,0.0016912,0,0
0.99204,0.64036,0.69712,0.0080098,0.24755,0.10741,0.71813,0.35419,0.0016912,0,0
0.99403,0.64036,0.70129,0.007011,0.24438,0.10741,0.71834,0.35408,0.0016912,0,0
0.99004,0.64036,0.69712,0.0080098,0.25598,0.10741,0.71813,0.35402,0.0016912,0,0
0.99204,0.64166,0.69712,0.0080098,0.24332,0.10741,0.71834,0.35424,0.0016912,0,0
0.99204,0.64166,0.69295,0.0080098,0.25598,0.10741,0.71792,0.35391,0.0016912,0,0
0.99204,0.64036,0.69295,0.0080098,0.24544,0.10854,0.71813,0.35402,0.0016912,0,0
0.99004,0.64036,0.69295,0.0080098,0.24544,0.10854,0.71792,0.35375,0.0016912,0,0
0.99204,0.64036,0.69295,0.0080098,0.25493,0.10741,0.71792,0.35391,0.0016912,0,0
0.99204,0.64036,0.69712,0.0080098,0.24332,0.10854,0.71813,0.35386,0.0016912,0,0
0.99004,0.64036,0.69712,0.0080098,0.25598,0.10741,0.71834,0.35397,0.0016912,0,0
0.99403,0.64036,0.69712,0.0080098,0.24332,0.10741,0.71792,0.35402,0.0016912,0,0
0.99204,0.64036,0.69295,0.0080098,0.2581,0.10854,0.71792,0.35391,0.0016912,0,0
0.99204,0.64036,0.69712,0.007011,0.24332,0.10854,0.71813,0.35408,0.0016912,0,0
0.99204,0.64166,0.69295,0.0080098,0.25598,0.10741,0.71771,0.35369,0.0016912,0,0
0.99204,0.64036,0.69295,0.0080098,0.25282,0.10854,0.71792,0.35402,0.0016912,0,0
0.99004,0.64166,0.69295,0.0080098,0.24332,0.10741,0.71771,0.35347,0.0016912,0,0
0.99403,0.64036,0.69295,0.007011,0.25387,0.10741,0.71792,0.35386,0.0016912,0,0
0.99204,0.64166,0.69295,0.0080098,0.24227,0.10854,0.71771,0.35352,0.0016912,0,0
0.99403,0.64166,0.69295,0.0080098,0.25704,0.10854,0.71771,0.35358,0.0016912,0,0
0.99204,0.64166,0.69295,0.0080098,0.24544,0.10741,0.71813,0.35391,0.0016912,0,0
0.99601,0.64166,0.69295,0.0080098,0.25387,0.10854,0.71792,0.35369,0.0016912,0,0
0.99403,0.64166,0.69295,0.0080098,0.25493,0.10854,0.71813,0.35414,0.0016912,0,0
0.99204,0.61449,0.69295,0.0080098,0.21483,0.0060349,0.68349,0.34104,0.0016912,0,0
0.99204,0.58215,0.69712,0.007011,0.13333,0.010559,0.60579,0.29003,0.0016912,0,0
0.99004,0.5705,0.69712,0.0060025,0.070586,0.010559,0.5471,0.24598,0.0016912,0,0
0.99403,0.55757,0.69712,0.0060025,0.045095,0.0060349,0.49731,0.21117,0.0016912,0,0
0.99403,0.54592,0.70129,0.0050037,0.03725,0.0060349,0.45563,0.1865,0.0016912,0,0
0.99204,0.53428,0.70129,0.0050037,0.02254,0.010559,0.42079,0.16399,0.0016912,0,0
0.98804,0.52393,0.70129,0.0050037,0.010781,0.010559,0.38875,0.14744,0.0016912,0,0
0.99403,0.51358,0.70129,0.0040049,0.0048932,0.01207,0.36203,0.13195,0.0016912,0,0
0.99004,0.50712,0.70129,0.0030061,0.0039146,0.0090478,0.3364,0.11699,0.0016912,0,0
0.99204,0.49935,0.70129,0.0030061,0.0039146,0.01207,0.31475,0.1058,0.0016912,0,0
0.99403,0.49288,0.70129,0.0030061,0.0039146,0.0090478,0.29295,0.095606,0.0016912,0,0
0.99204,0.48642,0.69712,0.0030061,0.0029359,0.0075458,0.27448,0.087872,0.0016912,0,0
0.99004,0.47995,0.70129,0.0030061,0.0039146,0.0075458,0.25746,0.079394,0.0016912,0,0
0.99403,0.47477,0.69712,0.0019976,0.0029359,0.010559,0.24139,0.073106,0.0016912,0,0
0.99403,0.4696,0.69712,0.0019976,0.0039146,0.010559,0.22664,0.066703,0.0016912,0,0
0.99601,0.46442,0.69712,0.0019976,0.0039146,0.0090478,0.2133,0.06139,0.0016912,0,0
0.99204,0.45796,0.69712,0.0030061,0.0048932,0.0060349,0.2001,0.055857,0.0016912,0,0
0.98804,0.45408,0.69712,0.0030061,0.0039146,0.0060349,0.18725,0.051277,0.0016912,0,0
0.99403,0.4489,0.69712,0.0030061,0.0039146,0.010559,0.17737,0.047064,0.0016912,0,0
0.99601,0.44502,0.69712,0.0030061,0.0039146,0.0075458,0.16612,0.042673,0.0016912,0,0
0.99204,0.43984,0.70129,0.0019976,0.0039146,0.0090478,0.15522,0.039341,0.0016912,0,0
0.99403,0.43467,0.70129,0.0030061,0.0039146,0.0030219,0.14609,0.0354,0.0016912,0,0
0.98804,0.4295,0.70129,0.0019976,0.0039146,0.0045239,0.13653,0.03256,0.0016912,0,0
0.99403,0.42561,0.70129,0.0019976,0.0029359,0.013572,0.12752,0.02885,0.0016912,0,0
0.99004,0.42044,0.70129,0.0019976,0.0039146,0.016594,0.11863,0,0.0016912,0,0
0.99204,0.41527,0.70129,0.0019976,0.0039146,0.0030219,0.11062,0,0.0016912,0,0
0.98804,0.41138,0.70129,0.0019976,0.0039146,0.0045239,0.10276,0,0.0016912,0,0
0.99004,0.40621,0.70129,0.0019976,0.0039146,0.0060349,0.095424,0,0.0016912,0,0
0.99403,0.40103,0.70129,0.0030061,0.0039146,0.0060349,0.087596,0,0.0016912,0,0
0.99403,0.39715,0.70129,0.0030061,0.0039146,0.0045239,0.080406,0,0.0016912,0,0
0.99204,0.39327,0.70129,0.0030061,0.0039146,0.001511,0.073269,0,0.0016912,0,0
0.99204,0.3881,0.70129,0.0019976,0.0039146,0.0075458,0.066361,0,0.0016912,0,0
0.99204,0.38551,0.70129,0.0019976,0.0039146,0.010559,0.059192,0,0.0016912,0,0
0.99004,0.38163,0.70129,0.0019976,0.0029359,0.013572,0.052075,0,0.0016912,0,0
0.99204,0.38034,0.70129,0.0019976,0.0029359,0.01207,0.044969,0,0.0016912,0,0
0.99004,0.37904,0.70129,0.0019976,0.0039146,0.0060349,0.037507,0,0.0016912,0,0
0.99004,0.37775,0.70129,0.0019976,0.0039146,0.001511,0.02969,0,0.0016912,0,0
0.99204,0.37646,0.70129,0.0030061,0.0039146,0.0045239,0,0,0.0016912,0,0
0.99204,0.37646,0.70129,0.0030061,0.0039146,0.0030219,0,0,0.0016912,0,0
0.99204,0.37516,0.70129,0.0030061,0.0039146,0.001511,0,0,0.0016912,0,0
0.99004,0.37516,0.70129,0.0030061,0.0048932,0.001511,0,0,0.0016912,0,0
0.99204,0.37516,0.70129,0.0030061,0.0039146,0.001511,0,0,0.0016912,0,0
0.99204,0.37516,0.70129,0.0030061,0.0039146,0.001511,0,0,0.0016912,0,0
0.99004,0.37516,0.70129,0.0030061,0.0039146,0.001511,0,0,0.0016912,0,0
0.99204,0.37387,0.70129,0.0030061,0.0039146,0.001511,0,0,0.0016912,0,0
0.99204,0.37387,0.70129,0.0019976,0.0039146,0.001511,0,0,0.0016912,0,0
0.99004,0.37257,0.70129,0.0019976,0.0039146,0.001511,0,0,0.0016912,0,0
0.99204,0.37257,0.70129,0.0019976,0.0039146,0.001511,0,0,0.0016912,0,0
0.99204,0.37128,0.70129,0.0019976,0.0039146,0.001511,0,0,0.0016912,0,0
0.99403,0.37128,0.70547,0.0030061,0.0039146,0,0,0,0.0016912,0,0
0.99004,0.36999,0.70129,0.0030061,0.0039146,0.001511,0,0,0.0016912,0,0
0.99004,0.36869,0.70129,0.0030061,0.0039146,0.001511,0,0,0.0016912,0,0
0.99004,0.36869,0.70547,0.0030061,0.0048932,0.001511,0,0,0.0016912,0,0
0.99403,0.3674,0.70547,0.0030061,0.0039146,0.0030219,0,0,0.0016912,0,0
0.99004,0.3674,0.70547,0.0030061,0.0039146,0,0,0,0.0016912,0,0
0.99004,0.36481,0.70547,0.0030061,0.0039146,0.030156,0,0,0.0016912,0,0
0.99204,0.36481,0.70547,0.0019976,0.0039146,0.03468,0,0,0.0016912,0,0
0.99403,0.36352,0.70547,0.0019976,0.0039146,0.042217,0,0,0.0016912,0,0
0.99403,0.36352,0.70547,0.0019976,0.0039146,0.048252,0,0,0.0016912,0,0
0.99004,0.36223,0.70547,0.0019976,0.0029359,0.048252,0,0,0.0016912,0,0
0.99204,0.36093,0.70547,0.0019976,0.0039146,0.066348,0,0,0.0016912,0,0
0.99204,0.35964,0.70547,0.0030061,0.0039146,0.078409,0,0,0.0016912,0,0
0.99004,0.35964,0.70547,0.0030061,0.0039146,0.001511,0,0,0.0016912,0,0
0.99204,0.35834,0.70547,0.0030061,0.0039146,0.001511,0,0,0.0016912,0,0
0.99403,0.35705,0.70547,0.0030061,0.0039146,0.001511,0,0,0.0016912,0,0
0.99204,0.35576,0.70547,0.0030061,0.0039146,0.0030219,0,0,0.0016912,0,0
0.98804,0.35446,0.70547,0.0019976,0.0039146,0.016594,0,0,0.0016912,0,0
0.99204,0.35317,0.70547,0.0019976,0.0039146,0.03468,0,0,0.0016912,0,0
0.99403,0.35188,0.70547,0.0019976,0.0039146,0.051265,0,0,0.0016912,0,0
0.99204,0.35188,0.70547,0.0030061,0.0039146,0.067859,0,0,0.0016912,0,0
0.99204,0.35058,0.70547,0.0030061,0.0039146,0.082932,0,0,0.0016912,0,0
0.99004,0.34929,0.70547,0.0030061,0.0039146,0.099517,0,0,0.0016912,0,0
0.99204,0.34799,0.70547,0.0030061,0.0039146,0.11079,0,0,0.0016912,0,0
0.99204,0.34799,0.70547,0.0030061,0.0039146,0.12092,0,0,0.0016912,0,0
0.99004,0.3467,0.70547,0.0030061,0.0048932,0.13105,0,0,0.0016912,0,0
0.99204,0.34541,0.70547,0.0030061,0.0039146,0.14005,0,0,0.0016912,0,0
0.99204,0.34411,0.70547,0.0019976,0.0039146,0.14906,0,0,0.0016912,0,0
0.99204,0.34411,0.70547,0.0030061,0.0039146,0.15693,0,0,0.0016912,0,0
0.99204,0.34282,0.70547,0.0019976,0.0039146,0.16481,0,0,0.0016912,0,0
0.99004,0.34153,0.70547,0.0019976,0.0039146,0.17269,0,0,0.0016912,0,0
0.99004,0.34153,0.70547,0.0019976,0.0039146,0.18057,0,0,0.0016912,0,0
0.99204,0.34023,0.70547,0.0019976,0.0039146,0.18732,0,0,0.0016912,0,0
0.99204,0.33894,0.70547,0.0030061,0.0039146,0.19407,0,0,0.0016912,0,0
0.99403,0.33765,0.70547,0.0030061,0.0039146,0.1997,0,0,0.0016912,0,0
0.99204,0.33765,0.70547,0.0030061,0.0039146,0.20646,0,0,0.0016912,0,0
0.99004,0.33635,0.70547,0.0019976,0.0039146,0.21209,0,0,0.0016912,0,0
0.99204,0.33506,0.70547,0.0030061,0.0048932,0.21771,0,0,0.0016912,0,0
0.99204,0.33506,0.70547,0.0030061,0.0039146,0.22333,0,0,0.0016912,0,0
0.99204,0.33376,0.70547,0.0030061,0.0039146,0.22784,0,0,0.0016912,0,0
0.99204,0.33247,0.70547,0.0019976,0.0039146,0.23235,0,0,0.0016912,0,0
0.99204,0.33118,0.70547,0.0019976,0.0039146,0.23684,0,0,0.0016912,0,0
0.99204,0.33118,0.70547,0.0030061,0.0029359,0.24135,0,0,0.0016912,0,0
0.99004,0.32988,0.70547,0.0030061,0.0029359,0.24472,0,0,0.0016912,0,0
0.99204,0.32988,0.70547,0.0019976,0.0039146,0.2481,0,0,0.0016912,0,0
0.99403,0.3273,0.70547,0.0030061,0.0039146,0.25148,0,0,0.0016912,0,0
0.99403,0.3273,0.70547,0.0030061,0.0039146,0.25485,0,0,0.0016912,0,0
0.99004,0.326,0.70547,0.0019976,0.0039146,0.25823,0,0,0.0016912,0,0
0.99204,0.32471,0.70547,0.0030061,0.0039146,0.26161,0,0,0.0016912,0,0
0.99403,0.32471,0.70964,0.0030061,0.0039146,0.26385,0,0,0.0016912,0,0
0.99204,0.32342,0.70547,0.0030061,0.0039146,0.26723,0,0,0.0016912,0,0
0.99403,0.32342,0.70547,0.0030061,0.0039146,0.26949,0,0,0.0016912,0,0
0.99004,0.32212,0.70964,0.0030061,0.0039146,0.27174,0,0,0.0016912,0,0
0.99204,0.32083,0.70547,0.0019976,0.0029359,0.27398,0,0,0.0016912,0,0
0.99204,0.32083,0.70547,0.0030061,0.0039146,0.27624,0,0,0.0016912,0,0
0.99004,0.31953,0.70547,0.0030061,0.0029359,0.27849,0,0,0.0016912,0,0
0.99204,0.31824,0.70964,0.0019976,0.0039146,0.27962,0,0,0.0016912,0,0
0.99204,0.31695,0.70964,0.0030061,0.0039146,0.28187,0,0,0.0016912,0,0
0.99204,0.31695,0.70964,0.0019976,0.0039146,0.28299,0,0,0.0016912,0,0
0.99004,0.31565,0.70964,0.0019976,0.0039146,0.28524,0,0,0.0016912,0,0
0.99004,0.31436,0.70964,0.0030061,0.0039146,0.28637,0,0,0.0016912,0,0
0.99601,0.31436,0.70547,0.0030061,0.0039146,0.28749,0,0,0.0016912,0,0
0.99204,0.31307,0.70547,0.0030061,0.0039146,0.28862,0,0,0.0016912,0,0
0.99204,0.31177,0.70964,0.0030061,0.0039146,0.28975,0,0,0.0016912,0,0
0.99204,0.31177,0.70547,0.0019976,0.0039146,0.29087,0,0,0.0016912,0,0
0.99004,0.31048,0.70547,0.0030061,0.0039146,0.292,0,0,0.0016912,0,0
0.99204,0.30918,0.70964,0.0019976,0.0039146,0.292,0,0,0.0016912,0,0
0.99004,0.30918,0.70547,0.0030061,0.0039146,0.29312,0,0,0.0016912,0,0
0.99004,0.30789,0.70964,0.0030061,0.0039146,0.29424,0,0,0.0016912,0,0
0.99403,0.3066,0.70547,0.0019976,0.0039146,0.29424,0,0,0.0016912,0,0
0.99004,0.3066,0.70547,0.0019976,0.0039146,0.29537,0,0,0.0016912,0,0
0.99403,0.3053,0.70964,0.0030061,0.0039146,0.29537,0,0,0.0016912,0,0
0.99403,0.30401,0.70964,0.0030061,0.0039146,0.29537,0,0,0.0016912,0,0
0.99204,0.30272,0.70964,0.0030061,0.0039146,0.2965,0,0,0.0016912,0,0
0.99204,0.30272,0.70964,0.0030061,0.0039146,0.2965,0,0,0.0016912,0,0
0.99204,0.30142,0.70964,0.0030061,0.0039146,0.2965,0,0,0.0016912,0,0
0.99204,0.30142,0.70964,0.0019976,0.0029359,0.2965,0,0,0.0016912,0,0
0.99204,0.30013,0.70964,0.0019976,0.0029359,0.2965,0,0,0.0016912,0,0
0.99204,0.29884,0.70964,0.0019976,0.0039146,0.2965,0,0,0.0016912,0,0
0.99204,0.29884,0.70547,0.0019976,0.0039146,0.29762,0,0,0.0016912,0,0
0.99204,0.29754,0.70964,0.0030061,0.0039146,0.2965,0,0,0.0016912,0,0
0.99004,0.29754,0.70964,0.0019976,0.0039146,0.2965,0,0,0.0016912,0,0
0.99204,0.29625,0.70964,0.0030061,0.0048932,0.2965,0,0,0.0016912,0,0
0.99204,0.29495,0.70964,0.0030061,0.0039146,0.2965,0,0,0.0016912,0,0
0.99403,0.29495,0.70964,0.0030061,0.0039146,0.2965,0,0,0.0016912,0,0
0.99403,0.29366,0.70964,0.0030061,0.0039146,0.29537,0,0,0.0016912,0,0
0.99204,0.29237,0.70964,0.0030061,0.0039146,0.29537,0,0,0.0016912,0,0
0.99403,0.29237,0.70964,0.0030061,0.0039146,0.29537,0,0,0.0016912,0,0
0.99204,0.29107,0.70964,0.0019976,0.0039146,0.29424,0,0,0.0016912,0,0
0.99204,0.29107,0.70964,0.0019976,0.0039146,0.29424,0,0,0.0016912,0,0
0.99004,0.28978,0.70964,0.0019976,0.0039146,0.29424,0,0,0.0016912,0,0
0.99204,0.28978,0.70964,0.0030061,0.0039146,0.29312,0,0,0.0016912,0,0
0.99004,0.28849,0.70964,0.0019976,0.0039146,0.29312,0,0,0.0016912,0,0
0.99204,0.28719,0.70964,0.0030061,0.0039146,0.29312,0,0,0.0016912,0,0
0.99004,0.28719,0.70964,0.0030061,0.0039146,0.292,0,0,0.0016912,0,0
0.99204,0.2859,0.70964,0.0030061,0.0039146,0.292,0,0,0.0016912,0,0
0.99403,0.2859,0.70964,0.0030061,0.0039146,0.29087,0,0,0.0016912,0,0
0.99204,0.28461,0.70964,0.0019976,0.0039146,0.29087,0,0,0.0016912,0,0
0.99403,0.28331,0.70964,0.0019976,0.0039146,0.28975,0,0,0.0016912,0,0
0.99204,0.28331,0.70964,0.0030061,0.0039146,0.28975,0,0,0.0016912,0,0
0.99204,0.28202,0.70964,0.0019976,0.0029359,0.28862,0,0,0.0016912,0,0
0.98804,0.28202,0.70964,0.0030061,0.0039146,0.28749,0,0,0.0016912,0,0
0.99204,0.28202,0.70964,0.0019976,0.0039146,0.28749,0,0,0.0016912,0,0
0.99204,0.28072,0.70964,0.0030061,0.0039146,0.28749,0,0,0.0016912,0,0
0.99204,0.27943,0.70964,0.0030061,0.0039146,0.28637,0,0,0.0016912,0,0
0.99004,0.27943,0.70964,0.0030061,0.0039146,0.28524,0,0,0.0016912,0,0
0.99403,0.27814,0.70964,0.0030061,0.0039146,0.28524,0,0,0.0016912,0,0
0.99204,0.27814,0.70964,0.0030061,0.0039146,0.28411,0,0,0.0016912,0,0
0.99204,0.27684,0.70964,0.0030061,0.0039146,0.28299,0,0,0.0016912,0,0
0.99004,0.27684,0.70964,0.0030061,0.0039146,0.28299,0,0,0.0016912,0,0
0.99204,0.27555,0.70964,0.0019976,0.0039146,0.28187,0,0,0.0016912,0,0
0.99204,0.27555,0.70964,0.0019976,0.0039146,0.28074,0,0,0.0016912,0,0
0.99004,0.27426,0.70964,0.0019976,0.0029359,0.28074,0,0,0.0016912,0,0
0.99004,0.27296,0.70964,0.0030061,0.0039146,0.27962,0,0,0.0016912,0,0
0.99204,0.27296,0.70964,0.0030061,0.0039146,0.27849,0,0,0.0016912,0,0
0.99004,0.27167,0.70964,0.0030061,0.0039146,0.27849,0,0,0.0016912,0,0
0.99204,0.27167,0.70964,0.0030061,0.0039146,0.27736,0,0,0.0016912,0,0
0.99403,0.27038,0.70964,0.0030061,0.0039146,0.27624,0,0,0.0016912,0,0
0.99004,0.26908,0.70964,0.0030061,0.0039146,0.27511,0,0,0.0016912,0,0
0.99204,0.26908,0.70964,0.0019976,0.0039146,0.27398,0,0,0.0016912,0,0
0.99204,0.26779,0.70964,0.0030061,0.0039146,0.27398,0,0,0.0016912,0,0
0.99204,0.26779,0.70964,0.0019976,0.0039146,0.27287,0,0,0.0016912,0,0
0.99403,0.26649,0.70964,0.0019976,0.0039146,0.27174,0,0,0.0016912,0,0
0.99403,0.2652,0.70964,0.0019976,0.0039146,0.27061,0,0,0.0016912,0,0
0.99403,0.2652,0.70964,0.0019976,0.0039146,0.27061,0,0,0.0016912,0,0
0.99204,0.26391,0.70964,0.0030061,0.0039146,0.26949,0,0,0.0016912,0,0
0.98804,0.26391,0.70964,0.0030061,0.0039146,0.26836,0,0,0.0016912,0,0
0.99204,0.26261,0.70964,0.0030061,0.0039146,0.26723,0,0,0.0016912,0,0
0.98804,0.26132,0.70964,0.0030061,0.0039146,0.26611,0,0,0.0016912,0,0
